model,patient_id,frame_index,cohort,dice,iou,hd95,assd,relative_area_error,pred_area,gt_area,status,temporal_dice,absent_transition_rate,track_break_rate,mask_dropout_rate
standard,P000,0,excluded,0.5900552486187846,0.41849529780564265,8.824191460594665,3.034138056205175,0.6005747126436781,557,348,ok,0.9621772086179419,0.0,0.0,0.0
standard,P000,1,excluded,0.5756613756613757,0.40416047548291234,8.154234499766936,3.061980005564683,0.7712609970674487,604,341,ok,0.9621772086179419,0.0,0.0,0.0
standard,P000,2,excluded,0.592814371257485,0.42127659574468085,7.810249675906654,3.1860482158833223,0.7228260869565217,634,368,ok,0.9621772086179419,0.0,0.0,0.0
standard,P000,3,excluded,0.574761399787911,0.40327380952380953,10.0,3.539180704763461,0.7020057306590258,594,349,ok,0.9621772086179419,0.0,0.0,0.0
standard,P000,4,excluded,0.5628140703517588,0.3916083916083916,9.273153625983817,3.60212992551912,0.8347578347578347,644,351,ok,0.9621772086179419,0.0,0.0,0.0
standard,P000,5,excluded,0.5532338308457712,0.38239339752407153,8.94427190999916,3.57797767892156,0.8470254957507082,652,353,ok,0.9621772086179419,0.0,0.0,0.0
standard,P000,6,excluded,0.5555555555555556,0.38461538461538464,8.6536172634861,3.5515726928440086,0.847457627118644,654,354,ok,0.9621772086179419,0.0,0.0,0.0
standard,P000,7,excluded,0.5338276181649676,0.3640960809102402,9.812655319667,3.788313494880492,0.9400544959128065,712,367,ok,0.9621772086179419,0.0,0.0,0.0
standard,P000,8,excluded,0.5730994152046783,0.4016393442622951,8.22781590094164,3.3745136763830756,0.7956403269754768,659,367,ok,0.9621772086179419,0.0,0.0,0.0
standard,P000,9,excluded,0.5937813440320963,0.4222539229671897,7.0710678118654755,2.958132068875599,0.739010989010989,633,364,ok,0.9621772086179419,0.0,0.0,0.0
standard,P000,10,excluded,0.6,0.42857142857142855,6.4031242374328485,2.691221694994222,0.7624309392265194,638,362,ok,0.9621772086179419,0.0,0.0,0.0
standard,P000,11,excluded,0.6041461006910168,0.4328147100424328,5.830951894845301,2.5478342568908485,0.782967032967033,649,364,ok,0.9621772086179419,0.0,0.0,0.0
standard,P000,12,excluded,0.5902912621359223,0.418732782369146,6.81033255612458,2.663639858064639,0.7540106951871658,656,374,ok,0.9621772086179419,0.0,0.0,0.0
standard,P000,13,excluded,0.608534322820037,0.43733333333333335,6.0,2.497135983888042,0.8219895287958116,696,382,ok,0.9621772086179419,0.0,0.0,0.0
standard,P000,14,excluded,0.6009302325581395,0.4295212765957447,5.656854249492381,2.5374800379205373,0.8067885117493473,692,383,ok,0.9621772086179419,0.0,0.0,0.0
standard,P000,15,excluded,0.5981132075471698,0.4266487213997308,5.830951894845301,2.576667922727699,0.8116710875331565,683,377,ok,0.9621772086179419,0.0,0.0,0.0
standard,P000,16,excluded,0.6079545454545454,0.43673469387755104,5.983095189484526,2.542415209251891,0.7716535433070866,675,381,ok,0.9621772086179419,0.0,0.0,0.0
standard,P000,17,excluded,0.5923217550274223,0.42077922077922075,6.324555320336759,2.700035196973179,0.8638743455497382,712,382,ok,0.9621772086179419,0.0,0.0,0.0
standard,P000,18,excluded,0.5656934306569343,0.3944020356234097,6.4031242374328485,2.8243450739419007,0.8994708994708994,718,378,ok,0.9621772086179419,0.0,0.0,0.0
standard,P000,19,excluded,0.5461323392357875,0.37564102564102564,7.0710678118654755,2.912454624447934,0.7654639175257731,685,388,ok,0.9621772086179419,0.0,0.0,0.0
standard,P000,20,excluded,0.5898876404494382,0.41832669322709165,6.324555320336759,2.6615909606656767,0.7525773195876289,680,388,ok,0.9621772086179419,0.0,0.0,0.0
standard,P000,21,excluded,0.5853658536585366,0.41379310344827586,6.324555320336759,2.698367216375247,0.7688311688311689,681,385,ok,0.9621772086179419,0.0,0.0,0.0
standard,P000,22,excluded,0.5470417070805044,0.376502002670227,6.83951216287465,2.871903653311199,0.8169398907103825,665,366,ok,0.9621772086179419,0.0,0.0,0.0
standard,P000,23,excluded,0.5693563009972802,0.3979721166032953,7.0710678118654755,2.9423518288724004,0.8282051282051283,713,390,ok,0.9621772086179419,0.0,0.0,0.0
standard,P000,24,excluded,0.5837145471180238,0.41214470284237725,6.4031242374328485,2.919386789186061,0.8025641025641026,703,390,ok,0.9621772086179419,0.0,0.0,0.0
standard,P000,25,excluded,0.5813282001924928,0.4097693351424695,6.324555320336759,2.713566401579796,0.741424802110818,660,379,ok,0.9621772086179419,0.0,0.0,0.0
standard,P000,26,excluded,0.6181455633100698,0.44733044733044736,5.656854249492381,2.504347105077373,0.6256544502617801,621,382,ok,0.9621772086179419,0.0,0.0,0.0
standard,P000,27,excluded,0.6566037735849056,0.4887640449438202,5.385164807134504,2.3766190000467105,0.6903553299492385,666,394,ok,0.9621772086179419,0.0,0.0,0.0
standard,P000,28,excluded,0.6794258373205742,0.5144927536231884,5.0,2.216244152830537,0.6059850374064838,644,401,ok,0.9621772086179419,0.0,0.0,0.0
standard,P000,29,excluded,0.6795224977043158,0.5146036161335188,5.0,2.281053511893011,0.5990453460620525,670,419,ok,0.9621772086179419,0.0,0.0,0.0
standard,P000,30,excluded,0.6904109589041096,0.5271966527196653,5.0,2.2247952828764,0.5584112149532711,667,428,ok,0.9621772086179419,0.0,0.0,0.0
standard,P000,31,excluded,0.699724517906336,0.538135593220339,4.242640687119285,2.2009708228770855,0.5384615384615384,660,429,ok,0.9621772086179419,0.0,0.0,0.0
standard,P000,32,excluded,0.6995433789954338,0.5379213483146067,5.0,2.2143876239587184,0.5230414746543779,661,434,ok,0.9621772086179419,0.0,0.0,0.0
standard,P000,33,excluded,0.6919602529358627,0.5290055248618785,5.0,2.2895991230017385,0.5159090909090909,667,440,ok,0.9621772086179419,0.0,0.0,0.0
standard,P000,34,excluded,0.6765734265734266,0.5112285336856011,5.385164807134504,2.4909734623089603,0.6118721461187214,706,438,ok,0.9621772086179419,0.0,0.0,0.0
standard,P000,35,excluded,0.6610169491525424,0.4936708860759494,5.656854249492381,2.741181895816181,0.639821029082774,733,447,ok,0.9621772086179419,0.0,0.0,0.0
standard,P000,36,excluded,0.6467165419783873,0.47788697788697787,5.830951894845301,2.887545228353807,0.6497797356828194,749,454,ok,0.9621772086179419,0.0,0.0,0.0
standard,P000,37,excluded,0.6386831275720165,0.46916565900846435,6.324555320336759,3.0404177290496217,0.6298701298701299,753,462,ok,0.9621772086179419,0.0,0.0,0.0
standard,P000,38,excluded,0.6405867970660146,0.4712230215827338,6.0,3.0638365562541896,0.5995762711864406,755,472,ok,0.9621772086179419,0.0,0.0,0.0
standard,P000,39,excluded,0.645324347093513,0.4763681592039801,6.706777147914241,3.041266641124533,0.4677754677754678,706,481,ok,0.9621772086179419,0.0,0.0,0.0
standard,P000,40,excluded,0.6557093425605537,0.4877734877734878,7.447941497572213,2.899896873411242,0.36400817995910023,667,489,ok,0.9621772086179419,0.0,0.0,0.0
standard,P000,41,excluded,0.6586620926243568,0.49104859335038364,7.175588850572996,2.8595970458270537,0.35080645161290325,670,496,ok,0.9621772086179419,0.0,0.0,0.0
standard,P000,42,excluded,0.6531332744924978,0.4849279161205767,9.40664642354146,3.018569633627124,0.25697211155378485,631,502,ok,0.9621772086179419,0.0,0.0,0.0
standard,P000,43,excluded,0.6369313113291704,0.46727748691099474,11.661903789690601,3.3297449857212063,0.1980392156862745,611,510,ok,0.9621772086179419,0.0,0.0,0.0
standard,P000,44,excluded,0.6156648451730419,0.44473684210526315,12.303578156856096,3.5694641975814285,0.14035087719298245,585,513,ok,0.9621772086179419,0.0,0.0,0.0
standard,P000,45,excluded,0.6152450090744102,0.4442988204456094,12.303578156856096,3.563429626910894,0.13152804642166344,585,517,ok,0.9621772086179419,0.0,0.0,0.0
standard,P000,46,excluded,0.6290322580645161,0.4588235294117647,12.606230194781201,3.4838806248652583,0.09774436090225563,584,532,ok,0.9621772086179419,0.0,0.0,0.0
standard,P000,47,excluded,0.6285714285714286,0.4583333333333333,13.057304963134975,3.5008701100575594,0.08955223880597014,584,536,ok,0.9621772086179419,0.0,0.0,0.0
standard,P000,48,excluded,0.6283185840707964,0.45806451612903226,12.580808158568013,3.485649013310558,0.08872458410351201,589,541,ok,0.9621772086179419,0.0,0.0,0.0
standard,P000,49,excluded,0.6190045248868778,0.44823066841415465,13.453420393746077,3.534608564163676,0.016423357664233577,557,548,ok,0.9621772086179419,0.0,0.0,0.0
standard,P000,50,excluded,0.6137377341659233,0.44272844272844275,14.013672915094455,3.7242642723338917,0.04189435336976321,572,549,ok,0.9621772086179419,0.0,0.0,0.0
standard,P000,51,excluded,0.580875781948168,0.4093198992443325,15.264337522473747,4.096583298308361,0.0017889087656529517,560,559,ok,0.9621772086179419,0.0,0.0,0.0
standard,P000,52,excluded,0.5908683974932856,0.4193138500635324,15.419592850483651,3.983129721920428,0.03345070422535211,549,568,ok,0.9621772086179419,0.0,0.0,0.0
standard,P000,53,excluded,0.5941499085923218,0.4226267880364109,15.999264618295006,4.001048849889304,0.06713780918727916,528,566,ok,0.9621772086179419,0.0,0.0,0.0
standard,P000,54,excluded,0.5978260869565217,0.4263565891472868,16.276702680239897,4.037972438624313,0.08,529,575,ok,0.9621772086179419,0.0,0.0,0.0
standard,P000,55,excluded,0.5382488479262673,0.3682219419924338,19.059946215305224,5.0410430553991015,0.08641975308641975,518,567,ok,0.9621772086179419,0.0,0.0,0.0
standard,P000,56,excluded,0.5308755760368664,0.3613550815558344,18.867962264113206,5.048997831175571,0.0659536541889483,524,561,ok,0.9621772086179419,0.0,0.0,0.0
standard,P000,57,excluded,0.5216622458001768,0.35287081339712917,18.867962264113206,5.219670561883024,0.012302284710017574,562,569,ok,0.9621772086179419,0.0,0.0,0.0
standard,P000,58,excluded,0.5180505415162455,0.34957369062119364,20.012422836565833,5.340483612280009,0.0595446584938704,537,571,ok,0.9621772086179419,0.0,0.0,0.0
standard,P000,59,excluded,0.5526770293609672,0.3818615751789976,18.369807202759805,4.824634077750851,0.07641196013289037,556,602,ok,0.9621772086179419,0.0,0.0,0.0
standard,P000,60,excluded,0.5613733905579399,0.3902147971360382,17.01175454637056,4.52690182961528,0.08702791461412152,556,609,ok,0.9621772086179419,0.0,0.0,0.0
standard,P000,61,excluded,0.5140845070422535,0.3459715639810427,20.634840519947947,5.509608021523585,0.11608623548922056,533,603,ok,0.9621772086179419,0.0,0.0,0.0
standard,P000,62,excluded,0.5688671556642216,0.39749430523917995,15.56276420267497,4.344811756506602,0.027331189710610933,605,622,ok,0.9621772086179419,0.0,0.0,0.0
standard,P000,63,excluded,0.535064935064935,0.36524822695035464,18.43094202402544,4.987775949255129,0.075,555,600,ok,0.9621772086179419,0.0,0.0,0.0
standard,P000,64,excluded,0.5363790186125211,0.36647398843930634,17.867531318689952,5.010779979296331,0.06862745098039216,570,612,ok,0.9621772086179419,0.0,0.0,0.0
standard,P000,65,excluded,0.5978878960194963,0.4264194669756663,13.057304963134975,3.8382301930278735,0.0016260162601626016,616,615,ok,0.9621772086179419,0.0,0.0,0.0
standard,P000,66,excluded,0.5928286852589641,0.42129105322763305,12.045211367307068,3.7990865940335454,0.05065359477124183,643,612,ok,0.9621772086179419,0.0,0.0,0.0
standard,P000,67,excluded,0.6050695012264923,0.43376318874560377,12.565708052501224,3.820924793954822,0.06239460370994941,630,593,ok,0.9621772086179419,0.0,0.0,0.0
standard,P000,68,excluded,0.6058158319870759,0.43453070683661643,11.670463013896406,3.7802120980231977,0.14558058925476602,661,577,ok,0.9621772086179419,0.0,0.0,0.0
standard,P000,69,excluded,0.6199021207177814,0.4491725768321513,10.588816906321853,3.5483691306456286,0.17375886524822695,662,564,ok,0.9621772086179419,0.0,0.0,0.0
standard,P000,70,excluded,0.5840266222961731,0.41245593419506466,12.877188724235724,4.059522827330323,0.2136279926335175,659,543,ok,0.9621772086179419,0.0,0.0,0.0
standard,P000,71,excluded,0.6370250606305577,0.46737841043890865,9.168963936313178,3.3262070020286565,0.30353817504655495,700,537,ok,0.9621772086179419,0.0,0.0,0.0
standard,P000,72,excluded,0.656025538707103,0.48812351543942994,8.08065309859222,3.0784314308040175,0.30330882352941174,709,544,ok,0.9621772086179419,0.0,0.0,0.0
standard,P000,73,excluded,0.6784565916398714,0.51338199513382,7.347242532597193,2.88045652843913,0.28256880733944956,699,545,ok,0.9621772086179419,0.0,0.0,0.0
standard,P000,74,excluded,0.6639741518578353,0.4969770253929867,7.280109889280518,3.0225881277481452,0.30970149253731344,702,536,ok,0.9621772086179419,0.0,0.0,0.0
standard,P000,75,excluded,0.6511266511266511,0.4827188940092166,8.320659374755873,3.248865637499454,0.3442622950819672,738,549,ok,0.9621772086179419,0.0,0.0,0.0
standard,P000,76,excluded,0.6451116243264049,0.47613636363636364,8.06225774829855,3.3640126974058937,0.3704379562043796,751,548,ok,0.9621772086179419,0.0,0.0,0.0
standard,P000,77,excluded,0.6503442999234889,0.481859410430839,7.772042730716017,3.338046586981129,0.35071942446043164,751,556,ok,0.9621772086179419,0.0,0.0,0.0
standard,P000,78,excluded,0.6449659348978047,0.4759776536312849,7.7943669628377545,3.422392552276125,0.37589928057553956,765,556,ok,0.9621772086179419,0.0,0.0,0.0
standard,P000,79,excluded,0.6425939572586588,0.4733984799131379,8.015564437074637,3.5190254980514935,0.4232142857142857,797,560,ok,0.9621772086179419,0.0,0.0,0.0
standard,P000,80,excluded,0.6408193123628383,0.4714747039827772,8.94427190999916,3.5659913183632987,0.44543828264758495,808,559,ok,0.9621772086179419,0.0,0.0,0.0
standard,P000,81,excluded,0.6308139534883721,0.4607218683651805,9.316040960936556,3.7200337570163096,0.4483985765124555,814,562,ok,0.9621772086179419,0.0,0.0,0.0
standard,P000,82,excluded,0.5969924812030075,0.4255091103965702,10.0,3.949575663712878,0.46296296296296297,790,540,ok,0.9621772086179419,0.0,0.0,0.0
standard,P000,83,excluded,0.6021021021021021,0.43071965628356607,10.0,3.887943943728497,0.4666666666666667,792,540,ok,0.9621772086179419,0.0,0.0,0.0
standard,P000,84,excluded,0.6130434782608696,0.44200626959247646,10.0,3.8844768452015033,0.4731182795698925,822,558,ok,0.9621772086179419,0.0,0.0,0.0
standard,P000,85,excluded,0.6019417475728155,0.4305555555555556,10.63014581273465,3.928308154354178,0.46139705882352944,795,544,ok,0.9621772086179419,0.0,0.0,0.0
standard,P000,86,excluded,0.6072186836518046,0.43597560975609756,11.079949017461697,4.03257015712155,0.5277280858676208,854,559,ok,0.9621772086179419,0.0,0.0,0.0
standard,P000,87,excluded,0.6167960479887086,0.4459183673469388,11.27997635107054,3.9644970194673803,0.5303571428571429,857,560,ok,0.9621772086179419,0.0,0.0,0.0
standard,P000,88,excluded,0.6082036775106082,0.4369918699186992,11.661903789690601,4.0088413714980495,0.5204991087344029,853,561,ok,0.9621772086179419,0.0,0.0,0.0
standard,P000,89,excluded,0.6122159090909091,0.44114636642784033,11.946671881516872,3.9695460103299283,0.5323741007194245,852,556,ok,0.9621772086179419,0.0,0.0,0.0
standard,P000,90,excluded,0.5927007299270073,0.4211618257261411,12.418234558004894,4.016008456071658,0.5607476635514018,835,535,ok,0.9621772086179419,0.0,0.0,0.0
standard,P000,91,excluded,0.5821529745042493,0.41058941058941056,13.284106795891025,4.212435977736972,0.5214285714285715,852,560,ok,0.9621772086179419,0.0,0.0,0.0
standard,P000,92,excluded,0.5867418899858956,0.4151696606786427,13.284106795891025,4.193281773397325,0.5053003533568905,852,566,ok,0.9621772086179419,0.0,0.0,0.0
standard,P000,93,excluded,0.5817655571635311,0.41020408163265304,13.321907101350378,4.1176305367481465,0.5592592592592592,842,540,ok,0.9621772086179419,0.0,0.0,0.0
standard,P000,94,excluded,0.5771428571428572,0.40562248995983935,13.892443989449804,4.1939297656643015,0.5735294117647058,856,544,ok,0.9621772086179419,0.0,0.0,0.0
standard,P000,95,excluded,0.5710165825522711,0.39959636730575177,14.390889890282075,4.218557015804088,0.5637707948243993,846,541,ok,0.9621772086179419,0.0,0.0,0.0
standard,P000,96,excluded,0.5798561151079137,0.4083080040526849,13.416407864998739,4.182381499773755,0.5,834,556,ok,0.9621772086179419,0.0,0.0,0.0
standard,P000,97,excluded,0.5836972343522562,0.41212744090441933,13.564457979988106,4.140239106025049,0.48014440433212996,820,554,ok,0.9621772086179419,0.0,0.0,0.0
standard,P000,98,excluded,0.5974025974025974,0.42592592592592593,12.96124969497314,4.0529313379843765,0.4444444444444444,819,567,ok,0.9621772086179419,0.0,0.0,0.0
standard,P000,99,excluded,0.6194563662374821,0.44870466321243524,12.529964086141668,3.9032269027927917,0.40619621342512907,817,581,ok,0.9621772086179419,0.0,0.0,0.0
standard,P000,100,excluded,0.6357894736842106,0.4660493827160494,12.019874646008962,3.7796176165685917,0.42346938775510207,837,588,ok,0.9621772086179419,0.0,0.0,0.0
standard,P000,101,excluded,0.6391608391608392,0.4696813977389517,11.583858928080831,3.8104196914576565,0.4074074074074074,836,594,ok,0.9621772086179419,0.0,0.0,0.0
standard,P000,102,excluded,0.6465339739190117,0.4776876267748479,10.69912469327669,3.7202504452080674,0.4323873121869783,858,599,ok,0.9621772086179419,0.0,0.0,0.0
standard,P000,103,excluded,0.660427807486631,0.4930139720558882,9.889367509648554,3.665765387752841,0.42857142857142855,880,616,ok,0.9621772086179419,0.0,0.0,0.0
standard,P000,104,excluded,0.6793442622950819,0.5143992055610725,9.46833483354815,3.466350841253169,0.3606811145510836,879,646,ok,0.9621772086179419,0.0,0.0,0.0
standard,P000,105,excluded,0.676147382029735,0.5107421875,9.337484628412934,3.5779193539648024,0.3726993865030675,895,652,ok,0.9621772086179419,0.0,0.0,0.0
standard,P000,106,excluded,0.6746031746031746,0.5089820359281437,9.486832980505138,3.519490317511096,0.3514774494556765,869,643,ok,0.9621772086179419,0.0,0.0,0.0
standard,P000,107,excluded,0.6768414067684141,0.5115346038114343,9.486832980505138,3.464532168410138,0.3620689655172414,869,638,ok,0.9621772086179419,0.0,0.0,0.0
standard,P000,108,excluded,0.6698176907494936,0.5035532994923858,9.871196418755654,3.531693796464202,0.37720706260032105,858,623,ok,0.9621772086179419,0.0,0.0,0.0
standard,P000,109,excluded,0.6580557443915703,0.49037487335359675,9.984885780179606,3.5788835512342345,0.43140495867768597,866,605,ok,0.9621772086179419,0.0,0.0,0.0
standard,P000,110,excluded,0.6584022038567493,0.49075975359342916,10.290750585296928,3.530759866115361,0.448566610455312,859,593,ok,0.9621772086179419,0.0,0.0,0.0
standard,P000,111,excluded,0.6567567567567567,0.48893360160965793,10.456807664178477,3.581672436782287,0.46256239600665555,879,601,ok,0.9621772086179419,0.0,0.0,0.0
standard,P000,112,excluded,0.6475924633635729,0.478844169246646,10.489809974714312,3.5380304417180946,0.4878472222222222,857,576,ok,0.9621772086179419,0.0,0.0,0.0
standard,P000,113,excluded,0.640973630831643,0.4716417910447761,11.661903789690601,3.6108383684933827,0.465,879,600,ok,0.9621772086179419,0.0,0.0,0.0
standard,P000,114,excluded,0.6259234385493619,0.4555229716520039,12.080973403854458,3.750052439636357,0.46115702479338844,884,605,ok,0.9621772086179419,0.0,0.0,0.0
standard,P000,115,excluded,0.6039603960396039,0.4326241134751773,12.150083690476626,3.8151320492570107,0.5340501792114696,856,558,ok,0.9621772086179419,0.0,0.0,0.0
standard,P000,116,excluded,0.6042553191489362,0.4329268292682927,12.649110640673518,3.774343440664656,0.5314183123877917,853,557,ok,0.9621772086179419,0.0,0.0,0.0
standard,P000,117,excluded,0.6146408839779005,0.4436689930209372,13.0,3.7940036870505622,0.5403508771929825,878,570,ok,0.9621772086179419,0.0,0.0,0.0
standard,P000,118,excluded,0.59,0.41843971631205673,13.416407864998739,3.949958455574783,0.5500910746812386,851,549,ok,0.9621772086179419,0.0,0.0,0.0
standard,P000,119,excluded,0.5831533477321814,0.4115853658536585,13.650508174002738,3.9592815208822447,0.5722222222222222,849,540,ok,0.9621772086179419,0.0,0.0,0.0
standard,P000,120,excluded,0.6050999310820124,0.43379446640316205,13.416407864998739,3.8697790868097877,0.5864527629233511,890,561,ok,0.9621772086179419,0.0,0.0,0.0
standard,P000,121,excluded,0.5967078189300411,0.4252199413489736,14.5480998427968,3.999698088751276,0.631768953068592,904,554,ok,0.9621772086179419,0.0,0.0,0.0
standard,P000,122,excluded,0.6101231190150479,0.4389763779527559,14.5480998427968,3.9183524954752684,0.6825688073394496,917,545,ok,0.9621772086179419,0.0,0.0,0.0
standard,P000,123,excluded,0.6100543478260869,0.4389051808406647,13.92838827718412,4.094957619359737,0.7721280602636534,941,531,ok,0.9621772086179419,0.0,0.0,0.0
standard,P000,124,excluded,0.6325259515570935,0.4625506072874494,12.947366596101016,3.774251829607809,0.6808905380333952,906,539,ok,0.9621772086179419,0.0,0.0,0.0
standard,P000,125,excluded,0.6247379454926625,0.45426829268292684,12.947366596101016,3.835745317412082,0.720532319391635,905,526,ok,0.9621772086179419,0.0,0.0,0.0
standard,P000,126,excluded,0.6192893401015228,0.4485294117647059,11.761451820150858,3.8713497003751223,0.7092337917485265,870,509,ok,0.9621772086179419,0.0,0.0,0.0
standard,P000,127,excluded,0.6589427950760318,0.49136069114470843,10.539313440518091,3.420466825496327,0.5200729927007299,833,548,ok,0.9621772086179419,0.0,0.0,0.0
standard,P000,128,excluded,0.6851424172440339,0.5210772833723654,8.06225774829855,3.087141760144755,0.4100185528756957,760,539,ok,0.9621772086179419,0.0,0.0,0.0
standard,P000,129,excluded,0.753370340999207,0.6043256997455471,5.830951894845301,2.3454911395314104,0.21616871704745166,692,569,ok,0.9621772086179419,0.0,0.0,0.0
standard,P000,130,excluded,0.7694831829368335,0.6253333333333333,5.794112549695421,2.1514120171471975,0.10172413793103448,639,580,ok,0.9621772086179419,0.0,0.0,0.0
standard,P000,131,excluded,0.7706576728499157,0.6268861454046639,6.582186966203,2.070177560246348,0.06260869565217392,611,575,ok,0.9621772086179419,0.0,0.0,0.0
standard,P000,132,excluded,0.7709213863060017,0.6272352132049519,6.552343178074636,2.072930335829271,0.07180385288966724,612,571,ok,0.9621772086179419,0.0,0.0,0.0
standard,P000,133,excluded,0.779746835443038,0.6390041493775933,7.96055512754639,1.9925070525700896,0.046632124352331605,606,579,ok,0.9621772086179419,0.0,0.0,0.0
standard,P000,134,excluded,0.7449605609114811,0.5935754189944135,9.130194339616986,2.3500352024533155,0.08592321755027423,594,547,ok,0.9621772086179419,0.0,0.0,0.0
standard,P000,135,excluded,0.7432432432432432,0.5913978494623656,9.8564149117063,2.457732913608306,0.12949640287769784,628,556,ok,0.9621772086179419,0.0,0.0,0.0
standard,P000,136,excluded,0.7495826377295493,0.5994659546061415,8.980116263352127,2.396904682738247,0.1354723707664884,637,561,ok,0.9621772086179419,0.0,0.0,0.0
standard,P000,137,excluded,0.7556634304207119,0.6072821846553966,8.031128874149275,2.2602963520170287,0.15706806282722513,663,573,ok,0.9621772086179419,0.0,0.0,0.0
standard,P000,138,excluded,0.7311475409836066,0.5762273901808785,8.332291507670588,2.454876167035983,0.15547703180212014,654,566,ok,0.9621772086179419,0.0,0.0,0.0
standard,P000,139,excluded,0.7154882154882155,0.5570117955439057,9.831499888679772,2.6780350432047233,0.1678832116788321,640,548,ok,0.9621772086179419,0.0,0.0,0.0
standard,P000,140,excluded,0.7214461791290058,0.5642673521850899,9.570749451511078,2.6105608214858744,0.1426056338028169,649,568,ok,0.9621772086179419,0.0,0.0,0.0
standard,P000,141,excluded,0.7163934426229508,0.558109833971903,9.959647210415351,2.6532779508929383,0.13660245183887915,649,571,ok,0.9621772086179419,0.0,0.0,0.0
standard,P000,142,excluded,0.7103918228279387,0.5508586525759577,9.979898987322334,2.6964657413297313,0.13454545454545455,624,550,ok,0.9621772086179419,0.0,0.0,0.0
standard,P000,143,excluded,0.7157894736842105,0.5573770491803278,8.0,2.569299593259279,0.1742957746478873,667,568,ok,0.9621772086179419,0.0,0.0,0.0
standard,P000,144,excluded,0.691497975708502,0.5284653465346535,9.321537029190688,2.863949041567467,0.1936056838365897,672,563,ok,0.9621772086179419,0.0,0.0,0.0
standard,P000,145,excluded,0.6864474739374499,0.5225885225885226,9.321537029190688,2.925502616609827,0.1954225352112676,679,568,ok,0.9621772086179419,0.0,0.0,0.0
standard,P000,146,excluded,0.6807131280388979,0.515970515970516,9.959203754726442,2.9810377704036504,0.17253521126760563,666,568,ok,0.9621772086179419,0.0,0.0,0.0
standard,P001,0,retained,0.7377521613832853,0.5844748858447488,27.41130425605439,5.615165011630585,0.5185483870967742,1883,1240,ok,0.9696423712379194,0.0,0.0,0.0
standard,P001,1,retained,0.7491051090139929,0.5988553590010406,23.345235059857504,4.958484402871646,0.48222940226171246,1835,1238,ok,0.9696423712379194,0.0,0.0,0.0
standard,P001,2,retained,0.7491097442538038,0.5988612836438924,24.060299768369592,4.997030274648318,0.49313962873284906,1850,1239,ok,0.9696423712379194,0.0,0.0,0.0
standard,P001,3,retained,0.7403631729850271,0.5877592311583207,26.853298805297708,5.494519577691026,0.5314516129032258,1899,1240,ok,0.9696423712379194,0.0,0.0,0.0
standard,P001,4,retained,0.732367758186398,0.5777446597118728,30.886890422961002,6.223276713881284,0.536741214057508,1924,1252,ok,0.9696423712379194,0.0,0.0,0.0
standard,P001,5,retained,0.7292713567839196,0.573900148294612,31.76476034853718,6.383733880406196,0.5451638689048761,1933,1251,ok,0.9696423712379194,0.0,0.0,0.0
standard,P001,6,retained,0.7572940044886182,0.609391124871001,25.48724687891428,5.216078947508594,0.4636650868878357,1853,1266,ok,0.9696423712379194,0.0,0.0,0.0
standard,P001,7,retained,0.7802929427430093,0.6397379912663755,23.52588712105845,4.823492481039967,0.40512409927942356,1755,1249,ok,0.9696423712379194,0.0,0.0,0.0
standard,P001,8,retained,0.7764160317986089,0.6345425013535463,23.489756708818252,4.828737226106298,0.42684887459807075,1775,1244,ok,0.9696423712379194,0.0,0.0,0.0
standard,P001,9,retained,0.8228414172686619,0.6990064289888954,6.0,2.4631810170782846,0.2962085308056872,1641,1266,ok,0.9696423712379194,0.0,0.0,0.0
standard,P001,10,retained,0.7673202614379085,0.6224814422057264,24.40318989082543,4.923996460353685,0.4717285945072698,1822,1238,ok,0.9696423712379194,0.0,0.0,0.0
standard,P001,11,retained,0.7603464870067372,0.6133540372670807,27.330282207714475,5.356500207881971,0.48564593301435405,1863,1254,ok,0.9696423712379194,0.0,0.0,0.0
standard,P001,12,retained,0.7414817130353235,0.589170392449081,30.443380514669823,5.938242323359327,0.55103668261563,1945,1254,ok,0.9696423712379194,0.0,0.0,0.0
standard,P001,13,retained,0.7322137404580152,0.5775529865125241,44.94181162893496,9.099544456659599,0.5787401574803149,2005,1270,ok,0.9696423712379194,0.0,0.0,0.0
standard,P001,14,retained,0.748451053283767,0.598019801980198,36.96427864431163,7.288903791621984,0.514018691588785,1944,1284,ok,0.9696423712379194,0.0,0.0,0.0
standard,P001,15,retained,0.7545252461098761,0.6058133605303416,30.209310104434827,5.8579688074090495,0.5011914217633042,1890,1259,ok,0.9696423712379194,0.0,0.0,0.0
standard,P001,16,retained,0.7063703703703703,0.5460375629867156,50.20922796943642,10.366286273710493,0.672209026128266,2112,1263,ok,0.9696423712379194,0.0,0.0,0.0
standard,P001,17,retained,0.6884965831435079,0.5249674337820235,52.901649216327925,10.966713461581682,0.741608118657299,2231,1281,ok,0.9696423712379194,0.0,0.0,0.0
standard,P001,18,retained,0.6960023008340523,0.5337450374944861,53.68232455161427,11.13893641147336,0.7016317016317016,2190,1287,ok,0.9696423712379194,0.0,0.0,0.0
standard,P001,19,retained,0.7072018890200709,0.5470319634703197,52.70156466222461,10.994104363549743,0.6406858924395947,2105,1283,ok,0.9696423712379194,0.0,0.0,0.0
standard,P001,20,retained,0.734480639213276,0.580378824672171,45.04286072862839,9.178293934473734,0.5421875,1974,1280,ok,0.9696423712379194,0.0,0.0,0.0
standard,P001,21,retained,0.7317512766596576,0.5769777356702984,41.98126401690612,8.454873087148814,0.5412213740458015,2019,1310,ok,0.9696423712379194,0.0,0.0,0.0
standard,P001,22,retained,0.726338070758996,0.570275403608737,39.68623145076208,8.065142407248802,0.5576179427687549,2014,1293,ok,0.9696423712379194,0.0,0.0,0.0
standard,P001,23,retained,0.7320662170447578,0.5773694390715667,32.75016293140821,6.526576105590496,0.5564263322884012,1986,1276,ok,0.9696423712379194,0.0,0.0,0.0
standard,P001,24,retained,0.7231404958677686,0.5663430420711975,42.320008386520115,8.570933772547816,0.5902140672782875,2080,1308,ok,0.9696423712379194,0.0,0.0,0.0
standard,P001,25,retained,0.7422062350119905,0.5900857959961868,40.43757146226856,8.093490009292013,0.5504587155963303,2028,1308,ok,0.9696423712379194,0.0,0.0,0.0
standard,P001,26,retained,0.8348930481283422,0.7165806081468732,6.324555320336759,2.4400749945587714,0.29623944742901,1689,1303,ok,0.9696423712379194,0.0,0.0,0.0
standard,P001,27,retained,0.8446829922844683,0.7311265969802555,5.830951894845301,2.3078756020939815,0.2790519877675841,1673,1308,ok,0.9696423712379194,0.0,0.0,0.0
standard,P001,28,retained,0.8458471760797343,0.7328727691421992,6.012414379544731,2.328356865118467,0.2854973424449506,1693,1317,ok,0.9696423712379194,0.0,0.0,0.0
standard,P001,29,retained,0.8433333333333334,0.729106628242075,6.4031242374328485,2.3923258476889973,0.30237912509593246,1697,1303,ok,0.9696423712379194,0.0,0.0,0.0
standard,P001,30,retained,0.8451461202552906,0.7318208260616638,6.324555320336759,2.343872396194918,0.27947932618683,1671,1306,ok,0.9696423712379194,0.0,0.0,0.0
standard,P001,31,retained,0.8333889816360601,0.7143674871207785,6.324555320336759,2.482759647967284,0.2967791411042945,1691,1304,ok,0.9696423712379194,0.0,0.0,0.0
standard,P001,32,retained,0.8359893758300133,0.7181973759269823,5.70037866083061,2.464855133828261,0.29923664122137406,1702,1310,ok,0.9696423712379194,0.0,0.0,0.0
standard,P001,33,retained,0.8310046573519627,0.7108708025042686,5.830951894845301,2.5391355021583966,0.31053036126056877,1705,1301,ok,0.9696423712379194,0.0,0.0,0.0
standard,P001,34,retained,0.828437917222964,0.7071225071225071,5.385164807134504,2.5605622559780175,0.29402756508422667,1690,1306,ok,0.9696423712379194,0.0,0.0,0.0
standard,P001,35,retained,0.8205991248737798,0.6957762557077626,5.385164807134504,2.6572272084061184,0.27837423312883436,1667,1304,ok,0.9696423712379194,0.0,0.0,0.0
standard,P001,36,retained,0.8109570510652688,0.6820250284414107,6.0,2.801639718673543,0.28516228748068007,1663,1294,ok,0.9696423712379194,0.0,0.0,0.0
standard,P001,37,retained,0.7958845004978427,0.6609702315325248,6.708203932499369,3.0565306854526977,0.29125475285171104,1698,1315,ok,0.9696423712379194,0.0,0.0,0.0
standard,P001,38,retained,0.7863133176786313,0.6478717523493643,7.0,3.2122691193154576,0.31085271317829455,1691,1290,ok,0.9696423712379194,0.0,0.0,0.0
standard,P001,39,retained,0.7759892689470155,0.633972602739726,7.615773105863909,3.353347170384388,0.317016317016317,1695,1287,ok,0.9696423712379194,0.0,0.0,0.0
standard,P001,40,retained,0.7578309195015157,0.6100867678958786,8.246211251235321,3.646133941435315,0.3268025078369906,1693,1276,ok,0.9696423712379194,0.0,0.0,0.0
standard,P001,41,retained,0.737975109317188,0.5847547974413646,9.470977425970577,3.9619371714863587,0.32265625,1693,1280,ok,0.9696423712379194,0.0,0.0,0.0
standard,P001,42,retained,0.7133757961783439,0.5544554455445545,10.425838872118192,4.36646776892779,0.345125786163522,1711,1272,ok,0.9696423712379194,0.0,0.0,0.0
standard,P001,43,retained,0.6994572591587517,0.5378195096504955,10.198039027185569,4.598258816577645,0.3285939968404423,1682,1266,ok,0.9696423712379194,0.0,0.0,0.0
standard,P001,44,retained,0.680952380952381,0.516245487364621,10.489809974714312,4.971692164126914,0.3333333333333333,1680,1260,ok,0.9696423712379194,0.0,0.0,0.0
standard,P001,45,retained,0.6707818930041153,0.5046439628482973,11.0,5.100955814027708,0.3253588516746411,1662,1254,ok,0.9696423712379194,0.0,0.0,0.0
standard,P001,46,retained,0.6691910499139415,0.5028453181583031,11.0,5.15888142450131,0.32028753993610226,1653,1252,ok,0.9696423712379194,0.0,0.0,0.0
standard,P001,47,retained,0.6698762035763411,0.5036194415718718,11.40175425099138,5.117596034448742,0.3226837060702875,1656,1252,ok,0.9696423712379194,0.0,0.0,0.0
standard,P001,48,retained,0.6693905345590739,0.5030706243602866,12.263522057125444,5.175899119275572,0.3514811849479584,1688,1249,ok,0.9696423712379194,0.0,0.0,0.0
standard,P001,49,retained,0.6862679585699967,0.5223804679552391,12.529964086141668,4.873584786418428,0.42544570502431117,1759,1234,ok,0.9696423712379194,0.0,0.0,0.0
standard,P001,50,retained,0.70772238514174,0.5476550680786687,12.361178813797014,4.5485053671856,0.4789983844911147,1831,1238,ok,0.9696423712379194,0.0,0.0,0.0
standard,P001,51,retained,0.7300633967300634,0.5748817656332107,11.200345179221818,4.176744707307022,0.45454545454545453,1776,1221,ok,0.9696423712379194,0.0,0.0,0.0
standard,P001,52,retained,0.762555517594807,0.616234124792932,9.16208869558847,3.6367292051834443,0.39329517579721995,1704,1223,ok,0.9696423712379194,0.0,0.0,0.0
standard,P001,53,retained,0.7794477455435163,0.638602520045819,8.0,3.2795311371815505,0.3527960526315789,1645,1216,ok,0.9696423712379194,0.0,0.0,0.0
standard,P001,54,retained,0.8030996829869672,0.6709829311359623,7.0710678118654755,2.9166835578689345,0.31566068515497553,1613,1226,ok,0.9696423712379194,0.0,0.0,0.0
standard,P001,55,retained,0.8031216743526073,0.6710136336692353,7.0,2.8821045650604913,0.3239901071723001,1606,1213,ok,0.9696423712379194,0.0,0.0,0.0
standard,P001,56,retained,0.8130841121495327,0.6850393700787402,6.324555320336759,2.750404333109444,0.31255195344970904,1579,1203,ok,0.9696423712379194,0.0,0.0,0.0
standard,P001,57,retained,0.8195894850558156,0.6943258084197681,5.8563091106185015,2.665052175569205,0.3007456503728252,1570,1207,ok,0.9696423712379194,0.0,0.0,0.0
standard,P001,58,retained,0.820906432748538,0.6962182269063856,5.656854249492381,2.6344795400680527,0.2819015846538782,1537,1199,ok,0.9696423712379194,0.0,0.0,0.0
standard,P001,59,retained,0.8186793141189347,0.6930203829524397,5.0198039027185555,2.6647198306347266,0.28226477935054123,1540,1201,ok,0.9696423712379194,0.0,0.0,0.0
standard,P001,60,retained,0.8211143695014663,0.6965174129353234,5.0990195135927845,2.6843160776561423,0.26390041493775934,1523,1205,ok,0.9696423712379194,0.0,0.0,0.0
standard,P001,61,retained,0.8227894931557529,0.6989314896291641,5.0,2.6372293016916504,0.24129353233830847,1497,1206,ok,0.9696423712379194,0.0,0.0,0.0
standard,P001,62,retained,0.823262839879154,0.699614890885751,5.0,2.6329375109205473,0.21775544388609716,1454,1194,ok,0.9696423712379194,0.0,0.0,0.0
standard,P001,63,retained,0.8234854151084517,0.6999364272091545,5.0,2.6209000455060996,0.21724709784411278,1468,1206,ok,0.9696423712379194,0.0,0.0,0.0
standard,P001,64,retained,0.824773413897281,0.7017994858611826,5.0,2.60203968953586,0.2048293089092423,1447,1201,ok,0.9696423712379194,0.0,0.0,0.0
standard,P001,65,retained,0.8157396897465002,0.6888178913738019,5.0,2.7952946206316356,0.21728187919463088,1451,1192,ok,0.9696423712379194,0.0,0.0,0.0
standard,P001,66,retained,0.8123100303951368,0.6839411388355726,5.385164807134504,2.8317391412091597,0.22485207100591717,1449,1183,ok,0.9696423712379194,0.0,0.0,0.0
standard,P001,67,retained,0.8019877675840978,0.6694320357370772,5.385164807134504,2.975620467552692,0.2512908777969019,1454,1162,ok,0.9696423712379194,0.0,0.0,0.0
standard,P001,68,retained,0.7979992304732589,0.6638924455825864,5.830951894845301,3.019382976588886,0.2560763888888889,1447,1152,ok,0.9696423712379194,0.0,0.0,0.0
standard,P001,69,retained,0.8041634541249036,0.6724693745970342,5.830951894845301,2.9229042984549696,0.23428079242032732,1433,1161,ok,0.9696423712379194,0.0,0.0,0.0
standard,P001,70,retained,0.792094861660079,0.6557591623036649,5.830951894845301,3.0641234883277773,0.2569134701159679,1409,1121,ok,0.9696423712379194,0.0,0.0,0.0
standard,P001,71,retained,0.7862504938759384,0.6477864583333334,6.324555320336759,3.1890541842520177,0.2598214285714286,1411,1120,ok,0.9696423712379194,0.0,0.0,0.0
standard,P001,72,retained,0.7876386687797148,0.6496732026143791,6.324555320336759,3.164109101059887,0.26774483378256964,1411,1113,ok,0.9696423712379194,0.0,0.0,0.0
standard,P001,73,retained,0.7825396825396825,0.6427640156453716,6.708203932499369,3.215370308110754,0.2600896860986547,1405,1115,ok,0.9696423712379194,0.0,0.0,0.0
standard,P001,74,retained,0.7723805700521879,0.6291693917593199,7.0710678118654755,3.400453125692171,0.27696526508226693,1397,1094,ok,0.9696423712379194,0.0,0.0,0.0
standard,P001,75,retained,0.773804740859783,0.6310615989515073,7.0710678118654755,3.3177515091669556,0.2504520795660036,1383,1106,ok,0.9696423712379194,0.0,0.0,0.0
standard,P001,76,retained,0.7734406438631791,0.6305774278215223,7.1255383412653,3.3436401840921963,0.23873873873873874,1375,1110,ok,0.9696423712379194,0.0,0.0,0.0
standard,P001,77,retained,0.7775987107171636,0.6361239288068556,7.0710678118654755,3.264039519534007,0.22003577817531306,1364,1118,ok,0.9696423712379194,0.0,0.0,0.0
standard,P001,78,retained,0.7726341663252765,0.6295060080106809,7.615773105863909,3.3606931680575145,0.2190909090909091,1341,1100,ok,0.9696423712379194,0.0,0.0,0.0
standard,P001,79,retained,0.7652892561983471,0.6198125836680054,7.615773105863909,3.4529826512098007,0.21611721611721613,1328,1092,ok,0.9696423712379194,0.0,0.0,0.0
standard,P001,80,retained,0.7533333333333333,0.6042780748663101,8.0,3.602188836655622,0.22016651248843663,1319,1081,ok,0.9696423712379194,0.0,0.0,0.0
standard,P001,81,retained,0.743225806451613,0.5913757700205339,8.218618225794799,3.7614540590576895,0.2037914691943128,1270,1055,ok,0.9696423712379194,0.0,0.0,0.0
standard,P001,82,retained,0.7232067510548523,0.566424322538004,8.32988579428645,4.035952905082985,0.17032967032967034,1278,1092,ok,0.9696423712379194,0.0,0.0,0.0
standard,P001,83,retained,0.7312013828867762,0.5762942779291553,8.06225774829855,3.94569229756547,0.17890772128060264,1252,1062,ok,0.9696423712379194,0.0,0.0,0.0
standard,P001,84,retained,0.721830985915493,0.5647382920110193,8.538131508209633,3.9956148987494373,0.17000955109837632,1225,1047,ok,0.9696423712379194,0.0,0.0,0.0
standard,P001,85,retained,0.7138378862516793,0.5550139275766016,8.48528137423857,4.082492438473703,0.14918190567853706,1194,1039,ok,0.9696423712379194,0.0,0.0,0.0
standard,P001,86,retained,0.7037527593818984,0.5429155313351499,8.858785249260027,4.224242189388346,0.11880261927034612,1196,1069,ok,0.9696423712379194,0.0,0.0,0.0
standard,P001,87,retained,0.6924493554327809,0.5295774647887324,8.335548999459988,4.284140100055399,0.0904716073147257,1133,1039,ok,0.9696423712379194,0.0,0.0,0.0
standard,P001,88,retained,0.678252700798497,0.5131485429992892,8.94427190999916,4.4812875426378636,0.0730282375851996,1102,1027,ok,0.9696423712379194,0.0,0.0,0.0
standard,P001,89,retained,0.68343616516374,0.5191059841384282,9.140155598822126,4.419495491103095,0.06771344455348381,1088,1019,ok,0.9696423712379194,0.0,0.0,0.0
standard,P001,90,retained,0.6943648519579751,0.5318215069495245,9.59691096365086,4.253178513817549,0.0610236220472441,1078,1016,ok,0.9696423712379194,0.0,0.0,0.0
standard,P001,91,retained,0.7132530120481928,0.5543071161048689,9.59691096365086,3.9763648770305644,0.04837117472852912,1062,1013,ok,0.9696423712379194,0.0,0.0,0.0
standard,P001,92,retained,0.7000490918016691,0.5385196374622356,10.045625111836253,4.077881275763188,0.02485089463220676,1031,1006,ok,0.9696423712379194,0.0,0.0,0.0
standard,P001,93,retained,0.7101303911735206,0.5505443234836703,9.899494936611665,3.89236059283027,0.002004008016032064,996,998,ok,0.9696423712379194,0.0,0.0,0.0
standard,P001,94,retained,0.7190669371196755,0.5613618368962787,10.228287830867,3.799820962405836,0.02404809619238477,974,998,ok,0.9696423712379194,0.0,0.0,0.0
standard,P001,95,retained,0.7217968351199592,0.5646964856230032,10.191755287060843,3.7384301419749524,0.029175050301810865,965,994,ok,0.9696423712379194,0.0,0.0,0.0
standard,P001,96,retained,0.7368421052631579,0.5833333333333334,9.52552217298633,3.514412928177626,0.015212981744421906,971,986,ok,0.9696423712379194,0.0,0.0,0.0
standard,P001,97,retained,0.7524247064828994,0.6031096563011457,8.48528137423857,3.2249236320259005,0.013184584178498986,973,986,ok,0.9696423712379194,0.0,0.0,0.0
standard,P001,98,retained,0.7602704108164327,0.613255033557047,8.48528137423857,3.102697718844734,0.01752577319587629,953,970,ok,0.9696423712379194,0.0,0.0,0.0
standard,P001,99,retained,0.7613038906414301,0.6146010186757216,8.242640687119284,3.0698660554372936,0.02286902286902287,940,962,ok,0.9696423712379194,0.0,0.0,0.0
standard,P001,100,retained,0.7556675062972292,0.6072874493927125,9.219544457292887,3.1810444759247027,0.037987679671457907,1011,974,ok,0.9696423712379194,0.0,0.0,0.0
standard,P001,101,retained,0.754394776494224,0.6056451612903225,8.94427190999916,3.1900483737864094,0.06964656964656965,1029,962,ok,0.9696423712379194,0.0,0.0,0.0
standard,P001,102,retained,0.7438349270256668,0.5921474358974359,9.899494936611665,3.3577742519197704,0.08499475341028331,1034,953,ok,0.9696423712379194,0.0,0.0,0.0
standard,P001,103,retained,0.5479351032448377,0.3773489080751651,62.0196705750772,15.016815507480606,0.8427672955974843,1758,954,ok,0.9696423712379194,0.0,0.0,0.0
standard,P001,104,retained,0.5514925373134328,0.38073158165893867,62.0461747812746,15.039500336987981,0.8210526315789474,1730,950,ok,0.9696423712379194,0.0,0.0,0.0
standard,P001,105,retained,0.5620272314674736,0.3908469226722778,61.36444287763917,14.845422953765231,0.783157894736842,1694,950,ok,0.9696423712379194,0.0,0.0,0.0
standard,P001,106,retained,0.5959635931935101,0.42446448703494927,57.088266183220696,13.493884724968837,0.6656118143459916,1579,948,ok,0.9696423712379194,0.0,0.0,0.0
standard,P001,107,retained,0.5921259842519685,0.42058165548098436,54.32282279175,12.642062560301248,0.7050053248136315,1601,939,ok,0.9696423712379194,0.0,0.0,0.0
standard,P001,108,retained,0.5935534591194969,0.42202347680268304,56.76259768159701,13.44600086471226,0.6778947368421052,1594,950,ok,0.9696423712379194,0.0,0.0,0.0
standard,P001,109,retained,0.5852140077821012,0.4136413641364136,58.02971536049587,13.889794869183879,0.7052631578947368,1620,950,ok,0.9696423712379194,0.0,0.0,0.0
standard,P001,110,retained,0.5473760932944607,0.37681886603110887,61.269475554250675,14.87097837278612,0.8259526261585994,1773,971,ok,0.9696423712379194,0.0,0.0,0.0
standard,P001,111,retained,0.5866236905721193,0.4150513112884835,49.1384562509043,11.341341951627205,0.6404255319148936,1542,940,ok,0.9696423712379194,0.0,0.0,0.0
standard,P001,112,retained,0.5486189935679152,0.37799791449426484,57.08890510451693,13.784128196830283,0.7938689217758985,1697,946,ok,0.9696423712379194,0.0,0.0,0.0
standard,P001,113,retained,0.5368975903614458,0.3669583118888317,55.84201965005233,13.458720262295742,0.822529224229543,1715,941,ok,0.9696423712379194,0.0,0.0,0.0
standard,P001,114,retained,0.5053356282271945,0.338093044679871,64.35060217278468,15.969583941734268,1.038702928870293,1949,956,ok,0.9696423712379194,0.0,0.0,0.0
standard,P001,115,retained,0.5539540319439034,0.38308189655172414,49.99941979816527,11.6669381672797,0.757250268528464,1636,931,ok,0.9696423712379194,0.0,0.0,0.0
standard,P001,116,retained,0.550366653801621,0.3796592119275825,50.029528934765615,11.707246205260972,0.7980561555075594,1665,926,ok,0.9696423712379194,0.0,0.0,0.0
standard,P001,117,retained,0.5382565664255805,0.36822916666666666,53.786598577407226,12.830091511536708,0.8523344191096635,1706,921,ok,0.9696423712379194,0.0,0.0,0.0
standard,P001,118,retained,0.49812861517522966,0.33167195287720885,64.76697349333539,16.15349800434515,1.1067653276955602,1993,946,ok,0.9696423712379194,0.0,0.0,0.0
standard,P001,119,retained,0.4978282659538924,0.33140569395017794,64.36147745625786,15.951927348231436,1.1177083333333333,2033,960,ok,0.9696423712379194,0.0,0.0,0.0
standard,P001,120,retained,0.49052704099207717,0.32496576905522595,65.00148554733458,16.383861859533386,1.0622362869198312,1955,948,ok,0.9696423712379194,0.0,0.0,0.0
standard,P001,121,retained,0.4927536231884058,0.3269230769230769,65.01837064267765,16.357752734384334,1.0731707317073171,1955,943,ok,0.9696423712379194,0.0,0.0,0.0
standard,P001,122,retained,0.4891684136967156,0.32377428307123035,66.40772159531289,16.842043962648713,1.0907127429805616,1936,926,ok,0.9696423712379194,0.0,0.0,0.0
standard,P001,123,retained,0.49821045096635647,0.3317445185891325,65.0307387325408,16.44870945897986,1.0369565217391303,1874,920,ok,0.9696423712379194,0.0,0.0,0.0
standard,P001,124,retained,0.48292682926829267,0.3183279742765273,65.9559272040262,16.762316461398328,1.0926724137931034,1942,928,ok,0.9696423712379194,0.0,0.0,0.0
standard,P001,125,retained,0.4802816901408451,0.3160333642261353,65.16438401545365,16.657685510241524,1.0735930735930737,1916,924,ok,0.9696423712379194,0.0,0.0,0.0
standard,P001,126,retained,0.4743859649122807,0.3109475620975161,66.86696960270119,17.30479757505251,1.0911062906724511,1928,922,ok,0.9696423712379194,0.0,0.0,0.0
standard,P001,127,retained,0.48975109809663253,0.32428502181289387,66.02421113766788,17.01613338135898,0.9989023051591658,1821,911,ok,0.9696423712379194,0.0,0.0,0.0
standard,P001,128,retained,0.48087818696883855,0.31655011655011656,66.55222181300545,17.18021212844552,1.033297529538131,1893,931,ok,0.9696423712379194,0.0,0.0,0.0
standard,P001,129,retained,0.48448936911815965,0.31968721251149956,65.96958399075456,16.801943747715306,1.0521276595744682,1929,940,ok,0.9696423712379194,0.0,0.0,0.0
standard,P001,130,retained,0.49201741654571846,0.3262752646775746,64.66065264130884,16.484221252609764,0.9698275862068966,1828,928,ok,0.9696423712379194,0.0,0.0,0.0
standard,P001,131,retained,0.49416909620991256,0.3281703775411423,64.17665137849548,16.341389886105723,1.0021881838074398,1830,914,ok,0.9696423712379194,0.0,0.0,0.0
standard,P001,132,retained,0.48929219600725954,0.32388274867851996,63.926114509596104,16.3189397434082,1.0010893246187365,1837,918,ok,0.9696423712379194,0.0,0.0,0.0
standard,P001,133,retained,0.4881083058909623,0.3228460793804453,63.37763245972977,16.12407153705357,1.0032967032967033,1823,910,ok,0.9696423712379194,0.0,0.0,0.0
standard,P001,134,retained,0.498138495904691,0.33168071393158155,62.926810544726955,15.962401503023276,0.9679558011049724,1781,905,ok,0.9696423712379194,0.0,0.0,0.0
standard,P001,135,retained,0.5092592592592593,0.3416149068322981,62.35421888597795,15.784215657000507,0.905829596412556,1700,892,ok,0.9696423712379194,0.0,0.0,0.0
standard,P001,136,retained,0.49516728624535317,0.3290513833992095,66.88796603276258,17.28286457995365,0.9334787350054525,1773,917,ok,0.9696423712379194,0.0,0.0,0.0
standard,P001,137,retained,0.5179190751445086,0.3494539781591264,65.86500153512223,16.843551781031756,0.8360655737704918,1680,915,ok,0.9696423712379194,0.0,0.0,0.0
standard,P001,138,retained,0.5432497978981407,0.3729189789123196,65.27336750194938,16.651180749761675,0.7156970362239298,1563,911,ok,0.9696423712379194,0.0,0.0,0.0
standard,P001,139,retained,0.6116681859617138,0.44057780695994747,37.45330024726924,8.751329141371992,0.4216335540838852,1288,906,ok,0.9696423712379194,0.0,0.0,0.0
standard,P001,140,retained,0.5887096774193549,0.41714285714285715,48.14925959194492,11.464905482699336,0.5277463193657984,1349,883,ok,0.9696423712379194,0.0,0.0,0.0
standard,P001,141,retained,0.5634390651085142,0.39221382916908776,61.217145672320534,15.2325254539792,0.6504424778761062,1492,904,ok,0.9696423712379194,0.0,0.0,0.0
standard,P001,142,retained,0.5588235294117647,0.3877551020408163,61.74288517481945,15.352757391949552,0.7260579064587973,1550,898,ok,0.9696423712379194,0.0,0.0,0.0
standard,P001,143,retained,0.5162468054034319,0.3479330708661417,66.56424917297352,16.82838843004034,0.9934426229508196,1824,915,ok,0.9696423712379194,0.0,0.0,0.0
standard,P011,0,retained,0.7643359230484646,0.618562874251497,13.572081641682095,4.259840097852692,0.373134328358209,1564,1139,ok,0.9872717989573931,0.0,0.0,0.0
standard,P011,1,retained,0.7739776951672862,0.6312916919345057,13.200125844506012,4.080313838047197,0.38475177304964536,1562,1128,ok,0.9872717989573931,0.0,0.0,0.0
standard,P011,2,retained,0.7828338882722901,0.643161094224924,13.0,3.9236515904877938,0.37940140845070425,1567,1136,ok,0.9872717989573931,0.0,0.0,0.0
standard,P011,3,retained,0.7874953479717157,0.6494782074892572,12.558521813797094,3.761131323011974,0.41636690647482016,1575,1112,ok,0.9872717989573931,0.0,0.0,0.0
standard,P011,4,retained,0.7949196862159134,0.6596404215747055,12.621590126111775,3.663924598815863,0.44474885844748857,1582,1095,ok,0.9872717989573931,0.0,0.0,0.0
standard,P011,5,retained,0.7995529061102832,0.6660459342023588,11.77852493303972,3.5298135172881233,0.4511415525114155,1589,1095,ok,0.9872717989573931,0.0,0.0,0.0
standard,P011,6,retained,0.8017917133258678,0.6691588785046729,11.551315688243534,3.479576407572919,0.44881170018281535,1585,1094,ok,0.9872717989573931,0.0,0.0,0.0
standard,P011,7,retained,0.8004509582863585,0.6672932330827067,11.379484661171688,3.471187179870737,0.4869158878504673,1591,1070,ok,0.9872717989573931,0.0,0.0,0.0
standard,P011,8,retained,0.8001502629601803,0.6668753913587977,10.636199230791838,3.4436899565259464,0.490177736202058,1593,1069,ok,0.9872717989573931,0.0,0.0,0.0
standard,P011,9,retained,0.798501872659176,0.6645885286783042,10.478725367670592,3.4669482138212726,0.4953271028037383,1600,1070,ok,0.9872717989573931,0.0,0.0,0.0
standard,P011,10,retained,0.7931163486719043,0.657160570365778,11.0,3.5869025359605664,0.5193213949104618,1612,1061,ok,0.9872717989573931,0.0,0.0,0.0
standard,P011,11,retained,0.7862481315396114,0.6477832512315271,9.25,3.6492510058829404,0.5437262357414449,1624,1052,ok,0.9872717989573931,0.0,0.0,0.0
standard,P011,12,retained,0.7809452363090773,0.6406153846153846,9.096424967926286,3.729881985405899,0.5609990393852066,1625,1041,ok,0.9872717989573931,0.0,0.0,0.0
standard,P011,13,retained,0.7786946736684172,0.6375921375921376,9.055385138137417,3.7609910526193557,0.5684007707129094,1628,1038,ok,0.9872717989573931,0.0,0.0,0.0
standard,P011,14,retained,0.7735849056603774,0.6307692307692307,8.24980619863883,3.8017891233517194,0.5853658536585366,1625,1025,ok,0.9872717989573931,0.0,0.0,0.0
standard,P011,15,retained,0.7699886320575976,0.6260012322858903,8.25,3.8948197318190863,0.5974409448818898,1623,1016,ok,0.9872717989573931,0.0,0.0,0.0
standard,P011,16,retained,0.7708649468892261,0.6271604938271605,8.108246124032743,3.8768291132823602,0.594488188976378,1620,1016,ok,0.9872717989573931,0.0,0.0,0.0
standard,P011,17,retained,0.7740199846272099,0.6313479623824452,8.06225774829855,3.7639079026657214,0.5839126117179742,1595,1007,ok,0.9872717989573931,0.0,0.0,0.0
standard,P011,18,retained,0.7832550860719875,0.6437299035369775,8.037354648979127,3.5963249440160596,0.5483549351944168,1553,1003,ok,0.9872717989573931,0.0,0.0,0.0
standard,P011,19,retained,0.7861409796893668,0.6476377952755905,8.06225774829855,3.4773770516572036,0.53125,1519,992,ok,0.9872717989573931,0.0,0.0,0.0
standard,P011,20,retained,0.7851072440307568,0.6462358427714857,8.54400374531753,3.473924464391917,0.5162932790224033,1489,982,ok,0.9872717989573931,0.0,0.0,0.0
standard,P011,21,retained,0.782785221274868,0.6430953969312875,9.219544457292887,3.559080694991887,0.5184049079754601,1485,978,ok,0.9872717989573931,0.0,0.0,0.0
standard,P011,22,retained,0.7725426482534524,0.6293845135671741,9.848857801796104,3.71896238565933,0.5303186022610483,1489,973,ok,0.9872717989573931,0.0,0.0,0.0
standard,P011,23,retained,0.7628698824483178,0.6166448230668414,9.433981132056603,3.8591671881307863,0.5644490644490644,1505,962,ok,0.9872717989573931,0.0,0.0,0.0
standard,P011,24,retained,0.7538091419406576,0.6048906048906049,9.481547795660283,4.053155101272567,0.6197478991596639,1542,952,ok,0.9872717989573931,0.0,0.0,0.0
standard,P011,25,retained,0.7487179487179487,0.5983606557377049,9.041538853603063,4.159647021967817,0.6684210526315789,1585,950,ok,0.9872717989573931,0.0,0.0,0.0
standard,P011,26,retained,0.730635838150289,0.575591985428051,9.219544457292887,4.480484950933762,0.7373417721518988,1647,948,ok,0.9872717989573931,0.0,0.0,0.0
standard,P011,27,retained,0.7324271844660194,0.5778186274509803,8.94427190999916,4.4611724186090385,0.7306468716861082,1632,943,ok,0.9872717989573931,0.0,0.0,0.0
standard,P011,28,retained,0.7361769352290679,0.5825,9.433981132056603,4.356140921032759,0.7167381974248928,1600,932,ok,0.9872717989573931,0.0,0.0,0.0
standard,P011,29,retained,0.7654320987654321,0.62,8.602325267042627,3.7881260989758423,0.6129032258064516,1500,930,ok,0.9872717989573931,0.0,0.0,0.0
standard,P011,30,retained,0.7958656330749354,0.6609442060085837,7.615773105863909,3.1769418423739295,0.512987012987013,1398,924,ok,0.9872717989573931,0.0,0.0,0.0
standard,P011,31,retained,0.8275229357798165,0.7057902973395931,6.708203932499369,2.5153179246174884,0.3877327491785323,1267,913,ok,0.9872717989573931,0.0,0.0,0.0
standard,P011,32,retained,0.8325537885874649,0.7131410256410257,5.830951894845301,2.4071551479190156,0.3417305585980285,1225,913,ok,0.9872717989573931,0.0,0.0,0.0
standard,P011,33,retained,0.8317107093184979,0.7119047619047619,5.940833163195851,2.4264726280600795,0.35737704918032787,1242,915,ok,0.9872717989573931,0.0,0.0,0.0
standard,P011,34,retained,0.8250342622201918,0.7021772939346812,6.324555320336759,2.580861953760056,0.3949671772428884,1275,914,ok,0.9872717989573931,0.0,0.0,0.0
standard,P011,35,retained,0.8134831460674158,0.6856060606060606,6.324555320336759,2.7696131719996484,0.43435448577680524,1311,914,ok,0.9872717989573931,0.0,0.0,0.0
standard,P011,36,retained,0.8042895442359249,0.672645739910314,6.4031242374328485,2.9384043634221144,0.46204620462046203,1329,909,ok,0.9872717989573931,0.0,0.0,0.0
standard,P011,37,retained,0.7949977668602054,0.6597479614529281,7.0710678118654755,3.0936937889317115,0.46314631463146316,1330,909,ok,0.9872717989573931,0.0,0.0,0.0
standard,P011,38,retained,0.7951591214701927,0.6599702380952381,7.0710678118654755,3.0747880736703537,0.45434543454345433,1322,909,ok,0.9872717989573931,0.0,0.0,0.0
standard,P011,39,retained,0.7931654676258992,0.6572280178837556,7.211102550927978,3.085987230985301,0.46017699115044247,1320,904,ok,0.9872717989573931,0.0,0.0,0.0
standard,P011,40,retained,0.7969244685662596,0.662406015037594,7.0710678118654755,3.0154909788996394,0.44579646017699115,1307,904,ok,0.9872717989573931,0.0,0.0,0.0
standard,P011,41,retained,0.7992700729927007,0.6656534954407295,7.148086918349853,2.968077267240446,0.43555555555555553,1292,900,ok,0.9872717989573931,0.0,0.0,0.0
standard,P011,42,retained,0.7972540045766591,0.662861491628615,7.280109889280518,3.0080500018663208,0.43318485523385303,1287,898,ok,0.9872717989573931,0.0,0.0,0.0
standard,P011,43,retained,0.7977839335180056,0.663594470046083,7.447941497572213,2.977241489890388,0.4201117318435754,1271,895,ok,0.9872717989573931,0.0,0.0,0.0
standard,P011,44,retained,0.7922077922077922,0.6559139784946236,7.713011390885281,3.0421046554265336,0.42247191011235957,1266,890,ok,0.9872717989573931,0.0,0.0,0.0
standard,P011,45,retained,0.7933425797503467,0.6574712643678161,7.615773105863909,3.022637521748563,0.4248878923766816,1271,892,ok,0.9872717989573931,0.0,0.0,0.0
standard,P011,46,retained,0.7977890373099954,0.6636015325670498,7.9362537121026016,2.9954907528190504,0.42569832402234636,1276,895,ok,0.9872717989573931,0.0,0.0,0.0
standard,P011,47,retained,0.7922971114167813,0.6560364464692483,7.280109889280518,3.0645356825045584,0.47278911564625853,1299,882,ok,0.9872717989573931,0.0,0.0,0.0
standard,P011,48,retained,0.7855855855855856,0.6468842729970327,7.280109889280518,3.181590504092584,0.5084745762711864,1335,885,ok,0.9872717989573931,0.0,0.0,0.0
standard,P011,49,retained,0.7838565022421524,0.644542772861357,7.0710678118654755,3.249199446217339,0.5226244343891403,1346,884,ok,0.9872717989573931,0.0,0.0,0.0
standard,P011,50,retained,0.7828034034930587,0.6431199411331862,7.0,3.276429027060896,0.5346197502837684,1352,881,ok,0.9872717989573931,0.0,0.0,0.0
standard,P011,51,retained,0.7851387645478961,0.6462785556374355,6.8978713763747725,3.2417015047259268,0.5300113250283126,1351,883,ok,0.9872717989573931,0.0,0.0,0.0
standard,P011,52,retained,0.7795555555555556,0.6387472687545521,7.0710678118654755,3.3470907734714337,0.5510204081632653,1368,882,ok,0.9872717989573931,0.0,0.0,0.0
standard,P011,53,retained,0.7868705035971223,0.6486286137879911,7.0710678118654755,3.2094317690813434,0.5330296127562643,1346,878,ok,0.9872717989573931,0.0,0.0,0.0
standard,P011,54,retained,0.7891156462585034,0.651685393258427,7.615773105863909,3.159874652580774,0.5286697247706422,1333,872,ok,0.9872717989573931,0.0,0.0,0.0
standard,P011,55,retained,0.7851985559566786,0.6463595839524517,7.0710678118654755,3.1839426970298836,0.5354691075514875,1342,874,ok,0.9872717989573931,0.0,0.0,0.0
standard,P011,56,retained,0.7703306523681859,0.626453488372093,8.015564437074637,3.428982111264074,0.5813148788927336,1371,867,ok,0.9872717989573931,0.0,0.0,0.0
standard,P011,57,retained,0.7608120035304501,0.613960113960114,8.294025275835969,3.568637284999222,0.6166281755196305,1400,866,ok,0.9872717989573931,0.0,0.0,0.0
standard,P011,58,retained,0.7639751552795031,0.6180904522613065,8.48528137423857,3.5112432893482053,0.6118192352259559,1391,863,ok,0.9872717989573931,0.0,0.0,0.0
standard,P011,59,retained,0.7676588183029764,0.6229271809661139,8.558584125748805,3.510879708375938,0.6023121387283237,1386,865,ok,0.9872717989573931,0.0,0.0,0.0
standard,P011,60,retained,0.7587428065515714,0.6112696148359487,8.602325267042627,3.5624228311302755,0.6328671328671329,1401,858,ok,0.9872717989573931,0.0,0.0,0.0
standard,P011,61,retained,0.7578574590526782,0.6101211689237348,8.602325267042627,3.6130868375196425,0.6359393232205367,1402,857,ok,0.9872717989573931,0.0,0.0,0.0
standard,P011,62,retained,0.7598214285714285,0.6126709863210943,9.129256831757377,3.585978932873024,0.6291079812206573,1388,852,ok,0.9872717989573931,0.0,0.0,0.0
standard,P011,63,retained,0.7577916295636687,0.6100358422939068,9.219544457292887,3.6598996617085864,0.636150234741784,1394,852,ok,0.9872717989573931,0.0,0.0,0.0
standard,P011,64,retained,0.7542297417631345,0.6054324517512509,9.129256831757377,3.6994819653180144,0.6485849056603774,1398,848,ok,0.9872717989573931,0.0,0.0,0.0
standard,P011,65,retained,0.7527839643652561,0.6035714285714285,9.219544457292887,3.7458459743968975,0.6536643026004728,1399,846,ok,0.9872717989573931,0.0,0.0,0.0
standard,P011,66,retained,0.7511111111111111,0.6014234875444839,9.112840899841826,3.7605395647781816,0.6595744680851063,1404,846,ok,0.9872717989573931,0.0,0.0,0.0
standard,P011,67,retained,0.7487772343263672,0.5984363894811656,9.096424967926286,3.773311109809295,0.66785290628707,1406,843,ok,0.9872717989573931,0.0,0.0,0.0
standard,P011,68,retained,0.7457777777777778,0.5946137491141035,9.219544457292887,3.822613799228602,0.6785714285714286,1410,840,ok,0.9872717989573931,0.0,0.0,0.0
standard,P011,69,retained,0.74447391688771,0.5929577464788732,9.096424967926286,3.8572657177594825,0.6864608076009501,1420,842,ok,0.9872717989573931,0.0,0.0,0.0
standard,P011,70,retained,0.7453580901856764,0.5940803382663847,9.08821700196851,3.836602353387766,0.6832740213523132,1419,843,ok,0.9872717989573931,0.0,0.0,0.0
standard,P011,71,retained,0.7426048565121413,0.5905898876404494,9.219544457292887,3.891760404548933,0.6932223543400713,1424,841,ok,0.9872717989573931,0.0,0.0,0.0
standard,P011,72,retained,0.7418213969938108,0.5895994378074491,9.219544457292887,3.9028991102000283,0.6960667461263409,1423,839,ok,0.9872717989573931,0.0,0.0,0.0
standard,P011,73,retained,0.7390341160832964,0.5860857343640197,9.599931799952394,3.945526491139942,0.7062350119904077,1423,834,ok,0.9872717989573931,0.0,0.0,0.0
standard,P011,74,retained,0.7413945278022948,0.5890603085553997,9.219544457292887,3.884753931004009,0.6976190476190476,1426,840,ok,0.9872717989573931,0.0,0.0,0.0
standard,P011,75,retained,0.7372165406847487,0.5838028169014085,9.595440426892432,3.9470901921893504,0.7129071170084439,1420,829,ok,0.9872717989573931,0.0,0.0,0.0
standard,P011,76,retained,0.7422222222222222,0.5901060070671378,9.444551501746309,3.883719075073843,0.6946107784431138,1415,835,ok,0.9872717989573931,0.0,0.0,0.0
standard,P011,77,retained,0.747538048343778,0.5968548963545389,9.558444132978458,3.805326768400186,0.6754491017964072,1399,835,ok,0.9872717989573931,0.0,0.0,0.0
standard,P011,78,retained,0.7440395861448493,0.5924068767908309,9.901757571167462,3.8782404082484403,0.6847826086956522,1395,828,ok,0.9872717989573931,0.0,0.0,0.0
standard,P011,79,retained,0.7467030468394725,0.5957910014513788,9.909314681077658,3.802956823646416,0.6784409257003654,1378,821,ok,0.9872717989573931,0.0,0.0,0.0
standard,P011,80,retained,0.7573529411764706,0.6094674556213018,9.534201129544496,3.6333883104980695,0.6407766990291263,1352,824,ok,0.9872717989573931,0.0,0.0,0.0
standard,P011,81,retained,0.7548566142460684,0.6062407132243685,9.457764463858444,3.6472538765596925,0.6495098039215687,1346,816,ok,0.9872717989573931,0.0,0.0,0.0
standard,P011,82,retained,0.7612359550561798,0.6145124716553289,8.764151235892431,3.5211120510738874,0.6240786240786241,1322,814,ok,0.9872717989573931,0.0,0.0,0.0
standard,P011,83,retained,0.7631703844328429,0.6170376055257099,8.98606797749979,3.497625297549126,0.61090458488228,1300,807,ok,0.9872717989573931,0.0,0.0,0.0
standard,P011,84,retained,0.7660180351210252,0.6207692307692307,8.977708763999662,3.4140993688149393,0.5980271270036991,1296,811,ok,0.9872717989573931,0.0,0.0,0.0
standard,P011,85,retained,0.7671102661596958,0.6222050886661527,9.038769596696191,3.4166216712510087,0.594327990135635,1293,811,ok,0.9872717989573931,0.0,0.0,0.0
standard,P011,86,retained,0.7692307692307693,0.625,8.424886747684637,3.352341528313671,0.5777233782129743,1289,817,ok,0.9872717989573931,0.0,0.0,0.0
standard,P011,87,retained,0.767175572519084,0.6222910216718266,8.80417805236058,3.412030323903943,0.5781057810578106,1283,813,ok,0.9872717989573931,0.0,0.0,0.0
standard,P011,88,retained,0.7702573879885606,0.6263565891472869,9.016495508289024,3.3466411781487073,0.5679314565483476,1281,817,ok,0.9872717989573931,0.0,0.0,0.0
standard,P011,89,retained,0.7643979057591623,0.6186440677966102,9.005384185475203,3.4138271152140045,0.5716034271725826,1284,817,ok,0.9872717989573931,0.0,0.0,0.0
standard,P011,90,retained,0.7657142857142857,0.6203703703703703,8.744137827658346,3.377928987158811,0.5641025641025641,1281,819,ok,0.9872717989573931,0.0,0.0,0.0
standard,P011,91,retained,0.7675417661097852,0.6227730441518203,8.172629850060606,3.2993272012775243,0.5486618004866181,1273,822,ok,0.9872717989573931,0.0,0.0,0.0
standard,P011,92,retained,0.7665871121718377,0.621517027863777,8.172629850060606,3.3220300696616536,0.5393939393939394,1270,825,ok,0.9872717989573931,0.0,0.0,0.0
standard,P011,93,retained,0.7619047619047619,0.6153846153846154,8.624057378253852,3.39818797079705,0.5492788461538461,1289,832,ok,0.9872717989573931,0.0,0.0,0.0
standard,P011,94,retained,0.7511737089201878,0.6015037593984962,9.441908909323882,3.5824508067234273,0.5786924939467313,1304,826,ok,0.9872717989573931,0.0,0.0,0.0
standard,P011,95,retained,0.740983606557377,0.5885416666666666,10.258605897616814,3.753054103705644,0.5910194174757282,1311,824,ok,0.9872717989573931,0.0,0.0,0.0
standard,P011,96,retained,0.7429906542056075,0.5910780669144982,10.522812285250165,3.711394691174933,0.5845410628019324,1312,828,ok,0.9872717989573931,0.0,0.0,0.0
standard,P011,97,retained,0.7467043314500942,0.5957926371149511,10.531064685152044,3.690889327849035,0.5652173913043478,1296,828,ok,0.9872717989573931,0.0,0.0,0.0
standard,P011,98,retained,0.7446908919301557,0.5932330827067669,10.551311515698794,3.685546107235295,0.553012048192771,1289,830,ok,0.9872717989573931,0.0,0.0,0.0
standard,P011,99,retained,0.7398953875416072,0.5871698113207547,10.83183115525349,3.7236348008418556,0.5337349397590362,1273,830,ok,0.9872717989573931,0.0,0.0,0.0
standard,P011,100,retained,0.7534705600765916,0.6044546850998463,9.904520189781083,3.4411324300647914,0.47805456702253857,1246,843,ok,0.9872717989573931,0.0,0.0,0.0
standard,P011,101,retained,0.7545541706615532,0.6058506543494996,9.909545442950495,3.407653751388261,0.4628099173553719,1239,847,ok,0.9872717989573931,0.0,0.0,0.0
standard,P011,102,retained,0.7594202898550725,0.6121495327102804,9.262431792245629,3.3182648075847507,0.44391971664698937,1223,847,ok,0.9872717989573931,0.0,0.0,0.0
standard,P011,103,retained,0.750591575958353,0.6007575757575757,9.219544457292887,3.4682789504548457,0.4800469483568075,1261,852,ok,0.9872717989573931,0.0,0.0,0.0
standard,P011,104,retained,0.7440559440559441,0.5924276169265034,9.219544457292887,3.629206952997838,0.5176056338028169,1293,852,ok,0.9872717989573931,0.0,0.0,0.0
standard,P011,105,retained,0.7443155452436195,0.5927568366592757,9.412537464580227,3.6751678761523414,0.5293427230046949,1303,852,ok,0.9872717989573931,0.0,0.0,0.0
standard,P011,106,retained,0.7452612112806287,0.5939572586588062,9.412537464580227,3.6934522569374915,0.5357561547479485,1310,853,ok,0.9872717989573931,0.0,0.0,0.0
standard,P011,107,retained,0.7481481481481481,0.5976331360946746,8.94427190999916,3.6134809095479237,0.5352112676056338,1308,852,ok,0.9872717989573931,0.0,0.0,0.0
standard,P011,108,retained,0.7532347504621072,0.6041512231282431,8.94427190999916,3.5104357038334983,0.5280373831775701,1308,856,ok,0.9872717989573931,0.0,0.0,0.0
standard,P011,109,retained,0.7587800369685767,0.6113179448994788,8.596473072402423,3.46708438873305,0.5280373831775701,1308,856,ok,0.9872717989573931,0.0,0.0,0.0
standard,P011,110,retained,0.76699484294421,0.6220532319391635,8.497025848454362,3.323232934231356,0.5212765957446809,1287,846,ok,0.9872717989573931,0.0,0.0,0.0
standard,P011,111,retained,0.7810595405532115,0.6407692307692308,8.305978781986134,3.0894645115487687,0.5094117647058823,1283,850,ok,0.9872717989573931,0.0,0.0,0.0
standard,P011,112,retained,0.7870239774330042,0.6488372093023256,8.317932288136298,3.0076738181039793,0.5023529411764706,1277,850,ok,0.9872717989573931,0.0,0.0,0.0
standard,P011,113,retained,0.7836583101207056,0.6442748091603053,8.0990484488859,3.0760137297905685,0.5104895104895105,1296,858,ok,0.9872717989573931,0.0,0.0,0.0
standard,P011,114,retained,0.7806691449814126,0.6402439024390244,7.873251694004628,3.119879509642191,0.5228604923798359,1299,853,ok,0.9872717989573931,0.0,0.0,0.0
standard,P011,115,retained,0.7795823665893271,0.6387832699619772,7.810249675906654,3.1570109447047754,0.5263774912075029,1302,853,ok,0.9872717989573931,0.0,0.0,0.0
standard,P011,116,retained,0.7789084181313598,0.6378787878787879,7.312270189661961,3.1547528066271053,0.5257009345794392,1306,856,ok,0.9872717989573931,0.0,0.0,0.0
standard,P011,117,retained,0.7798334875115633,0.6391205458680819,7.211102550927978,3.1380749154980725,0.5110336817653891,1301,861,ok,0.9872717989573931,0.0,0.0,0.0
standard,P011,118,retained,0.7787528868360277,0.6376701966717095,7.106076496631101,3.1599321315832376,0.511600928074246,1303,862,ok,0.9872717989573931,0.0,0.0,0.0
standard,P011,119,retained,0.7751724137931034,0.6328828828828829,7.106076496631101,3.220289872182202,0.5232018561484919,1313,862,ok,0.9872717989573931,0.0,0.0,0.0
standard,P011,120,retained,0.7748161764705882,0.6324081020255063,7.0710678118654755,3.240089724037315,0.5098039215686274,1309,867,ok,0.9872717989573931,0.0,0.0,0.0
standard,P011,121,retained,0.7729157070474436,0.6298798798798799,7.0710678118654755,3.2598774926788785,0.5040369088811996,1304,867,ok,0.9872717989573931,0.0,0.0,0.0
standard,P011,122,retained,0.7730004623208506,0.6299924642049737,7.0710678118654755,3.260368355988315,0.49480968858131485,1296,867,ok,0.9872717989573931,0.0,0.0,0.0
standard,P011,123,retained,0.7742830712303422,0.6316981132075472,7.0710678118654755,3.2237860025551304,0.4850574712643678,1292,870,ok,0.9872717989573931,0.0,0.0,0.0
standard,P011,124,retained,0.7770642201834862,0.6354088522130532,7.0710678118654755,3.189517130130602,0.4772727272727273,1300,880,ok,0.9872717989573931,0.0,0.0,0.0
standard,P011,125,retained,0.7715078630897317,0.6280120481927711,7.0710678118654755,3.2663717190857593,0.4765177548682703,1289,873,ok,0.9872717989573931,0.0,0.0,0.0
standard,P011,126,retained,0.7643253234750462,0.6185489902767389,7.0710678118654755,3.3483032748637145,0.4759725400457666,1290,874,ok,0.9872717989573931,0.0,0.0,0.0
standard,P011,127,retained,0.7525298988040479,0.6032448377581121,7.211102550927978,3.522258517580331,0.5046082949308756,1306,868,ok,0.9872717989573931,0.0,0.0,0.0
standard,P011,128,retained,0.7441860465116279,0.5925925925925926,7.615773105863909,3.6533970913038636,0.5120274914089347,1320,873,ok,0.9872717989573931,0.0,0.0,0.0
standard,P011,129,retained,0.7452229299363057,0.5939086294416244,7.615773105863909,3.6465188218451834,0.5062713797035348,1321,877,ok,0.9872717989573931,0.0,0.0,0.0
standard,P011,130,retained,0.7472826086956522,0.596529284164859,7.810249675906654,3.656492106468369,0.5005662514156285,1325,883,ok,0.9872717989573931,0.0,0.0,0.0
standard,P011,131,retained,0.7521600727603456,0.6027696793002916,7.810249675906654,3.578791132621217,0.49037372593431483,1316,883,ok,0.9872717989573931,0.0,0.0,0.0
standard,P011,132,retained,0.7584014532243415,0.6108266276517923,7.810249675906654,3.4805828451910084,0.488135593220339,1317,885,ok,0.9872717989573931,0.0,0.0,0.0
standard,P011,133,retained,0.7650273224043715,0.6194690265486725,7.534838994876727,3.3613928298998044,0.47576099210823,1309,887,ok,0.9872717989573931,0.0,0.0,0.0
standard,P011,134,retained,0.7678328032712404,0.6231563421828908,7.615773105863909,3.332286066220386,0.46196868008948544,1307,894,ok,0.9872717989573931,0.0,0.0,0.0
standard,P011,135,retained,0.7722323049001815,0.6289726533628973,7.810249675906654,3.283787453406597,0.46808510638297873,1311,893,ok,0.9872717989573931,0.0,0.0,0.0
standard,P011,136,retained,0.7741059302851969,0.6314623338257016,7.211102550927978,3.2074797335601954,0.4681564245810056,1314,895,ok,0.9872717989573931,0.0,0.0,0.0
standard,P011,137,retained,0.772501130710086,0.6293294030950627,7.211102550927978,3.2585713176395927,0.46488294314381273,1314,897,ok,0.9872717989573931,0.0,0.0,0.0
standard,P011,138,retained,0.7691618108471537,0.6249089584850692,7.72273521938742,3.3254006174403643,0.47339246119733924,1329,902,ok,0.9872717989573931,0.0,0.0,0.0
standard,P011,139,retained,0.7686800894854586,0.6242732558139535,7.948854115722199,3.334347794351494,0.49441964285714285,1339,896,ok,0.9872717989573931,0.0,0.0,0.0
standard,P011,140,retained,0.7583804962995211,0.6107994389901823,8.739103924225232,3.5509868726405927,0.540929203539823,1393,904,ok,0.9872717989573931,0.0,0.0,0.0
standard,P011,141,retained,0.7649122807017544,0.6193181818181818,8.520514796885944,3.4947778578965276,0.5389755011135857,1382,898,ok,0.9872717989573931,0.0,0.0,0.0
standard,P011,142,retained,0.7713787085514834,0.6278409090909091,8.06225774829855,3.3758813268091976,0.5382059800664452,1389,903,ok,0.9872717989573931,0.0,0.0,0.0
standard,P011,143,retained,0.7854001759014951,0.6466328747284577,8.246211251235321,3.1877086604352978,0.5071664829106945,1367,907,ok,0.9872717989573931,0.0,0.0,0.0
standard,P011,144,retained,0.794351279788173,0.6588579795021962,8.40999712298054,3.0681698633086976,0.4955947136563877,1358,908,ok,0.9872717989573931,0.0,0.0,0.0
standard,P011,145,retained,0.7949167397020158,0.6596363636363637,8.154234499766936,3.013245323780874,0.5021929824561403,1370,912,ok,0.9872717989573931,0.0,0.0,0.0
standard,P011,146,retained,0.7861771058315334,0.6476868327402135,8.54400374531753,3.177470614240689,0.5411635565312843,1404,911,ok,0.9872717989573931,0.0,0.0,0.0
standard,P011,147,retained,0.7881392350666093,0.650354609929078,8.739103924225232,3.1570075603548804,0.5321001088139282,1408,919,ok,0.9872717989573931,0.0,0.0,0.0
standard,P011,148,retained,0.7775876817792986,0.636109167249825,8.739103924225232,3.3755027079570734,0.566410537870472,1427,911,ok,0.9872717989573931,0.0,0.0,0.0
standard,P011,149,retained,0.7653490328006728,0.6198910081743869,9.523035462634223,3.624462992194194,0.6131868131868132,1468,910,ok,0.9872717989573931,0.0,0.0,0.0
standard,P011,150,retained,0.764829617164493,0.6192098092643051,9.486832980505138,3.6746633192186606,0.6149614961496149,1468,909,ok,0.9872717989573931,0.0,0.0,0.0
standard,P011,151,retained,0.7612312811980033,0.6145063801208865,8.67071459563393,3.70595456543601,0.6273224043715847,1489,915,ok,0.9872717989573931,0.0,0.0,0.0
standard,P011,152,retained,0.7605284888521883,0.6135909393737509,9.219544457292887,3.764295607416095,0.6297502714440825,1501,921,ok,0.9872717989573931,0.0,0.0,0.0
standard,P011,153,retained,0.7612312811980033,0.6145063801208865,8.958035537363848,3.67283918534843,0.6273224043715847,1489,915,ok,0.9872717989573931,0.0,0.0,0.0
standard,P011,154,retained,0.7671691792294807,0.6222826086956522,8.48528137423857,3.557814039622645,0.6069868995633187,1472,916,ok,0.9872717989573931,0.0,0.0,0.0
standard,P011,155,retained,0.7760814249363868,0.6340956340956341,8.37769981888711,3.408794525835136,0.5770491803278689,1443,915,ok,0.9872717989573931,0.0,0.0,0.0
standard,P011,156,retained,0.7766907698851553,0.6349095966620306,8.401606831187427,3.403152329582075,0.5750273822562979,1438,913,ok,0.9872717989573931,0.0,0.0,0.0
standard,P011,157,retained,0.7784891165172856,0.6373165618448637,7.810249675906654,3.3514902829346247,0.569078947368421,1431,912,ok,0.9872717989573931,0.0,0.0,0.0
standard,P011,158,retained,0.7806943268416596,0.6402777777777777,7.810249675906654,3.3165702778763277,0.561822125813449,1440,922,ok,0.9872717989573931,0.0,0.0,0.0
standard,P011,159,retained,0.7800759814267624,0.639446366782007,7.810249675906654,3.3163608486555556,0.5638528138528138,1445,924,ok,0.9872717989573931,0.0,0.0,0.0
standard,P011,160,retained,0.7770807193642827,0.6354309165526676,7.674116076876734,3.3613779302141857,0.573735199138859,1462,929,ok,0.9872717989573931,0.0,0.0,0.0
standard,P011,161,retained,0.7777312683131017,0.6363013698630137,7.615773105863909,3.3506344733715996,0.5715823466092572,1460,929,ok,0.9872717989573931,0.0,0.0,0.0
standard,P011,162,retained,0.7778240933722385,0.6364256480218281,7.615773105863909,3.3679790965364016,0.5712754555198285,1466,933,ok,0.9872717989573931,0.0,0.0,0.0
standard,P011,163,retained,0.7798165137614679,0.6390977443609023,7.810249675906654,3.318037797716536,0.5647058823529412,1463,935,ok,0.9872717989573931,0.0,0.0,0.0
standard,P011,164,retained,0.779491454772822,0.6386612021857924,7.654668419872456,3.34244968834153,0.5657754010695187,1464,935,ok,0.9872717989573931,0.0,0.0,0.0
standard,P011,165,retained,0.783402489626556,0.6439290586630286,7.615773105863909,3.2530066797764716,0.5529661016949152,1466,944,ok,0.9872717989573931,0.0,0.0,0.0
standard,P011,166,retained,0.7827529021558872,0.6430517711171662,7.625496934366048,3.2753800286709507,0.5550847457627118,1468,944,ok,0.9872717989573931,0.0,0.0,0.0
standard,P011,167,retained,0.7816377171215881,0.6415478615071283,7.296893050109691,3.2979356745314536,0.5587301587301587,1473,945,ok,0.9872717989573931,0.0,0.0,0.0
standard,P011,168,retained,0.7834710743801653,0.6440217391304348,7.280109889280518,3.2675582218293777,0.5527426160337553,1472,948,ok,0.9872717989573931,0.0,0.0,0.0
standard,P011,169,retained,0.7850931677018633,0.6462167689161554,7.211102550927978,3.2343992151320298,0.5474683544303798,1467,948,ok,0.9872717989573931,0.0,0.0,0.0
standard,P011,170,retained,0.7885572139303483,0.6509240246406571,7.211102550927978,3.18348056519136,0.5362776025236593,1461,951,ok,0.9872717989573931,0.0,0.0,0.0
standard,P011,171,retained,0.7900414937759336,0.6529492455418381,7.078069548818602,3.162108793180663,0.5315126050420168,1458,952,ok,0.9872717989573931,0.0,0.0,0.0
standard,P011,172,retained,0.7910261736601579,0.6542955326460481,6.744490320435967,3.143815176778324,0.5283613445378151,1455,952,ok,0.9872717989573931,0.0,0.0,0.0
standard,P011,173,retained,0.7928601079286011,0.6568088033012379,6.708203932499369,3.0937764944250365,0.5225130890052356,1454,955,ok,0.9872717989573931,0.0,0.0,0.0
standard,P011,174,retained,0.7922185430463576,0.6559287183002056,6.708203932499369,3.111976413600168,0.5245559038662487,1459,957,ok,0.9872717989573931,0.0,0.0,0.0
standard,P011,175,retained,0.7918739635157546,0.6554564172958133,6.324555320336759,3.1115229586399153,0.5256544502617801,1457,955,ok,0.9872717989573931,0.0,0.0,0.0
standard,P011,176,retained,0.791890773686388,0.6554794520547945,6.324555320336759,3.11190508911828,0.5256008359456635,1460,957,ok,0.9872717989573931,0.0,0.0,0.0
standard,P011,177,retained,0.7910447761194029,0.654320987654321,6.324555320336759,3.122327288680467,0.5283018867924528,1458,954,ok,0.9872717989573931,0.0,0.0,0.0
standard,P011,178,retained,0.7928896238114923,0.6568493150684932,6.082762530298219,3.1019068843824105,0.5224191866527633,1460,959,ok,0.9872717989573931,0.0,0.0,0.0
standard,P011,179,retained,0.7854183927091963,0.6466575716234653,6.494648145952809,3.242814939857343,0.5464135021097046,1466,948,ok,0.9872717989573931,0.0,0.0,0.0
standard,P011,180,retained,0.7771716323961393,0.6355525051475635,7.211102550927978,3.3593911156043377,0.5734341252699784,1457,926,ok,0.9872717989573931,0.0,0.0,0.0
standard,P011,181,retained,0.7681281618887015,0.6235455167693361,7.961454519341783,3.5142205240803315,0.6037321624588364,1461,911,ok,0.9872717989573931,0.0,0.0,0.0
standard,P011,182,retained,0.7630691399662732,0.6169052488070893,8.454665997092864,3.6129011594441223,0.6209944751381216,1467,905,ok,0.9872717989573931,0.0,0.0,0.0
standard,P011,183,retained,0.7597097737942808,0.6125258086717137,9.041538853603063,3.6709650231554245,0.6325842696629214,1453,890,ok,0.9872717989573931,0.0,0.0,0.0
standard,P011,184,retained,0.7603160667251976,0.613314447592068,9.313941458968355,3.641941162990692,0.6304849884526559,1412,866,ok,0.9872717989573931,0.0,0.0,0.0
standard,P011,185,retained,0.7663384064458371,0.6211901306240929,9.559237944763327,3.503323312432496,0.6098130841121495,1378,856,ok,0.9872717989573931,0.0,0.0,0.0
standard,P011,186,retained,0.7694419030192132,0.625278810408922,9.219544457292887,3.433107250139942,0.5992865636147443,1345,841,ok,0.9872717989573931,0.0,0.0,0.0
standard,P011,187,retained,0.7653061224489796,0.6198347107438017,10.907845315728135,3.52718372090063,0.6038647342995169,1328,828,ok,0.9872717989573931,0.0,0.0,0.0
standard,P011,188,retained,0.7638238050609185,0.6178923426838514,11.911409973215884,3.553189611004306,0.6056166056166056,1315,819,ok,0.9872717989573931,0.0,0.0,0.0
standard,P011,189,retained,0.7662582469368521,0.6210847975553858,12.02727751563339,3.5069880540282212,0.590964590964591,1303,819,ok,0.9872717989573931,0.0,0.0,0.0
standard,P011,190,retained,0.7722960151802657,0.6290571870170015,12.535897707257735,3.4239716345791384,0.5801713586291309,1291,817,ok,0.9872717989573931,0.0,0.0,0.0
standard,P011,191,retained,0.7674858223062382,0.6226993865030674,13.273331251301071,3.4805327283179506,0.6027060270602707,1303,813,ok,0.9872717989573931,0.0,0.0,0.0
standard,P011,192,retained,0.7714285714285715,0.627906976744186,13.0,3.4274059287379255,0.5893958076448829,1289,811,ok,0.9872717989573931,0.0,0.0,0.0
standard,P011,193,retained,0.7751789976133652,0.6328916601714731,12.161401106246345,3.3226062152122458,0.5768757687576875,1282,813,ok,0.9872717989573931,0.0,0.0,0.0
standard,P011,194,retained,0.7872031022782355,0.6490807354116707,11.734229919647653,3.132253100040663,0.5406403940886699,1251,812,ok,0.9872717989573931,0.0,0.0,0.0
standard,P011,195,retained,0.788829005389515,0.651294498381877,11.257834914721291,3.11279957609328,0.5354037267080746,1236,805,ok,0.9872717989573931,0.0,0.0,0.0
standard,P011,196,retained,0.7905604719764012,0.6536585365853659,11.257834914721291,3.0673145016855674,0.5298507462686567,1230,804,ok,0.9872717989573931,0.0,0.0,0.0
standard,P011,197,retained,0.7845249755142018,0.645447219983884,10.954834237222476,3.1595795048796096,0.5493133583021224,1241,801,ok,0.9872717989573931,0.0,0.0,0.0
standard,P011,198,retained,0.7792333818534692,0.6383147853736089,11.793289937503742,3.2670727924008176,0.5666251556662516,1258,803,ok,0.9872717989573931,0.0,0.0,0.0
standard,P011,199,retained,0.7704130643611912,0.6265625,11.77852493303972,3.3761580943333405,0.5960099750623441,1280,802,ok,0.9872717989573931,0.0,0.0,0.0
standard,P012,0,retained,0.8422057770350919,0.7274226804123711,6.4031242374328485,2.8715329691465565,0.23991596638655463,1809,2380,ok,0.9846355217987061,0.0,0.0,0.0
standard,P012,1,retained,0.8391708363116511,0.7229064039408867,6.708203932499369,2.930209440734741,0.2490613266583229,1800,2397,ok,0.9846355217987061,0.0,0.0,0.0
standard,P012,2,retained,0.845164363982849,0.7318481848184818,6.4031242374328485,2.804414052235091,0.25083333333333335,1798,2400,ok,0.9846355217987061,0.0,0.0,0.0
standard,P012,3,retained,0.8429433051869722,0.7285237698081735,6.708203932499369,2.8161656379653435,0.2649644202595228,1756,2389,ok,0.9846355217987061,0.0,0.0,0.0
standard,P012,4,retained,0.8411850412821759,0.7259010896898574,6.708203932499369,2.8502185238052524,0.2653748946925021,1744,2374,ok,0.9846355217987061,0.0,0.0,0.0
standard,P012,5,retained,0.8321984435797666,0.7126197417742607,6.708203932499369,2.972579660195415,0.2809364548494983,1720,2392,ok,0.9846355217987061,0.0,0.0,0.0
standard,P012,6,retained,0.8353279080899952,0.7172215371968763,6.708203932499369,2.9397235483233914,0.2671090833678971,1767,2411,ok,0.9846355217987061,0.0,0.0,0.0
standard,P012,7,retained,0.8278018278018278,0.7061961427985227,6.708203932499369,3.0472697343738093,0.2718204488778055,1752,2406,ok,0.9846355217987061,0.0,0.0,0.0
standard,P012,8,retained,0.8224254090471608,0.6984062116877809,6.4031242374328485,3.1136566097075518,0.2654424040066778,1760,2396,ok,0.9846355217987061,0.0,0.0,0.0
standard,P012,9,retained,0.824578313253012,0.7015170151701517,6.4031242374328485,3.0398028434110502,0.26214405360134,1762,2388,ok,0.9846355217987061,0.0,0.0,0.0
standard,P012,10,retained,0.8335284476703348,0.7145724608590928,5.830951894845301,2.9047343040938247,0.25245499181669395,1827,2444,ok,0.9846355217987061,0.0,0.0,0.0
standard,P012,11,retained,0.8493088601858146,0.7380858605750296,5.575347416784999,2.707368271085884,0.23267921505806968,1916,2497,ok,0.9846355217987061,0.0,0.0,0.0
standard,P012,12,retained,0.8585120949338202,0.7520991603358657,5.0,2.5116088036449704,0.21579804560260588,1926,2456,ok,0.9846355217987061,0.0,0.0,0.0
standard,P012,13,retained,0.8662647912480465,0.7640803465931469,5.0,2.3917970942344366,0.22332407774692584,1958,2521,ok,0.9846355217987061,0.0,0.0,0.0
standard,P012,14,retained,0.8638080426571872,0.7602659366445053,5.385164807134504,2.427905357603447,0.22165152113789016,1970,2531,ok,0.9846355217987061,0.0,0.0,0.0
standard,P012,15,retained,0.858590308370044,0.7522192203782323,6.3324122120463695,2.536080634489792,0.20836621941594316,2006,2534,ok,0.9846355217987061,0.0,0.0,0.0
standard,P012,16,retained,0.856893922892616,0.7496189024390244,6.324555320336759,2.570298620507241,0.2017234625930278,2038,2553,ok,0.9846355217987061,0.0,0.0,0.0
standard,P012,17,retained,0.8561525129982669,0.7484848484848485,6.387410454013627,2.581646815175538,0.1890937622597097,2067,2549,ok,0.9846355217987061,0.0,0.0,0.0
standard,P012,18,retained,0.8661758336942399,0.7639419404125286,6.4031242374328485,2.4084048690178594,0.1601593625498008,2108,2510,ok,0.9846355217987061,0.0,0.0,0.0
standard,P012,19,retained,0.8671117811759638,0.7653992395437262,6.418378222186161,2.407570157792443,0.15314240254574382,2129,2514,ok,0.9846355217987061,0.0,0.0,0.0
standard,P012,20,retained,0.8642872408634323,0.7610086563793752,6.708203932499369,2.4887521392906664,0.1542406311637081,2144,2535,ok,0.9846355217987061,0.0,0.0,0.0
standard,P012,21,retained,0.8623931623931624,0.758076634109692,6.97082039324993,2.5294842683156613,0.15311760063141278,2146,2534,ok,0.9846355217987061,0.0,0.0,0.0
standard,P012,22,retained,0.8603988603988604,0.755,6.324555320336759,2.5301978251361965,0.1503850830968788,2096,2467,ok,0.9846355217987061,0.0,0.0,0.0
standard,P012,23,retained,0.8666521644550794,0.7646833013435701,6.082762530298219,2.4183348184787627,0.145623235175474,2118,2479,ok,0.9846355217987061,0.0,0.0,0.0
standard,P012,24,retained,0.8701954755106523,0.7702177293934681,6.0,2.355411392000447,0.13859362224039248,2107,2446,ok,0.9846355217987061,0.0,0.0,0.0
standard,P012,25,retained,0.87090389267649,0.7713283989092325,6.0,2.3446295732017832,0.1410466067048242,2101,2446,ok,0.9846355217987061,0.0,0.0,0.0
standard,P012,26,retained,0.8712871287128713,0.7719298245614035,6.0,2.377109209164013,0.12206952303961197,2172,2474,ok,0.9846355217987061,0.0,0.0,0.0
standard,P012,27,retained,0.8642398286937901,0.7609351432880844,6.324555320336759,2.505654521866347,0.12750601443464316,2176,2494,ok,0.9846355217987061,0.0,0.0,0.0
standard,P012,28,retained,0.8556973163220414,0.7477893118031527,6.324555320336759,2.6557648296778322,0.12767710049423395,2118,2428,ok,0.9846355217987061,0.0,0.0,0.0
standard,P012,29,retained,0.846934274371416,0.7345065034429993,6.4031242374328485,2.804019052710775,0.12799339388934763,2112,2422,ok,0.9846355217987061,0.0,0.0,0.0
standard,P012,30,retained,0.8425456947808853,0.7279299847792998,6.4031242374328485,2.90081211453855,0.12044701986754967,2125,2416,ok,0.9846355217987061,0.0,0.0,0.0
standard,P012,31,retained,0.835193696651346,0.7170236753100339,6.4031242374328485,3.064484004915879,0.10729080364540182,2155,2414,ok,0.9846355217987061,0.0,0.0,0.0
standard,P012,32,retained,0.8350785340314136,0.7168539325842697,6.4031242374328485,3.0864767635477808,0.10969072164948454,2159,2425,ok,0.9846355217987061,0.0,0.0,0.0
standard,P012,33,retained,0.829652307019462,0.7088938714499252,6.708203932499369,3.181420869455184,0.09616985845129059,2171,2402,ok,0.9846355217987061,0.0,0.0,0.0
standard,P012,34,retained,0.8348643452253792,0.7165383204987166,7.127081707490474,3.156415864459562,0.08938775510204082,2231,2450,ok,0.9846355217987061,0.0,0.0,0.0
standard,P012,35,retained,0.8369912635840614,0.7196775375595457,7.0710678118654755,3.128059975100797,0.08057259713701431,2248,2445,ok,0.9846355217987061,0.0,0.0,0.0
standard,P012,36,retained,0.8348271446862996,0.7164835164835165,7.0710678118654755,3.1681200488257506,0.07950819672131147,2246,2440,ok,0.9846355217987061,0.0,0.0,0.0
standard,P012,37,retained,0.829004329004329,0.7079482439926063,6.708203932499369,3.2309274260797194,0.0805982550893228,2213,2407,ok,0.9846355217987061,0.0,0.0,0.0
standard,P012,38,retained,0.8279334500875657,0.7063877474785207,7.0710678118654755,3.2308195264192276,0.07582139848357203,2194,2374,ok,0.9846355217987061,0.0,0.0,0.0
standard,P012,39,retained,0.8260965395635883,0.7037176117161097,7.0710678118654755,3.242662391344326,0.08887952822240944,2163,2374,ok,0.9846355217987061,0.0,0.0,0.0
standard,P012,40,retained,0.8295302013422818,0.7087155963302753,7.211102550927978,3.1678879797878463,0.08647260273972603,2134,2336,ok,0.9846355217987061,0.0,0.0,0.0
standard,P012,41,retained,0.8325571080062099,0.7131458966565349,6.708203932499369,3.1005529047835503,0.08940677966101696,2149,2360,ok,0.9846355217987061,0.0,0.0,0.0
standard,P012,42,retained,0.8412132024977699,0.7259430331023865,6.708203932499369,2.9200087446286647,0.08947592671495526,2137,2347,ok,0.9846355217987061,0.0,0.0,0.0
standard,P012,43,retained,0.8468953149518045,0.7344479004665629,6.4031242374328485,2.793138530722607,0.09927567106945036,2114,2347,ok,0.9846355217987061,0.0,0.0,0.0
standard,P012,44,retained,0.8575913882036331,0.7506870828425599,6.0,2.582934077570331,0.09199828840393667,2122,2337,ok,0.9846355217987061,0.0,0.0,0.0
standard,P012,45,retained,0.8609154929577465,0.7557959814528593,5.830951894845301,2.549531971978833,0.09555741827326068,2158,2386,ok,0.9846355217987061,0.0,0.0,0.0
standard,P012,46,retained,0.8648405927256398,0.7618670886075949,5.656854249492381,2.431926889695876,0.09005145797598628,2122,2332,ok,0.9846355217987061,0.0,0.0,0.0
standard,P012,47,retained,0.8680351906158358,0.7668393782383419,5.385164807134504,2.3656137769318333,0.09660798626019751,2104,2329,ok,0.9846355217987061,0.0,0.0,0.0
standard,P012,48,retained,0.869063470927652,0.7684458398744113,5.778722601239413,2.3746125172622565,0.09873417721518987,2136,2370,ok,0.9846355217987061,0.0,0.0,0.0
standard,P012,49,retained,0.8654188948306596,0.762765121759623,5.656854249492381,2.4231277977691645,0.10632911392405063,2118,2370,ok,0.9846355217987061,0.0,0.0,0.0
standard,P012,50,retained,0.8674107142857143,0.7658651951123374,5.385164807134504,2.3922695178239417,0.10970464135021098,2110,2370,ok,0.9846355217987061,0.0,0.0,0.0
standard,P012,51,retained,0.8739420935412027,0.7761075949367089,5.0,2.2573932786951554,0.09826344769165608,2129,2361,ok,0.9846355217987061,0.0,0.0,0.0
standard,P012,52,retained,0.8716323296354992,0.7724719101123596,5.0,2.2520119259301974,0.10347788750536711,2088,2329,ok,0.9846355217987061,0.0,0.0,0.0
standard,P012,53,retained,0.8751696065128901,0.7780458383594693,4.47213595499958,2.1986662516759443,0.08654262224145391,2111,2311,ok,0.9846355217987061,0.0,0.0,0.0
standard,P012,54,retained,0.8700045934772623,0.7699186991869919,5.0,2.258763455290093,0.0911880754055239,2073,2281,ok,0.9846355217987061,0.0,0.0,0.0
standard,P012,55,retained,0.8635648460328164,0.7598892405063291,5.656854249492381,2.4253405419444016,0.12040557667934093,2082,2367,ok,0.9846355217987061,0.0,0.0,0.0
standard,P012,56,retained,0.8665605819504433,0.7645407139991978,5.830951894845301,2.355999901834475,0.11525278491859468,2065,2334,ok,0.9846355217987061,0.0,0.0,0.0
standard,P012,57,retained,0.8647670737222976,0.7617529880478088,5.830951894845301,2.4097734563768,0.12706480304955528,2061,2361,ok,0.9846355217987061,0.0,0.0,0.0
standard,P012,58,retained,0.8616636528028933,0.7569499602859412,5.830951894845301,2.449836425518011,0.12064570943075616,2070,2354,ok,0.9846355217987061,0.0,0.0,0.0
standard,P012,59,retained,0.8623646209386282,0.7580325267750893,5.656854249492381,2.4588523149414736,0.10436270316509838,2094,2338,ok,0.9846355217987061,0.0,0.0,0.0
standard,P012,60,retained,0.8606143970655663,0.7553319919517103,5.656854249492381,2.463595383518493,0.10100130605137135,2065,2297,ok,0.9846355217987061,0.0,0.0,0.0
standard,P012,61,retained,0.8617923447169379,0.7571486105517519,5.656854249492381,2.4428944905108256,0.10551454624402953,2060,2303,ok,0.9846355217987061,0.0,0.0,0.0
standard,P012,62,retained,0.8596851471594799,0.7539015606242497,5.735198189901182,2.5198727314375,0.10013003901170352,2076,2307,ok,0.9846355217987061,0.0,0.0,0.0
standard,P012,63,retained,0.8600917431192661,0.7545271629778671,5.830951894845301,2.4843085508378113,0.09690091663029245,2069,2291,ok,0.9846355217987061,0.0,0.0,0.0
standard,P012,64,retained,0.8621875716578766,0.7577589681580008,5.830951894845301,2.44923544398104,0.09812472743131269,2068,2293,ok,0.9846355217987061,0.0,0.0,0.0
standard,P012,65,retained,0.8602840128263857,0.7548231511254019,5.830951894845301,2.49721793923198,0.09344978165938865,2076,2290,ok,0.9846355217987061,0.0,0.0,0.0
standard,P012,66,retained,0.8667428571428571,0.7648245260185559,5.656854249492381,2.36716449093445,0.08701355487538259,2088,2287,ok,0.9846355217987061,0.0,0.0,0.0
standard,P012,67,retained,0.8634381455129676,0.7596930533117933,5.656854249492381,2.4466479332294204,0.10317805833696125,2060,2297,ok,0.9846355217987061,0.0,0.0,0.0
standard,P012,68,retained,0.859122401847575,0.7530364372469636,5.830951894845301,2.4974675400486643,0.1042031523642732,2046,2284,ok,0.9846355217987061,0.0,0.0,0.0
standard,P012,69,retained,0.8542783865702961,0.7456247456247457,5.656854249492381,2.5491645303390067,0.10221238938053097,2029,2260,ok,0.9846355217987061,0.0,0.0,0.0
standard,P012,70,retained,0.8543644362120861,0.7457558609539208,5.656854249492381,2.5682733639876356,0.10901926444833625,2035,2284,ok,0.9846355217987061,0.0,0.0,0.0
standard,P012,71,retained,0.8547047970479705,0.7462746677406363,6.324555320336759,2.5904970934514395,0.1326442721791559,2014,2322,ok,0.9846355217987061,0.0,0.0,0.0
standard,P012,72,retained,0.8405051449953227,0.7248890681726503,6.4031242374328485,2.840553426760341,0.12784588441331,1992,2284,ok,0.9846355217987061,0.0,0.0,0.0
standard,P012,73,retained,0.8493213710605015,0.7381047580967613,6.324555320336759,2.680675042977299,0.13433476394849786,2017,2330,ok,0.9846355217987061,0.0,0.0,0.0
standard,P012,74,retained,0.8495860165593376,0.7385045981607357,6.324555320336759,2.675563009415834,0.13550600343053174,2016,2332,ok,0.9846355217987061,0.0,0.0,0.0
standard,P012,75,retained,0.8534562211981567,0.7443729903536977,6.324555320336759,2.6044042887623355,0.13573883161512026,2012,2328,ok,0.9846355217987061,0.0,0.0,0.0
standard,P012,76,retained,0.8556223970384081,0.7476748887990295,6.082762530298219,2.567545632867982,0.13465688390159689,2005,2317,ok,0.9846355217987061,0.0,0.0,0.0
standard,P012,77,retained,0.8468888371009089,0.7344381568310429,6.0,2.7024223615110667,0.10802469135802469,2023,2268,ok,0.9846355217987061,0.0,0.0,0.0
standard,P012,78,retained,0.8514989542179875,0.7414002428166734,6.0,2.596150498285495,0.10523998238661382,2032,2271,ok,0.9846355217987061,0.0,0.0,0.0
standard,P012,79,retained,0.857406127620364,0.7504032258064516,5.830951894845301,2.5153003190725407,0.10436681222707424,2051,2290,ok,0.9846355217987061,0.0,0.0,0.0
standard,P012,80,retained,0.8636468153598529,0.7600161877782274,5.656854249492381,2.402372581813894,0.1000436871996505,2060,2289,ok,0.9846355217987061,0.0,0.0,0.0
standard,P012,81,retained,0.863196683555965,0.7593192868719612,5.830951894845301,2.4201683709013513,0.09978118161925602,2057,2285,ok,0.9846355217987061,0.0,0.0,0.0
standard,P012,82,retained,0.8593930970581423,0.7534524776604387,6.082762530298219,2.5110219513285132,0.10823838737949168,2035,2282,ok,0.9846355217987061,0.0,0.0,0.0
standard,P012,83,retained,0.8672362041099053,0.7655931512433755,6.0,2.3665256161330044,0.09960508995173321,2052,2279,ok,0.9846355217987061,0.0,0.0,0.0
standard,P012,84,retained,0.8685608685608686,0.7676602694977542,5.830951894845301,2.3137159085239003,0.09546854377474703,2056,2273,ok,0.9846355217987061,0.0,0.0,0.0
standard,P012,85,retained,0.8665148063781322,0.7644694533762058,6.0,2.3802705016801853,0.09296264118158123,2088,2302,ok,0.9846355217987061,0.0,0.0,0.0
standard,P012,86,retained,0.8663615560640733,0.7642309245054502,5.91547594742265,2.360969118825246,0.08333333333333333,2090,2280,ok,0.9846355217987061,0.0,0.0,0.0
standard,P012,87,retained,0.8602599814298979,0.754786150712831,6.0,2.4892709611107384,0.08021390374331551,2064,2244,ok,0.9846355217987061,0.0,0.0,0.0
standard,P012,88,retained,0.8632830361225423,0.7594529364440868,6.082762530298219,2.4723314474301037,0.0907900480139677,2083,2291,ok,0.9846355217987061,0.0,0.0,0.0
standard,P012,89,retained,0.8571428571428571,0.75,6.0,2.634885509176099,0.09200863930885529,2102,2315,ok,0.9846355217987061,0.0,0.0,0.0
standard,P012,90,retained,0.857470736745467,0.7505022097227803,6.082762530298219,2.578770572601462,0.09488412767818102,2070,2287,ok,0.9846355217987061,0.0,0.0,0.0
standard,P012,91,retained,0.8627630375114365,0.7586484312148029,6.324555320336759,2.5079583369340375,0.09332751853467074,2079,2293,ok,0.9846355217987061,0.0,0.0,0.0
standard,P012,92,retained,0.8653321201091901,0.7626303127506014,5.830951894845301,2.4555795768012887,0.07699037620297462,2110,2286,ok,0.9846355217987061,0.0,0.0,0.0
standard,P012,93,retained,0.8679417122040073,0.7666934835076428,5.656854249492381,2.3996870548185547,0.07452871547566857,2111,2281,ok,0.9846355217987061,0.0,0.0,0.0
standard,P012,94,retained,0.869246622395237,0.7687322802754152,5.830951894845301,2.3670637074229623,0.08380868802106187,2088,2279,ok,0.9846355217987061,0.0,0.0,0.0
standard,P012,95,retained,0.8728600776078521,0.7744025921425678,5.656854249492381,2.2953107744296064,0.07850877192982456,2101,2280,ok,0.9846355217987061,0.0,0.0,0.0
standard,P012,96,retained,0.8729760547320411,0.7745851881829219,5.656854249492381,2.2949739395425817,0.07337434094903339,2109,2276,ok,0.9846355217987061,0.0,0.0,0.0
standard,P012,97,retained,0.8695850433196535,0.7692617991125453,5.830951894845301,2.3743629314478794,0.07547169811320754,2107,2279,ok,0.9846355217987061,0.0,0.0,0.0
standard,P012,98,retained,0.8622589531680441,0.7578692493946732,6.082762530298219,2.4942419469538177,0.08274647887323944,2084,2272,ok,0.9846355217987061,0.0,0.0,0.0
standard,P012,99,retained,0.8694267515923567,0.7690140845070422,5.830951894845301,2.3767448785653937,0.06599208095028597,2123,2273,ok,0.9846355217987061,0.0,0.0,0.0
standard,P012,100,retained,0.8698720776356418,0.7697111631537861,5.6296853052565865,2.3807010587155712,0.07063829787234042,2184,2350,ok,0.9846355217987061,0.0,0.0,0.0
standard,P012,101,retained,0.8704113224237063,0.7705559906029757,5.643269777374468,2.364728264487369,0.07081911262798635,2178,2344,ok,0.9846355217987061,0.0,0.0,0.0
standard,P012,102,retained,0.8755575379125781,0.7786592621975407,5.342243013103253,2.2111174747210005,0.055507372072853424,2178,2306,ok,0.9846355217987061,0.0,0.0,0.0
standard,P012,103,retained,0.8772869254796966,0.7813990461049285,5.656854249492381,2.161864056841235,0.05721716514954486,2175,2307,ok,0.9846355217987061,0.0,0.0,0.0
standard,P012,104,retained,0.8767303889255109,0.7805164319248826,5.91547594742265,2.1781059865613885,0.06010230179028133,2205,2346,ok,0.9846355217987061,0.0,0.0,0.0
standard,P012,105,retained,0.8790322580645161,0.7841726618705036,6.178505426185203,2.1204414536340104,0.04980340760157274,2175,2289,ok,0.9846355217987061,0.0,0.0,0.0
standard,P012,106,retained,0.8814630842176564,0.7880500605571256,5.830951894845301,2.0328730016544845,0.061706783369803064,2144,2285,ok,0.9846355217987061,0.0,0.0,0.0
standard,P012,107,retained,0.8923353562598336,0.8056006493506493,5.656854249492381,1.863868026927419,0.07068516912402428,2143,2306,ok,0.9846355217987061,0.0,0.0,0.0
standard,P012,108,retained,0.8989830508474577,0.8165024630541872,5.385164807134504,1.729625259007747,0.07357422725293862,2128,2297,ok,0.9846355217987061,0.0,0.0,0.0
standard,P012,109,retained,0.9024224586823636,0.8221947194719472,5.313628483749074,1.6650943405808458,0.07956521739130434,2117,2300,ok,0.9846355217987061,0.0,0.0,0.0
standard,P012,110,retained,0.9011982817092471,0.820164609053498,5.656854249492381,1.692750453011125,0.08112798264642082,2118,2305,ok,0.9846355217987061,0.0,0.0,0.0
standard,P012,111,retained,0.905608755129959,0.8275,5.074264635194588,1.6231823681710675,0.08722197993894461,2093,2293,ok,0.9846355217987061,0.0,0.0,0.0
standard,P012,112,retained,0.9058931018730013,0.8279749478079332,5.0,1.6255271028785219,0.09154315605928509,2084,2294,ok,0.9846355217987061,0.0,0.0,0.0
standard,P012,113,retained,0.8997711670480549,0.8178036605657238,5.0,1.7240937593579535,0.11556705476498491,2051,2319,ok,0.9846355217987061,0.0,0.0,0.0
standard,P012,114,retained,0.8910433979686058,0.8034970857618651,5.656854249492381,1.8632382365132507,0.13195342820181113,2013,2319,ok,0.9846355217987061,0.0,0.0,0.0
standard,P012,115,retained,0.8801463860933212,0.7859477124183006,6.359911333029994,2.025282132510244,0.13242204186245193,2031,2341,ok,0.9846355217987061,0.0,0.0,0.0
standard,P012,116,retained,0.8760027504011002,0.7793637846655791,6.708203932499369,2.105940560246455,0.129073756432247,2031,2332,ok,0.9846355217987061,0.0,0.0,0.0
standard,P012,117,retained,0.8792180591110077,0.784468438538206,6.324555320336759,2.0286388519342275,0.12685265911072363,2003,2294,ok,0.9846355217987061,0.0,0.0,0.0
standard,P012,118,retained,0.8770885786221103,0.7810843864655523,7.0710678118654755,2.1301494083622363,0.12650085763293312,2037,2332,ok,0.9846355217987061,0.0,0.0,0.0
standard,P012,119,retained,0.8781714285714286,0.7828035859820701,7.238705486268993,2.092361881439615,0.1271404109589041,2039,2336,ok,0.9846355217987061,0.0,0.0,0.0
standard,P012,120,retained,0.8782707622298066,0.7829614604462475,7.211102550927978,2.08063332629632,0.1337579617834395,2040,2355,ok,0.9846355217987061,0.0,0.0,0.0
standard,P012,121,retained,0.8780709736123748,0.7826439578264396,7.211102550927978,2.0856054947879454,0.13333333333333333,2041,2355,ok,0.9846355217987061,0.0,0.0,0.0
standard,P012,122,retained,0.880036421579786,0.7857723577235772,7.120079970537355,2.074799795843452,0.1346072186836518,2038,2355,ok,0.9846355217987061,0.0,0.0,0.0
standard,P012,123,retained,0.8871260199456029,0.7971486761710794,7.02132034355964,1.9611988439369428,0.12653927813163482,2057,2355,ok,0.9846355217987061,0.0,0.0,0.0
standard,P012,124,retained,0.8852459016393442,0.7941176470588235,7.028427124746188,1.9931669433799415,0.13503184713375796,2037,2355,ok,0.9846355217987061,0.0,0.0,0.0
standard,P012,125,retained,0.8737419945105215,0.7757920389926889,7.0710678118654755,2.1812233635638845,0.1435244161358811,2017,2355,ok,0.9846355217987061,0.0,0.0,0.0
standard,P012,126,retained,0.863339552238806,0.7595404185473943,7.211102550927978,2.374706304607391,0.16044616044616045,1957,2331,ok,0.9846355217987061,0.0,0.0,0.0
standard,P012,127,retained,0.8605780346820809,0.755275974025974,7.0,2.4566099635620144,0.16348195329087048,1970,2355,ok,0.9846355217987061,0.0,0.0,0.0
standard,P012,128,retained,0.8539586719294172,0.7451377633711507,7.0,2.5496691089225365,0.15308747855917668,1975,2332,ok,0.9846355217987061,0.0,0.0,0.0
standard,P012,129,retained,0.8437573202155071,0.729740680713128,7.0710678118654755,2.7015996281441814,0.1654490760636012,1942,2327,ok,0.9846355217987061,0.0,0.0,0.0
standard,P012,130,retained,0.848092485549133,0.7362505018065034,7.0710678118654755,2.6582887320503614,0.16348195329087048,1970,2355,ok,0.9846355217987061,0.0,0.0,0.0
standard,P012,131,retained,0.8514760147601476,0.7413654618473896,7.0710678118654755,2.599753398436846,0.15881104033970275,1981,2355,ok,0.9846355217987061,0.0,0.0,0.0
standard,P012,132,retained,0.8520009471939379,0.7421617161716172,6.810332556124597,2.5508203745515763,0.1694841785869094,1916,2307,ok,0.9846355217987061,0.0,0.0,0.0
standard,P012,133,retained,0.8549112426035503,0.746589499793303,6.509902130706138,2.481940840298141,0.16861725184221935,1918,2307,ok,0.9846355217987061,0.0,0.0,0.0
standard,P012,134,retained,0.8554502369668247,0.7474120082815735,7.0,2.5013257767112047,0.1684027777777778,1916,2304,ok,0.9846355217987061,0.0,0.0,0.0
standard,P012,135,retained,0.8552266419981499,0.7470707070707071,7.0710678118654755,2.511301996131837,0.16390658174097664,1969,2355,ok,0.9846355217987061,0.0,0.0,0.0
standard,P012,136,retained,0.8531533628112636,0.7439123376623377,7.0710678118654755,2.5599108483800768,0.17537154989384288,1942,2355,ok,0.9846355217987061,0.0,0.0,0.0
standard,P012,137,retained,0.844475721323012,0.730816077953715,7.280109889280518,2.6931369398124008,0.18980891719745224,1908,2355,ok,0.9846355217987061,0.0,0.0,0.0
standard,P012,138,retained,0.8464437117286858,0.7337688852592895,7.091972019606985,2.6660245198855144,0.1970276008492569,1891,2355,ok,0.9846355217987061,0.0,0.0,0.0
standard,P012,139,retained,0.8469868173258004,0.7345855451204574,7.0710678118654755,2.6400560693127746,0.1961783439490446,1893,2355,ok,0.9846355217987061,0.0,0.0,0.0
standard,P012,140,retained,0.8473534971644613,0.7351373513735138,7.0,2.6463366248996083,0.18835616438356165,1896,2336,ok,0.9846355217987061,0.0,0.0,0.0
standard,P012,141,retained,0.8420056764427626,0.7271241830065359,7.11307823358422,2.7319098110218194,0.19006849315068494,1892,2336,ok,0.9846355217987061,0.0,0.0,0.0
standard,P012,142,retained,0.8351228823669768,0.7169192953707497,7.867174773134649,2.848945015936652,0.20590753424657535,1855,2336,ok,0.9846355217987061,0.0,0.0,0.0
standard,P012,143,retained,0.8334928229665072,0.7145200984413453,7.8861498055439885,2.866494126679501,0.20754716981132076,1848,2332,ok,0.9846355217987061,0.0,0.0,0.0
standard,P012,144,retained,0.8351228823669768,0.7169192953707497,7.8861498055439885,2.8393053003364344,0.2028301886792453,1859,2332,ok,0.9846355217987061,0.0,0.0,0.0
standard,P012,145,retained,0.8248990258968876,0.7019813991103923,8.06225774829855,3.030014544587978,0.21273885350318472,1854,2355,ok,0.9846355217987061,0.0,0.0,0.0
standard,P012,146,retained,0.8305489260143198,0.710204081632653,8.024903099319419,2.919765522759885,0.2032590051457976,1858,2332,ok,0.9846355217987061,0.0,0.0,0.0
standard,P019,0,excluded,0.7733918128654971,0.6305125148986889,13.945362404707359,3.367266751117853,0.2661596958174905,1158,1578,ok,0.9812922346215934,0.0,0.0,0.0
standard,P019,1,excluded,0.779182156133829,0.6382460414129111,14.0,3.25777893856532,0.26002587322121606,1144,1546,ok,0.9812922346215934,0.0,0.0,0.0
standard,P019,2,excluded,0.7812615271117669,0.6410411622276029,14.0,3.193709893089921,0.2565916398713826,1156,1555,ok,0.9812922346215934,0.0,0.0,0.0
standard,P019,3,excluded,0.7835051546391752,0.6440677966101694,13.617816397157863,3.1692523520944533,0.25,1164,1552,ok,0.9812922346215934,0.0,0.0,0.0
standard,P019,4,excluded,0.7941176470588235,0.6585365853658537,13.003840481040529,3.021069830603361,0.237200259235256,1177,1543,ok,0.9812922346215934,0.0,0.0,0.0
standard,P019,5,excluded,0.8007393715341959,0.6676942046855734,13.0,2.937659555518971,0.2262295081967213,1180,1525,ok,0.9812922346215934,0.0,0.0,0.0
standard,P019,6,excluded,0.8063562453806357,0.6755417956656347,13.0,2.8294233310656796,0.23713355048859935,1171,1535,ok,0.9812922346215934,0.0,0.0,0.0
standard,P019,7,excluded,0.8084789884715508,0.6785268414481898,12.809545442950487,2.778091315414719,0.21566025215660253,1182,1507,ok,0.9812922346215934,0.0,0.0,0.0
standard,P019,8,excluded,0.8099480326651819,0.6805988771054273,12.30922344241796,2.776982470371331,0.22763157894736843,1174,1520,ok,0.9812922346215934,0.0,0.0,0.0
standard,P019,9,excluded,0.8104283054003725,0.6812773951158422,12.782337649086282,2.8017633319687865,0.22185430463576158,1175,1510,ok,0.9812922346215934,0.0,0.0,0.0
standard,P019,10,excluded,0.8124306326304107,0.6841121495327103,13.0,2.7263937143150723,0.23102094240837695,1175,1528,ok,0.9812922346215934,0.0,0.0,0.0
standard,P019,11,excluded,0.814926498303807,0.6876590330788804,13.0,2.6951331833181436,0.21467025572005383,1167,1486,ok,0.9812922346215934,0.0,0.0,0.0
standard,P019,12,excluded,0.8143126177024482,0.6867852604828463,12.291480247377892,2.7010989417171016,0.2205093833780161,1163,1492,ok,0.9812922346215934,0.0,0.0,0.0
standard,P019,13,excluded,0.8123569794050344,0.6840077071290944,12.487707442459893,2.723913458344285,0.2223728813559322,1147,1475,ok,0.9812922346215934,0.0,0.0,0.0
standard,P019,14,excluded,0.8135722455203965,0.6857326478149101,12.109756343784568,2.7005865708134174,0.21807065217391305,1151,1472,ok,0.9812922346215934,0.0,0.0,0.0
standard,P019,15,excluded,0.8144726712856043,0.687012987012987,12.031195934094221,2.641206153583479,0.21688400823610157,1141,1457,ok,0.9812922346215934,0.0,0.0,0.0
standard,P019,16,excluded,0.8141050210808739,0.6864899806076277,12.0,2.68720282353042,0.21667805878332194,1146,1463,ok,0.9812922346215934,0.0,0.0,0.0
standard,P019,17,excluded,0.8118279569892473,0.6832579185520362,11.898571136907176,2.7078841029056284,0.2249488752556237,1137,1467,ok,0.9812922346215934,0.0,0.0,0.0
standard,P019,18,excluded,0.8102918586789555,0.6810845706907682,11.661903789690601,2.7427417616645604,0.22252559726962456,1139,1465,ok,0.9812922346215934,0.0,0.0,0.0
standard,P019,19,excluded,0.808608762490392,0.6787096774193548,10.573194021587417,2.7683709620890617,0.22146274777853725,1139,1463,ok,0.9812922346215934,0.0,0.0,0.0
standard,P019,20,excluded,0.8041714947856315,0.6724806201550387,10.592177951969822,2.8352965972111863,0.22061855670103092,1134,1455,ok,0.9812922346215934,0.0,0.0,0.0
standard,P019,21,excluded,0.794921123509042,0.6596424010217113,10.620653847543442,3.0369580582248767,0.21864290610006853,1140,1459,ok,0.9812922346215934,0.0,0.0,0.0
standard,P019,22,excluded,0.7939814814814815,0.6583493282149712,10.0,3.050755198820347,0.20622837370242214,1147,1445,ok,0.9812922346215934,0.0,0.0,0.0
standard,P019,23,excluded,0.7878787878787878,0.65,10.0,3.130545299151565,0.18859957776213934,1153,1421,ok,0.9812922346215934,0.0,0.0,0.0
standard,P019,24,excluded,0.7811291569992266,0.6408629441624365,10.0,3.225952343073496,0.20166898470097358,1148,1438,ok,0.9812922346215934,0.0,0.0,0.0
standard,P019,25,excluded,0.777302759424796,0.6357279084551812,10.0,3.2860418750206306,0.1880281690140845,1153,1420,ok,0.9812922346215934,0.0,0.0,0.0
standard,P019,26,excluded,0.7757951900698216,0.6337135614702155,9.848857801796104,3.3836292569692143,0.1972027972027972,1148,1430,ok,0.9812922346215934,0.0,0.0,0.0
standard,P019,27,excluded,0.7649805447470817,0.6194076874606175,9.904520189781078,3.501904248948683,0.19141449683321604,1149,1421,ok,0.9812922346215934,0.0,0.0,0.0
standard,P019,28,excluded,0.7620540964327714,0.6155794806839772,9.0,3.5369973537456842,0.18434163701067616,1146,1405,ok,0.9812922346215934,0.0,0.0,0.0
standard,P019,29,excluded,0.7535101404056163,0.60450563204005,9.05488611432322,3.711983449401953,0.18413597733711048,1152,1412,ok,0.9812922346215934,0.0,0.0,0.0
standard,P019,30,excluded,0.7501970055161544,0.6002522068095839,9.0,3.751228034497149,0.18064516129032257,1143,1395,ok,0.9812922346215934,0.0,0.0,0.0
standard,P019,31,excluded,0.7483365949119374,0.5978736710444027,8.6536172634861,3.8100177951221212,0.175,1155,1400,ok,0.9812922346215934,0.0,0.0,0.0
standard,P019,32,excluded,0.7416437278804562,0.589375,8.08985077373906,3.9076864330424756,0.1796707229778096,1146,1397,ok,0.9812922346215934,0.0,0.0,0.0
standard,P019,33,excluded,0.7350157728706624,0.5810473815461347,7.810249675906654,3.998267021650366,0.1729106628242075,1148,1388,ok,0.9812922346215934,0.0,0.0,0.0
standard,P019,34,excluded,0.7313019390581718,0.5764192139737991,7.615773105863909,4.057083777168045,0.16884057971014493,1147,1380,ok,0.9812922346215934,0.0,0.0,0.0
standard,P019,35,excluded,0.7249703205381876,0.5685909373060211,7.414375175913866,4.178986137596969,0.17939481268011528,1139,1388,ok,0.9812922346215934,0.0,0.0,0.0
standard,P019,36,excluded,0.7209759937032665,0.5636923076923077,7.810249675906654,4.286389510735631,0.16798846431146358,1154,1387,ok,0.9812922346215934,0.0,0.0,0.0
standard,P019,37,excluded,0.7086614173228346,0.5487804878048781,7.810249675906654,4.427306704395292,0.16208393632416787,1158,1382,ok,0.9812922346215934,0.0,0.0,0.0
standard,P019,38,excluded,0.7089905362776026,0.5491753207086133,7.810249675906654,4.436528125062393,0.1569767441860465,1160,1376,ok,0.9812922346215934,0.0,0.0,0.0
standard,P019,39,excluded,0.7048073102900279,0.5441717791411043,7.615773105863909,4.51552604102834,0.1533382245047689,1154,1363,ok,0.9812922346215934,0.0,0.0,0.0
standard,P019,40,excluded,0.700358137684043,0.5388854868340478,7.810249675906654,4.566824970906942,0.14948453608247422,1155,1358,ok,0.9812922346215934,0.0,0.0,0.0
standard,P019,41,excluded,0.6872281534203243,0.5234939759036145,7.810249675906654,4.808881268894867,0.15266617969320673,1160,1369,ok,0.9812922346215934,0.0,0.0,0.0
standard,P019,42,excluded,0.6824457593688363,0.5179640718562875,8.48528137423857,4.918501064395687,0.12915129151291513,1180,1355,ok,0.9812922346215934,0.0,0.0,0.0
standard,P019,43,excluded,0.6653574234092694,0.4985285462036492,8.94427190999916,5.24959454375488,0.12380250552689757,1189,1357,ok,0.9812922346215934,0.0,0.0,0.0
standard,P019,44,excluded,0.6544031311154599,0.48632926119837117,9.29459729346018,5.4621357396324,0.1213235294117647,1195,1360,ok,0.9812922346215934,0.0,0.0,0.0
standard,P019,45,excluded,0.650762612436449,0.48231884057971014,9.848857801796104,5.514525436631388,0.11430678466076696,1201,1356,ok,0.9812922346215934,0.0,0.0,0.0
standard,P019,46,excluded,0.6412273800157356,0.4719166184134337,9.848857801796104,5.613106827862405,0.11284335560504825,1195,1347,ok,0.9812922346215934,0.0,0.0,0.0
standard,P019,47,excluded,0.6340307935254639,0.4641618497109827,9.899494936611665,5.708597695057022,0.1237037037037037,1183,1350,ok,0.9812922346215934,0.0,0.0,0.0
standard,P019,48,excluded,0.6280269948392219,0.45775462962962965,9.899494936611665,5.726777022064356,0.11593118922961855,1182,1337,ok,0.9812922346215934,0.0,0.0,0.0
standard,P019,49,excluded,0.6161251504211793,0.44521739130434784,9.949747468305834,5.821822059300657,0.12697220135236664,1162,1331,ok,0.9812922346215934,0.0,0.0,0.0
standard,P019,50,excluded,0.6247987117552335,0.45433255269320844,9.899494936611665,5.753855501825874,0.14349775784753363,1146,1338,ok,0.9812922346215934,0.0,0.0,0.0
standard,P019,51,excluded,0.6476868327402135,0.4789473684210526,9.876708225944661,5.510887916670206,0.09132075471698113,1204,1325,ok,0.9812922346215934,0.0,0.0,0.0
standard,P019,52,excluded,0.6503358356380877,0.4818501170960187,9.433981132056603,5.4213714338671215,0.09842223891810668,1200,1331,ok,0.9812922346215934,0.0,0.0,0.0
standard,P019,53,excluded,0.6629614926558158,0.49584323040380046,9.219544457292887,5.249224942366747,0.10030165912518854,1193,1326,ok,0.9812922346215934,0.0,0.0,0.0
standard,P019,54,excluded,0.6841257050765511,0.5199020208205756,8.602325267042627,4.8358994974297245,0.12679245283018867,1157,1325,ok,0.9812922346215934,0.0,0.0,0.0
standard,P019,55,excluded,0.7149247661651078,0.5563291139240506,7.810249675906654,4.316697796761173,0.14134542705971279,1136,1323,ok,0.9812922346215934,0.0,0.0,0.0
standard,P019,56,excluded,0.7414133438610343,0.5890840652446675,7.73245904788955,3.9810015932343608,0.0854119425547997,1210,1323,ok,0.9812922346215934,0.0,0.0,0.0
standard,P019,57,excluded,0.7547318611987381,0.6060797973400887,7.211102550927978,3.7087042649624897,0.0714828897338403,1221,1315,ok,0.9812922346215934,0.0,0.0,0.0
standard,P019,58,excluded,0.7811023622047244,0.6408268733850129,6.708203932499369,3.294671011947441,0.06254767353165523,1229,1311,ok,0.9812922346215934,0.0,0.0,0.0
standard,P019,59,excluded,0.7925867507886435,0.6564337034617896,6.708203932499369,3.1506409776926736,0.06264323911382735,1227,1309,ok,0.9812922346215934,0.0,0.0,0.0
standard,P019,60,excluded,0.7965231133939155,0.6618516086671044,6.708203932499369,3.1120248170410583,0.07088414634146341,1219,1312,ok,0.9812922346215934,0.0,0.0,0.0
standard,P019,61,excluded,0.7800632911392406,0.6394293125810635,7.0710678118654755,3.3723938268043168,0.037267080745341616,1240,1288,ok,0.9812922346215934,0.0,0.0,0.0
standard,P019,62,excluded,0.7865079365079365,0.6481360366252452,7.0710678118654755,3.2522548933264557,0.04195804195804196,1233,1287,ok,0.9812922346215934,0.0,0.0,0.0
standard,P019,63,excluded,0.7729240456513183,0.6298909557408595,7.211102550927978,3.5038300218411393,0.02564102564102564,1254,1287,ok,0.9812922346215934,0.0,0.0,0.0
standard,P019,64,excluded,0.7190760059612519,0.5613728912158231,9.433981132056603,4.457324129912959,0.09523809523809523,1403,1281,ok,0.9812922346215934,0.0,0.0,0.0
standard,P019,65,excluded,0.6770343580470163,0.5117550574084199,12.003625499882117,5.160616256181112,0.1892319873317498,1502,1263,ok,0.9812922346215934,0.0,0.0,0.0
standard,P019,66,excluded,0.6568627450980392,0.48905109489051096,13.013441683641853,5.602953307234059,0.24881889763779527,1586,1270,ok,0.9812922346215934,0.0,0.0,0.0
standard,P019,67,excluded,0.6517730496453901,0.48342977380326146,12.835311203635838,5.691301453118107,0.23454833597464342,1558,1262,ok,0.9812922346215934,0.0,0.0,0.0
standard,P019,68,excluded,0.651542006380716,0.4831756046267087,12.696251990931165,5.707036183022302,0.24066719618745036,1562,1259,ok,0.9812922346215934,0.0,0.0,0.0
standard,P019,69,excluded,0.6555397727272727,0.48758584257791865,12.467244694190159,5.608247113348262,0.24740622505985635,1563,1253,ok,0.9812922346215934,0.0,0.0,0.0
standard,P019,70,excluded,0.6539413220219159,0.48581932773109243,12.339322123215627,5.674996027017984,0.2668269230769231,1581,1248,ok,0.9812922346215934,0.0,0.0,0.0
standard,P019,71,excluded,0.6458702587734846,0.4769633507853403,12.55975072477463,5.772250226488652,0.280517380759903,1584,1237,ok,0.9812922346215934,0.0,0.0,0.0
standard,P019,72,excluded,0.6345949770074284,0.4647668393782383,12.754377448471446,5.9450850992686615,0.2965069049553209,1596,1231,ok,0.9812922346215934,0.0,0.0,0.0
standard,P019,73,excluded,0.6352691218130312,0.4654903995848469,12.083045973594572,5.906366386741817,0.2978030919446705,1595,1229,ok,0.9812922346215934,0.0,0.0,0.0
standard,P019,74,excluded,0.6411449016100179,0.4718272775144813,12.064392845933545,5.79318854896842,0.2947454844006568,1577,1218,ok,0.9812922346215934,0.0,0.0,0.0
standard,P019,75,excluded,0.652958152958153,0.4847348687734333,12.0,5.6488977324205365,0.30423940149625933,1569,1203,ok,0.9812922346215934,0.0,0.0,0.0
standard,P019,76,excluded,0.6569236390208257,0.48911860718171923,11.180339887498949,5.481902230761884,0.2808333333333333,1537,1200,ok,0.9812922346215934,0.0,0.0,0.0
standard,P019,77,excluded,0.6612546125461255,0.49393605292171994,11.180339887498949,5.330227757206022,0.2715842414082146,1517,1193,ok,0.9812922346215934,0.0,0.0,0.0
standard,P019,78,excluded,0.6681597611048898,0.5016816143497758,11.133097282889855,5.160444683368649,0.24559932942162616,1486,1193,ok,0.9812922346215934,0.0,0.0,0.0
standard,P019,79,excluded,0.6616541353383458,0.4943820224719101,11.146595169921028,5.210055129130404,0.2485207100591716,1477,1183,ok,0.9812922346215934,0.0,0.0,0.0
standard,P019,80,excluded,0.6783938814531548,0.5133101851851852,10.221903785027164,4.931525213065099,0.2198641765704584,1437,1178,ok,0.9812922346215934,0.0,0.0,0.0
standard,P019,81,excluded,0.6846703733121525,0.5205314009661836,9.0,4.726233641207843,0.15766923736075408,1351,1167,ok,0.9812922346215934,0.0,0.0,0.0
standard,P019,82,excluded,0.6885635140482786,0.5250452625226313,9.071801070052958,4.637793113791936,0.1672384219554031,1361,1166,ok,0.9812922346215934,0.0,0.0,0.0
standard,P019,83,excluded,0.7040572792362768,0.5432780847145487,8.624057378253852,4.433981324253452,0.17286084701815038,1357,1157,ok,0.9812922346215934,0.0,0.0,0.0
standard,P019,84,excluded,0.7123176661264181,0.5531780994336061,7.635220762868177,4.266671620092956,0.14050303555941024,1315,1153,ok,0.9812922346215934,0.0,0.0,0.0
standard,P019,85,excluded,0.7220421393841167,0.5649968294229549,7.615773105863909,4.0970623277794544,0.14050303555941024,1315,1153,ok,0.9812922346215934,0.0,0.0,0.0
standard,P019,86,excluded,0.7326488706365503,0.5780946208684381,7.615773105863909,3.9348822651994353,0.11923411662315056,1286,1149,ok,0.9812922346215934,0.0,0.0,0.0
standard,P019,87,excluded,0.7277913610431948,0.5720691864189622,7.615773105863909,4.026607566476945,0.14136125654450263,1308,1146,ok,0.9812922346215934,0.0,0.0,0.0
standard,P019,88,excluded,0.7326332794830371,0.5780752071383046,7.615773105863909,3.9509816922340044,0.1474414570685169,1323,1153,ok,0.9812922346215934,0.0,0.0,0.0
standard,P019,89,excluded,0.7442424242424243,0.5926640926640927,7.615773105863909,3.764718701398722,0.1484375,1323,1152,ok,0.9812922346215934,0.0,0.0,0.0
standard,P019,90,excluded,0.7539521686258613,0.605074821080026,7.615773105863909,3.630399835677627,0.12306368330464716,1305,1162,ok,0.9812922346215934,0.0,0.0,0.0
standard,P019,91,excluded,0.7663088356729976,0.6211512717536813,7.0,3.3391608173283873,0.06479113384484228,1249,1173,ok,0.9812922346215934,0.0,0.0,0.0
standard,P019,92,excluded,0.7638888888888888,0.6179775280898876,7.235255119351365,3.4303252583553876,0.06931530008453085,1265,1183,ok,0.9812922346215934,0.0,0.0,0.0
standard,P019,93,excluded,0.7583367641004528,0.6107427055702918,7.330459371768019,3.498666299750641,0.05152027027027027,1245,1184,ok,0.9812922346215934,0.0,0.0,0.0
standard,P019,94,excluded,0.7222672064777328,0.5652724968314322,8.06225774829855,4.055414954053623,0.060050041701417846,1271,1199,ok,0.9812922346215934,0.0,0.0,0.0
standard,P019,95,excluded,0.6957566052842273,0.5334561080417434,8.535195389655684,4.49454011384257,0.08862876254180602,1302,1196,ok,0.9812922346215934,0.0,0.0,0.0
standard,P019,96,excluded,0.6798732171156894,0.5150060024009604,9.0,4.779647525616237,0.0756578947368421,1308,1216,ok,0.9812922346215934,0.0,0.0,0.0
standard,P019,97,excluded,0.6404715127701375,0.47109826589595377,10.198039027185569,5.398520100489699,0.0860655737704918,1325,1220,ok,0.9812922346215934,0.0,0.0,0.0
standard,P019,98,excluded,0.6086614173228346,0.43746462931522356,10.81433761578582,5.822291300200416,0.08196721311475409,1320,1220,ok,0.9812922346215934,0.0,0.0,0.0
standard,P019,99,excluded,0.637160751565762,0.4675245098039216,8.602325267042627,5.325069818151693,0.0575831305758313,1162,1233,ok,0.9812922346215934,0.0,0.0,0.0
standard,P019,100,excluded,0.6689332766680833,0.5025542784163474,8.48528137423857,4.740859293222172,0.10394842868654311,1112,1241,ok,0.9812922346215934,0.0,0.0,0.0
standard,P019,101,excluded,0.6672311600338696,0.5006353240152478,8.48528137423857,4.736148885139789,0.10585404971932638,1115,1247,ok,0.9812922346215934,0.0,0.0,0.0
standard,P019,102,excluded,0.6669470142977292,0.5003154574132492,8.0,4.75805269514611,0.10366826156299841,1124,1254,ok,0.9812922346215934,0.0,0.0,0.0
standard,P019,103,excluded,0.6750524109014675,0.509493670886076,8.0,4.658358900687683,0.11163895486935867,1122,1263,ok,0.9812922346215934,0.0,0.0,0.0
standard,P019,104,excluded,0.6941870261162595,0.5316129032258065,7.0710678118654755,4.3582788741448635,0.12923561859732072,1105,1269,ok,0.9812922346215934,0.0,0.0,0.0
standard,P019,105,excluded,0.7247238742565846,0.5682878081279147,7.0,3.8471118599793734,0.16666666666666666,1070,1284,ok,0.9812922346215934,0.0,0.0,0.0
standard,P019,106,excluded,0.7501064282673479,0.6001362397820164,6.082762530298219,3.4985707363034497,0.18188854489164086,1057,1292,ok,0.9812922346215934,0.0,0.0,0.0
standard,P019,107,excluded,0.7770212765957447,0.6353514265831594,6.0,3.0380933482524495,0.18952234206471494,1052,1298,ok,0.9812922346215934,0.0,0.0,0.0
standard,P019,108,excluded,0.8,0.6666666666666666,5.847856705360765,2.717235339785253,0.19116527037319117,1062,1313,ok,0.9812922346215934,0.0,0.0,0.0
standard,P019,109,excluded,0.8107427612253462,0.6817219477769937,5.830951894845301,2.5555947387775744,0.18783269961977186,1068,1315,ok,0.9812922346215934,0.0,0.0,0.0
standard,P019,110,excluded,0.8252508361204013,0.702491103202847,6.106941809302065,2.3667679596020044,0.1933534743202417,1068,1324,ok,0.9812922346215934,0.0,0.0,0.0
standard,P019,111,excluded,0.8309741881765196,0.7108262108262108,6.008276253029819,2.2691533595134525,0.20746268656716418,1062,1340,ok,0.9812922346215934,0.0,0.0,0.0
standard,P019,112,excluded,0.834717607973422,0.7163221667854597,6.324555320336759,2.217877325520459,0.20298507462686566,1068,1340,ok,0.9812922346215934,0.0,0.0,0.0
standard,P019,113,excluded,0.8374587458745875,0.7203690560681334,6.324555320336759,2.200554160735014,0.21238938053097345,1068,1356,ok,0.9812922346215934,0.0,0.0,0.0
standard,P019,114,excluded,0.8411522633744856,0.7258522727272727,6.391338899868432,2.1492951290997993,0.21978021978021978,1065,1365,ok,0.9812922346215934,0.0,0.0,0.0
standard,P019,115,excluded,0.8516075845012366,0.741564967695621,6.324555320336759,2.009569375216788,0.21748714180749448,1065,1361,ok,0.9812922346215934,0.0,0.0,0.0
standard,P019,116,excluded,0.8559771521827826,0.7482168330955777,6.4031242374328485,1.9683472760464218,0.22391304347826088,1071,1380,ok,0.9812922346215934,0.0,0.0,0.0
standard,P019,117,excluded,0.8544791244426428,0.745930644019816,6.324555320336759,1.997094131386775,0.2251798561151079,1077,1390,ok,0.9812922346215934,0.0,0.0,0.0
standard,P019,118,excluded,0.8376753507014028,0.7206896551724138,6.324555320336759,2.2578113427233992,0.22924059616749468,1086,1409,ok,0.9812922346215934,0.0,0.0,0.0
standard,P019,119,excluded,0.8329963606955115,0.7137907137907138,6.616680023979409,2.3267279383102504,0.24235963041933192,1066,1407,ok,0.9812922346215934,0.0,0.0,0.0
standard,P019,120,excluded,0.831315577078289,0.7113259668508287,6.375625116449215,2.326223733759823,0.24876325088339224,1063,1415,ok,0.9812922346215934,0.0,0.0,0.0
standard,P019,121,excluded,0.8331322878970647,0.7139903514817367,6.4031242374328485,2.3002968004190314,0.24859154929577465,1067,1420,ok,0.9812922346215934,0.0,0.0,0.0
standard,P020,0,retained,0.8495432563138098,0.7384399813171415,6.259644256269392,2.544130744880804,0.11830131445904954,1744,1978,ok,0.9886157787296106,0.0,0.0,0.0
standard,P020,1,retained,0.8497602557272242,0.7387679481241315,6.324555320336759,2.5683148946715963,0.10690872415532023,1771,1983,ok,0.9886157787296106,0.0,0.0,0.0
standard,P020,2,retained,0.8516439454691259,0.7416201117318436,6.4031242374328485,2.5228100087440013,0.09715157680569685,1775,1966,ok,0.9886157787296106,0.0,0.0,0.0
standard,P020,3,retained,0.852159914140059,0.7424029920523609,6.4031242374328485,2.5098031891989785,0.09263050153531217,1773,1954,ok,0.9886157787296106,0.0,0.0,0.0
standard,P020,4,retained,0.848452508004269,0.736793327154773,6.4031242374328485,2.585460786606995,0.08384458077709611,1792,1956,ok,0.9886157787296106,0.0,0.0,0.0
standard,P020,5,retained,0.839817547625436,0.7238667900092507,7.0710678118654755,2.7447871046120196,0.09067622950819672,1775,1952,ok,0.9886157787296106,0.0,0.0,0.0
standard,P020,6,retained,0.8392518297641637,0.7230266230733302,7.2145529178456025,2.7212538305216785,0.1004119464469619,1747,1942,ok,0.9886157787296106,0.0,0.0,0.0
standard,P020,7,retained,0.8335135135135135,0.7145505097312326,7.810249675906654,2.8482354157319536,0.09670781893004116,1756,1944,ok,0.9886157787296106,0.0,0.0,0.0
standard,P020,8,retained,0.832304802790448,0.7127757352941176,7.615773105863909,2.900291559113676,0.06991196271361988,1796,1931,ok,0.9886157787296106,0.0,0.0,0.0
standard,P020,9,retained,0.8261220102123085,0.7037545787545788,7.615773105863909,2.996050974503426,0.06500260010400416,1798,1923,ok,0.9886157787296106,0.0,0.0,0.0
standard,P020,10,retained,0.8206096574049097,0.6957913998170174,7.810249675906654,3.0821462273217355,0.07328482328482329,1783,1924,ok,0.9886157787296106,0.0,0.0,0.0
standard,P020,11,retained,0.8146947595894112,0.6873290793072014,8.246211251235321,3.190441004197871,0.07087024491922876,1783,1919,ok,0.9886157787296106,0.0,0.0,0.0
standard,P020,12,retained,0.8099621007038441,0.6806187443130118,8.538131508209633,3.2936139144673997,0.07303077725612937,1777,1917,ok,0.9886157787296106,0.0,0.0,0.0
standard,P020,13,retained,0.8045540796963947,0.6730158730158731,8.54400374531753,3.3941269431198444,0.06656184486373165,1781,1908,ok,0.9886157787296106,0.0,0.0,0.0
standard,P020,14,retained,0.7988085567289467,0.6650135256988278,8.54400374531753,3.502762580473109,0.05324196099103848,1796,1897,ok,0.9886157787296106,0.0,0.0,0.0
standard,P020,15,retained,0.7880580957504034,0.6502441189525078,9.219544457292887,3.678079053032573,0.0452155625657203,1816,1902,ok,0.9886157787296106,0.0,0.0,0.0
standard,P020,16,retained,0.7815533980582524,0.6414342629482072,9.219544457292887,3.787278581671973,0.050473186119873815,1806,1902,ok,0.9886157787296106,0.0,0.0,0.0
standard,P020,17,retained,0.770592970217333,0.6268005237887385,9.219544457292887,3.9935004567944157,0.034282700421940926,1831,1896,ok,0.9886157787296106,0.0,0.0,0.0
standard,P020,18,retained,0.7581945190757657,0.6105581999134574,9.219544457292887,4.225531087238785,0.02336696760488582,1839,1883,ok,0.9886157787296106,0.0,0.0,0.0
standard,P020,19,retained,0.760427807486631,0.6134598792062123,9.026853674187265,4.227451125297936,0.018018018018018018,1853,1887,ok,0.9886157787296106,0.0,0.0,0.0
standard,P020,20,retained,0.7789301310043668,0.6379079123826553,8.54400374531753,3.864200892344816,0.054168879447689854,1781,1883,ok,0.9886157787296106,0.0,0.0,0.0
standard,P020,21,retained,0.8054173576561636,0.6742248958815363,8.031128874149275,3.372732452172683,0.07348242811501597,1740,1878,ok,0.9886157787296106,0.0,0.0,0.0
standard,P020,22,retained,0.8255528255528255,0.702928870292887,7.0710678118654755,3.020308526029268,0.0464,1788,1875,ok,0.9886157787296106,0.0,0.0,0.0
standard,P020,23,retained,0.842911877394636,0.7284768211920529,6.4031242374328485,2.7306518714243952,0.03231017770597738,1797,1857,ok,0.9886157787296106,0.0,0.0,0.0
standard,P020,24,retained,0.8507057546145494,0.7401983939537081,6.4031242374328485,2.6124056996148886,0.011872638963842417,1831,1853,ok,0.9886157787296106,0.0,0.0,0.0
standard,P020,25,retained,0.8698481561822126,0.7696737044145874,5.385164807134504,2.246366891497862,0.005408328826392645,1839,1849,ok,0.9886157787296106,0.0,0.0,0.0
standard,P020,26,retained,0.8819875776397516,0.7888888888888889,4.47213595499958,2.042081258220244,0.016884531590413945,1867,1836,ok,0.9886157787296106,0.0,0.0,0.0
standard,P020,27,retained,0.8884073672806068,0.7992202729044834,4.47213595499958,1.9125575613638817,0.013086150490730643,1858,1834,ok,0.9886157787296106,0.0,0.0,0.0
standard,P020,28,retained,0.8959521869057321,0.8115157480314961,4.104639781775007,1.7726922420178004,0.011475409836065573,1851,1830,ok,0.9886157787296106,0.0,0.0,0.0
standard,P020,29,retained,0.898590021691974,0.8158542589857213,3.605551275463989,1.7188013620265687,0.030837004405286344,1872,1816,ok,0.9886157787296106,0.0,0.0,0.0
standard,P020,30,retained,0.8968105065666041,0.8129251700680272,3.605551275463989,1.7552143137816023,0.03879781420765027,1901,1830,ok,0.9886157787296106,0.0,0.0,0.0
standard,P020,31,retained,0.8928,0.8063583815028902,3.605551275463989,1.8433944842365066,0.028123309897241752,1901,1849,ok,0.9886157787296106,0.0,0.0,0.0
standard,P020,32,retained,0.8972602739726028,0.8136645962732919,3.1622776601683795,1.7733386800296864,0.04195804195804196,1937,1859,ok,0.9886157787296106,0.0,0.0,0.0
standard,P020,33,retained,0.890990281061203,0.8034107058266224,3.605551275463989,1.8959487386175862,0.03800856531049251,1939,1868,ok,0.9886157787296106,0.0,0.0,0.0
standard,P020,34,retained,0.8894736842105263,0.8009478672985783,3.605551275463989,1.9140817475951097,0.023429179978700747,1922,1878,ok,0.9886157787296106,0.0,0.0,0.0
standard,P020,35,retained,0.8904037755637126,0.8024574669187146,3.605551275463989,1.9139154152437603,0.012664907651715039,1919,1895,ok,0.9886157787296106,0.0,0.0,0.0
standard,P020,36,retained,0.8899297423887588,0.8016877637130801,3.605551275463989,1.9500236768973727,0.027968337730870714,1948,1895,ok,0.9886157787296106,0.0,0.0,0.0
standard,P020,37,retained,0.8884308167997939,0.7992582290217896,3.605551275463989,1.994288952603812,0.03087388801674516,1970,1911,ok,0.9886157787296106,0.0,0.0,0.0
standard,P020,38,retained,0.8910386965376782,0.8034894398530762,3.605551275463989,1.9465164020610075,0.04158004158004158,2004,1924,ok,0.9886157787296106,0.0,0.0,0.0
standard,P020,39,retained,0.8967611336032388,0.8128440366972477,3.605551275463989,1.8455494080731556,0.04979253112033195,2024,1928,ok,0.9886157787296106,0.0,0.0,0.0
standard,P020,40,retained,0.8980619179461364,0.8149840109639105,3.1622776601683795,1.823513540432091,0.04582904222451081,2031,1942,ok,0.9886157787296106,0.0,0.0,0.0
standard,P020,41,retained,0.8985434455047715,0.8157774737802097,3.1622776601683795,1.8090999691861336,0.037871033776867964,2028,1954,ok,0.9886157787296106,0.0,0.0,0.0
standard,P020,42,retained,0.8974358974358975,0.813953488372093,3.605551275463989,1.8336223634036317,0.03582395087001024,2024,1954,ok,0.9886157787296106,0.0,0.0,0.0
standard,P020,43,retained,0.8957393483709273,0.811166591012256,3.605551275463989,1.8748298075064975,0.02127659574468085,2016,1974,ok,0.9886157787296106,0.0,0.0,0.0
standard,P020,44,retained,0.892245720040282,0.8054545454545454,3.605551275463989,1.9330968166689753,0.011139240506329114,1997,1975,ok,0.9886157787296106,0.0,0.0,0.0
standard,P020,45,retained,0.8926326376665829,0.8060853769300635,3.605551275463989,1.9290619056819693,0.006516290726817042,1982,1995,ok,0.9886157787296106,0.0,0.0,0.0
standard,P020,46,retained,0.8879939592247672,0.7985513807152558,4.123105625617661,2.0306955575378858,0.02042850024912805,1966,2007,ok,0.9886157787296106,0.0,0.0,0.0
standard,P020,47,retained,0.8834046839587005,0.7911592241768155,4.47213595499958,2.1306138944975084,0.0273224043715847,1958,2013,ok,0.9886157787296106,0.0,0.0,0.0
standard,P020,48,retained,0.886107634543179,0.7955056179775281,4.3918126112414715,2.0749111048812754,0.027160493827160494,1970,2025,ok,0.9886157787296106,0.0,0.0,0.0
standard,P020,49,retained,0.8816183816183816,0.788298347476552,4.47213595499958,2.165755288071716,0.02952755905511811,1972,2032,ok,0.9886157787296106,0.0,0.0,0.0
standard,P020,50,retained,0.880257298367145,0.7861246133451171,5.0,2.201499666615941,0.0263671875,1994,2048,ok,0.9886157787296106,0.0,0.0,0.0
standard,P020,51,retained,0.8781575037147102,0.7827814569536424,5.385164807134504,2.235699278721519,0.031204290589956118,1987,2051,ok,0.9886157787296106,0.0,0.0,0.0
standard,P020,52,retained,0.8603716725263687,0.75495813133539,8.071455423445379,2.6086171531558793,0.08188824662813102,1906,2076,ok,0.9886157787296106,0.0,0.0,0.0
standard,P020,53,retained,0.8504815002534212,0.7398589065255732,9.433981132056603,2.752261802638929,0.10014443909484834,1869,2077,ok,0.9886157787296106,0.0,0.0,0.0
standard,P020,54,retained,0.8420785804816223,0.7272329246935202,10.02956301409869,2.9210002561041124,0.11874105865522175,1848,2097,ok,0.9886157787296106,0.0,0.0,0.0
standard,P020,55,retained,0.8414941948510853,0.7263616557734205,10.295630140987,2.943006856298718,0.12138454243717402,1853,2109,ok,0.9886157787296106,0.0,0.0,0.0
standard,P020,56,retained,0.8382904273931517,0.7216006884681584,10.295630140987,3.018325810356474,0.11451460885956645,1879,2122,ok,0.9886157787296106,0.0,0.0,0.0
standard,P020,57,retained,0.847541388682975,0.7354202401372213,9.219544457292887,2.8831857732849713,0.09283694627709708,1925,2122,ok,0.9886157787296106,0.0,0.0,0.0
standard,P020,58,retained,0.8570029382957884,0.7497857754927164,8.246211251235321,2.7162363625116015,0.08262910798122065,1954,2130,ok,0.9886157787296106,0.0,0.0,0.0
standard,P020,59,retained,0.8698597000483793,0.7696917808219178,7.2041008139748515,2.521285892236365,0.06279287722586692,2000,2134,ok,0.9886157787296106,0.0,0.0,0.0
standard,P020,60,retained,0.875030215131738,0.7778255264288784,6.352054441320388,2.351160852489064,0.0531764705882353,2012,2125,ok,0.9886157787296106,0.0,0.0,0.0
standard,P020,61,retained,0.8796139927623643,0.7850990525409131,6.324555320336759,2.2790825419961536,0.052161654135338346,2017,2128,ok,0.9886157787296106,0.0,0.0,0.0
standard,P020,62,retained,0.8822961890979257,0.789382822615451,5.830951894845301,2.2304260156992406,0.04156825696740671,2029,2117,ok,0.9886157787296106,0.0,0.0,0.0
standard,P020,63,retained,0.8779546550892426,0.7824591573516767,6.324555320336759,2.3071344202436244,0.042492917847025496,2028,2118,ok,0.9886157787296106,0.0,0.0,0.0
standard,P020,64,retained,0.8695441319107663,0.7691977691977692,6.324555320336759,2.4568667524497334,0.034318398474737846,2026,2098,ok,0.9886157787296106,0.0,0.0,0.0
standard,P020,65,retained,0.8535749265426053,0.7445536095685604,7.211102550927978,2.7789754142661183,0.05152671755725191,1988,2096,ok,0.9886157787296106,0.0,0.0,0.0
standard,P020,66,retained,0.8464933791074056,0.733843537414966,8.246211251235321,2.920647848714696,0.060865430337612936,1975,2103,ok,0.9886157787296106,0.0,0.0,0.0
standard,P020,67,retained,0.8452644526445264,0.731998295696634,8.54400374531753,2.944103445251857,0.05688336520076482,1973,2092,ok,0.9886157787296106,0.0,0.0,0.0
standard,P020,68,retained,0.8360493827160493,0.71828595672465,8.602325267042627,3.0843475355068732,0.04725168756027001,1976,2074,ok,0.9886157787296106,0.0,0.0,0.0
standard,P020,69,retained,0.8371407516580692,0.7198986058301647,8.999326419457901,3.101109744253495,0.0446685878962536,1989,2082,ok,0.9886157787296106,0.0,0.0,0.0
standard,P020,70,retained,0.8402223833695915,0.724468528553564,7.221453651680858,3.050150841132718,0.005332040717401842,2074,2063,ok,0.9886157787296106,0.0,0.0,0.0
standard,P020,71,retained,0.8424299952539155,0.7277572775727758,6.4031242374328485,3.040741856202101,0.03280270139893873,2141,2073,ok,0.9886157787296106,0.0,0.0,0.0
standard,P020,72,retained,0.8334524660471766,0.7144607843137255,6.708203932499369,3.2200843159005808,0.03146176185866408,2131,2066,ok,0.9886157787296106,0.0,0.0,0.0
standard,P020,73,retained,0.8336520076481836,0.7147540983606557,6.359911333029999,3.221683757326762,0.04097560975609756,2134,2050,ok,0.9886157787296106,0.0,0.0,0.0
standard,P020,74,retained,0.8326097443318862,0.7132231404958678,7.0710678118654755,3.2618235168406846,0.02342606149341142,2097,2049,ok,0.9886157787296106,0.0,0.0,0.0
standard,P020,75,retained,0.8330068560235063,0.7138061267310113,7.0710678118654755,3.1903486451493093,0.017786561264822136,2060,2024,ok,0.9886157787296106,0.0,0.0,0.0
standard,P020,76,retained,0.8645130183220829,0.7613588110403398,5.0,2.5599111391273963,0.051434223541048464,2126,2022,ok,0.9886157787296106,0.0,0.0,0.0
standard,P020,77,retained,0.8640116561437591,0.7605814450619923,5.0990195135927845,2.56189642847586,0.04875621890547264,2108,2010,ok,0.9886157787296106,0.0,0.0,0.0
standard,P020,78,retained,0.8717696283534334,0.7726876090750436,5.385164807134504,2.395597034046684,0.020387866732968673,2052,2011,ok,0.9886157787296106,0.0,0.0,0.0
standard,P020,79,retained,0.8641481110833125,0.7607929515418502,6.324555320336759,2.5304178161383812,0.010452961672473868,1988,2009,ok,0.9886157787296106,0.0,0.0,0.0
standard,P020,80,retained,0.8595250126326428,0.7536552946389012,6.324555320336759,2.591634938942263,0.017034068136272545,1962,1996,ok,0.9886157787296106,0.0,0.0,0.0
standard,P020,81,retained,0.8521739130434782,0.7424242424242424,6.708203932499369,2.70588278828192,0.03714859437751004,1918,1992,ok,0.9886157787296106,0.0,0.0,0.0
standard,P020,82,retained,0.851985559566787,0.7421383647798742,7.211102550927978,2.6950642726107614,0.05125628140703518,1888,1990,ok,0.9886157787296106,0.0,0.0,0.0
standard,P020,83,retained,0.8565531475748194,0.7490974729241877,6.708203932499369,2.6247673250855894,0.04833836858006042,1890,1986,ok,0.9886157787296106,0.0,0.0,0.0
standard,P020,84,retained,0.86302780638517,0.7590579710144928,6.379553562304021,2.4990096482134017,0.04233870967741935,1900,1984,ok,0.9886157787296106,0.0,0.0,0.0
standard,P020,85,retained,0.8651859504132231,0.7624032771961766,6.383482008158826,2.451909687434756,0.04345629105608893,1893,1979,ok,0.9886157787296106,0.0,0.0,0.0
standard,P020,86,retained,0.863859467837768,0.7603456116416553,6.4031242374328485,2.493318430225598,0.03801317790167258,1898,1973,ok,0.9886157787296106,0.0,0.0,0.0
standard,P020,87,retained,0.8707273194551529,0.7710514337733273,6.324555320336759,2.3546052077483415,0.036831483350151364,1909,1982,ok,0.9886157787296106,0.0,0.0,0.0
standard,P020,88,retained,0.8705276705276705,0.7707383773928898,6.324555320336759,2.35967598733323,0.03787878787878788,1905,1980,ok,0.9886157787296106,0.0,0.0,0.0
standard,P020,89,retained,0.8710348413936557,0.7715338553661907,6.708203932499369,2.3499578654267017,0.055611729019211326,1868,1978,ok,0.9886157787296106,0.0,0.0,0.0
standard,P020,90,retained,0.8629308076821889,0.7589079130032392,7.2628580546923835,2.4617033517107263,0.06170321264660887,1840,1961,ok,0.9886157787296106,0.0,0.0,0.0
standard,P020,91,retained,0.8639831623257037,0.7605372857804539,7.615773105863909,2.4530848323832566,0.07446808510638298,1827,1974,ok,0.9886157787296106,0.0,0.0,0.0
standard,P020,92,retained,0.863995782814971,0.7605568445475638,7.615773105863909,2.447689019980687,0.06428571428571428,1834,1960,ok,0.9886157787296106,0.0,0.0,0.0
standard,P020,93,retained,0.8751311647429171,0.7779850746268657,7.211102550927978,2.249622656508445,0.06005089058524173,1847,1965,ok,0.9886157787296106,0.0,0.0,0.0
standard,P020,94,retained,0.8754279694495655,0.7784543325526933,7.211102550927978,2.238999302885151,0.05978538579458355,1840,1957,ok,0.9886157787296106,0.0,0.0,0.0
standard,P020,95,retained,0.8761955366631243,0.7796690307328605,7.615773105863909,2.211738068438032,0.07172131147540983,1812,1952,ok,0.9886157787296106,0.0,0.0,0.0
standard,P020,96,retained,0.8720682302771855,0.7731568998109641,8.06225774829855,2.2902116063201077,0.06896551724137931,1809,1943,ok,0.9886157787296106,0.0,0.0,0.0
standard,P020,97,retained,0.8650225404402015,0.7621495327102804,8.06225774829855,2.445701902192456,0.06416837782340862,1823,1948,ok,0.9886157787296106,0.0,0.0,0.0
standard,P020,98,retained,0.8643028525726473,0.7610328638497652,8.584828810525098,2.44455511399612,0.07047325102880658,1807,1944,ok,0.9886157787296106,0.0,0.0,0.0
standard,P020,99,retained,0.8593919652551575,0.7534507377439315,9.886835652907775,2.4847295001458565,0.09710743801652892,1748,1936,ok,0.9886157787296106,0.0,0.0,0.0
standard,P020,100,retained,0.857532751091703,0.7505972288580984,9.879240082685438,2.498915361030719,0.10450077599586136,1731,1933,ok,0.9886157787296106,0.0,0.0,0.0
standard,P020,101,retained,0.8757138971988033,0.7789066279632317,8.858785249260027,2.206870056020585,0.0908618899273105,1751,1926,ok,0.9886157787296106,0.0,0.0,0.0
standard,P020,102,retained,0.8864923159881369,0.7961259079903148,7.999255730200575,2.0339548826071883,0.07424714434060228,1783,1926,ok,0.9886157787296106,0.0,0.0,0.0
standard,P021,0,retained,0.012027491408934709,0.006050129645635264,54.58469878567819,25.314456356812478,0.8850574712643678,240,2088,ok,0.8756844040677291,0.0,0.010050251256281407,0.005
standard,P021,1,retained,0.01881145788798632,0.009495036685369012,54.47355965851848,24.77899604570269,0.8781774580335732,254,2085,ok,0.8756844040677291,0.0,0.010050251256281407,0.005
standard,P021,2,retained,0.015332197614991482,0.007725321888412017,54.401720357870516,24.922174349316407,0.8711538461538462,268,2080,ok,0.8756844040677291,0.0,0.010050251256281407,0.005
standard,P021,3,retained,0.022304832713754646,0.011278195488721804,53.31387311494703,24.479857520140236,0.8360576923076923,341,2080,ok,0.8756844040677291,0.0,0.010050251256281407,0.005
standard,P021,4,retained,0.030278232405891982,0.015371832156211051,52.47175414955514,23.840509279644138,0.825,364,2080,ok,0.8756844040677291,0.0,0.010050251256281407,0.005
standard,P021,5,retained,0.03409090909090909,0.017341040462427744,51.931494420945604,23.527393361329086,0.8131021194605009,388,2076,ok,0.8756844040677291,0.0,0.010050251256281407,0.005
standard,P021,6,retained,0.03676470588235294,0.018726591760299626,52.12337220460391,23.520710477897772,0.8208092485549133,372,2076,ok,0.8756844040677291,0.0,0.010050251256281407,0.005
standard,P021,7,retained,0.03588907014681892,0.018272425249169437,52.02550909425408,23.5178500313798,0.8222862632084534,370,2082,ok,0.8756844040677291,0.0,0.010050251256281407,0.005
standard,P021,8,retained,0.039247751430907606,0.020016680567139282,52.0725164309083,23.262677395749286,0.8251681075888568,364,2082,ok,0.8756844040677291,0.0,0.010050251256281407,0.005
standard,P021,9,retained,0.04920049200492005,0.025220680958385876,52.31621973011303,22.770501430178385,0.824578313253012,364,2075,ok,0.8756844040677291,0.0,0.010050251256281407,0.005
standard,P021,10,retained,0.08333333333333333,0.043478260869565216,51.93241919593895,21.32124784385326,0.7745664739884393,468,2076,ok,0.8756844040677291,0.0,0.010050251256281407,0.005
standard,P021,11,retained,0.11609498680738786,0.06162464985994398,52.18232775235945,20.642523519781435,0.7251321480057664,572,2081,ok,0.8756844040677291,0.0,0.010050251256281407,0.005
standard,P021,12,retained,0.2307962118554893,0.13045202220459953,49.49747468305833,16.789504419949655,0.624034749034749,779,2072,ok,0.8756844040677291,0.0,0.010050251256281407,0.005
standard,P021,13,retained,0.25835037491479207,0.14833659491193738,48.84053991943039,16.587589956551387,0.5826086956521739,864,2070,ok,0.8756844040677291,0.0,0.010050251256281407,0.005
standard,P021,14,retained,0.27205387205387205,0.15744349181605613,48.52122727662252,16.315499472463618,0.5652173913043478,900,2070,ok,0.8756844040677291,0.0,0.010050251256281407,0.005
standard,P021,15,retained,0.2880849651510123,0.16828227995347034,48.170346731417034,16.13248784567528,0.5444444444444444,943,2070,ok,0.8756844040677291,0.0,0.010050251256281407,0.005
standard,P021,16,retained,0.2939424031777557,0.17229336437718276,48.14131819450644,16.035990750448402,0.5405797101449276,951,2070,ok,0.8756844040677291,0.0,0.010050251256281407,0.005
standard,P021,17,retained,0.28933333333333333,0.1691348402182385,48.112289657595824,16.13293753907622,0.547918683446273,934,2066,ok,0.8756844040677291,0.0,0.010050251256281407,0.005
standard,P021,18,retained,0.2700507614213198,0.15610328638497653,49.269607576388296,16.56039656308347,0.5779595765158807,877,2078,ok,0.8756844040677291,0.0,0.010050251256281407,0.005
standard,P021,19,retained,0.21728217999282898,0.12188254223652453,50.178126716152846,17.55714159340841,0.6571978815599422,712,2077,ok,0.8756844040677291,0.0,0.010050251256281407,0.005
standard,P021,20,retained,0.1558139534883721,0.08448928121059268,50.99190388487913,19.234577777068154,0.7566265060240964,505,2075,ok,0.8756844040677291,0.0,0.010050251256281407,0.005
standard,P021,21,retained,0.08596918085969181,0.044915254237288135,51.86472785607461,21.06098129006915,0.8075435203094777,398,2068,ok,0.8756844040677291,0.0,0.010050251256281407,0.005
standard,P021,22,retained,0.024127531236535976,0.012211077191452245,54.20332093147061,24.038272687769307,0.8782020299661673,252,2069,ok,0.8756844040677291,0.0,0.010050251256281407,0.005
standard,P021,23,retained,0.0035398230088495575,0.0017730496453900709,55.34423188127437,26.153512506026015,0.90715667311412,192,2068,ok,0.8756844040677291,0.0,0.010050251256281407,0.005
standard,P021,24,retained,0.0,0.0,55.056784229854166,27.68718274786894,0.9088277858176556,189,2073,ok,0.8756844040677291,0.0,0.010050251256281407,0.005
standard,P021,25,retained,0.0,0.0,54.47923782985104,29.14180296225791,0.9051556420233463,195,2056,ok,0.8756844040677291,0.0,0.010050251256281407,0.005
standard,P021,26,retained,0.0,0.0,54.559577502479264,30.918201928337382,0.9199417758369723,165,2061,ok,0.8756844040677291,0.0,0.010050251256281407,0.005
standard,P021,27,retained,0.0,0.0,54.632761022592504,31.387744913699397,0.9408914728682171,122,2064,ok,0.8756844040677291,0.0,0.010050251256281407,0.005
standard,P021,28,retained,0.0,0.0,54.58339588337371,29.743712237981228,0.9292635658914729,146,2064,ok,0.8756844040677291,0.0,0.010050251256281407,0.005
standard,P021,29,retained,0.0,0.0,55.077216836440286,28.58812619497285,0.9225181598062954,160,2065,ok,0.8756844040677291,0.0,0.010050251256281407,0.005
standard,P021,30,retained,0.0,0.0,55.46800864403871,27.23845850005224,0.9128329297820823,180,2065,ok,0.8756844040677291,0.0,0.010050251256281407,0.005
standard,P021,31,retained,0.039347007115948095,0.020068317677198976,53.0,22.75502797258613,0.8430992736077482,324,2065,ok,0.8756844040677291,0.0,0.010050251256281407,0.005
standard,P021,32,retained,0.16856827383143172,0.09204180064308681,48.18711736105308,16.6188328815126,0.6842615012106538,652,2065,ok,0.8756844040677291,0.0,0.010050251256281407,0.005
standard,P021,33,retained,0.2696029362696029,0.15580408792903971,46.84426427461891,15.484346437305296,0.5430238210986874,940,2057,ok,0.8756844040677291,0.0,0.010050251256281407,0.005
standard,P021,34,retained,0.339367904265112,0.20436067997043605,43.657759905886145,14.663807508856086,0.4286403085824494,1185,2074,ok,0.8756844040677291,0.0,0.010050251256281407,0.005
standard,P021,35,retained,0.37359384251036115,0.22970513287222424,41.62871596801592,14.511778839696673,0.3578026251823043,1321,2057,ok,0.8756844040677291,0.0,0.010050251256281407,0.005
standard,P021,36,retained,0.3868219255893212,0.2397887323943662,40.34103878132977,14.382028461035176,0.28994657600777074,1462,2059,ok,0.8756844040677291,0.0,0.010050251256281407,0.005
standard,P021,37,retained,0.4007814680435389,0.2506108202443281,39.294339915584686,14.328403380823532,0.25644768856447686,1528,2055,ok,0.8756844040677291,0.0,0.010050251256281407,0.005
standard,P021,38,retained,0.40852974186307517,0.2566995768688293,39.315339046492745,14.135343599435938,0.2631578947368421,1512,2052,ok,0.8756844040677291,0.0,0.010050251256281407,0.005
standard,P021,39,retained,0.4165485973363559,0.2630637079455977,39.3363381774008,13.830332760111887,0.2802144249512671,1477,2052,ok,0.8756844040677291,0.0,0.010050251256281407,0.005
standard,P021,40,retained,0.41135573580533025,0.2589350838803793,40.429781581273474,13.878929567986129,0.32182790471560524,1395,2057,ok,0.8756844040677291,0.0,0.010050251256281407,0.005
standard,P021,41,retained,0.3946980854197349,0.24587155963302754,40.71056331821354,14.187591039697669,0.3511413307430792,1336,2059,ok,0.8756844040677291,0.0,0.010050251256281407,0.005
standard,P021,42,retained,0.39430773791876667,0.24556868537666174,40.71240550854995,14.161478317519336,0.36182612918892665,1314,2059,ok,0.8756844040677291,0.0,0.010050251256281407,0.005
standard,P021,43,retained,0.41967403958090804,0.26556169429097604,38.6285010635057,13.479044092271534,0.32308443142996585,1387,2049,ok,0.8756844040677291,0.0,0.010050251256281407,0.005
standard,P021,44,retained,0.425544267053701,0.2702802359882006,37.63039279333522,13.371843892629425,0.31210191082802546,1404,2041,ok,0.8756844040677291,0.0,0.010050251256281407,0.005
standard,P021,45,retained,0.41468428781204114,0.2615783623564283,38.927491988913495,13.712635245464,0.3300637567435017,1366,2039,ok,0.8756844040677291,0.0,0.010050251256281407,0.005
standard,P021,46,retained,0.4096028452874926,0.2575475214312337,39.47698700011292,13.85849796192069,0.34526728788621874,1335,2039,ok,0.8756844040677291,0.0,0.010050251256281407,0.005
standard,P021,47,retained,0.41342441342441344,0.2605765630849869,39.50357582051382,13.792600833029734,0.34870034330554195,1328,2039,ok,0.8756844040677291,0.0,0.010050251256281407,0.005
standard,P021,48,retained,0.42739564961787185,0.2717757009345794,37.55462162228615,13.276720702365825,0.3315350662089259,1363,2039,ok,0.8756844040677291,0.0,0.010050251256281407,0.005
standard,P021,49,retained,0.4333821376281113,0.2766355140186916,37.00581156450019,13.07941403135785,0.32186732186732187,1380,2035,ok,0.8756844040677291,0.0,0.010050251256281407,0.005
standard,P021,50,retained,0.44173913043478263,0.28348214285714285,36.41917940918402,12.93140765974332,0.3046683046683047,1415,2035,ok,0.8756844040677291,0.0,0.010050251256281407,0.005
standard,P021,51,retained,0.44170724720710397,0.28345588235294117,36.149654573258246,12.90185429948099,0.28452088452088453,1456,2035,ok,0.8756844040677291,0.0,0.010050251256281407,0.005
standard,P021,52,retained,0.43577981651376146,0.2785923753665689,36.698741110617235,13.067859832437216,0.2893575282000981,1449,2039,ok,0.8756844040677291,0.0,0.010050251256281407,0.005
standard,P021,53,retained,0.4211744286954006,0.26676438255771345,38.09187191013209,13.486934067717032,0.30039331366764993,1423,2034,ok,0.8756844040677291,0.0,0.010050251256281407,0.005
standard,P021,54,retained,0.4110787172011662,0.25871559633027524,39.47698700011292,13.877025831445872,0.3136676499508358,1396,2034,ok,0.8756844040677291,0.0,0.010050251256281407,0.005
standard,P021,55,retained,0.3951349747849303,0.24621072088724585,40.920962593221475,14.291192843216102,0.3394088669950739,1341,2030,ok,0.8756844040677291,0.0,0.010050251256281407,0.005
standard,P021,56,retained,0.399294325198471,0.24944893460690667,40.71240550854995,14.179704528398487,0.3344760039177277,1359,2042,ok,0.8756844040677291,0.0,0.010050251256281407,0.005
standard,P021,57,retained,0.4081277213352685,0.2563822027716995,40.46927919453373,14.061744903943643,0.3062930186823992,1411,2034,ok,0.8756844040677291,0.0,0.010050251256281407,0.005
standard,P021,58,retained,0.4099164024214471,0.2577955039883974,40.429781581273474,14.07068107480079,0.2944936086529007,1435,2034,ok,0.8756844040677291,0.0,0.010050251256281407,0.005
standard,P021,59,retained,0.4068866571018651,0.2554034582132565,39.81519773196151,14.068423130618218,0.2941752325012237,1442,2043,ok,0.8756844040677291,0.0,0.010050251256281407,0.005
standard,P021,60,retained,0.40892193308550184,0.2570093457943925,39.813314177657865,13.964783991591883,0.29497805948317896,1446,2051,ok,0.8756844040677291,0.0,0.010050251256281407,0.005
standard,P021,61,retained,0.3964378052283826,0.2472232174847725,41.05477512260182,14.37738381164716,0.2994626282364436,1434,2047,ok,0.8756844040677291,0.0,0.010050251256281407,0.005
standard,P021,62,retained,0.38745280278826605,0.24027377521613832,41.07180784811464,14.491048395160938,0.3180263800683928,1396,2047,ok,0.8756844040677291,0.0,0.010050251256281407,0.005
standard,P021,63,retained,0.37945125510799765,0.23414985590778098,40.311288741492746,14.504644261945863,0.32633121641426477,1379,2047,ok,0.8756844040677291,0.0,0.010050251256281407,0.005
standard,P021,64,retained,0.38745280278826605,0.24027377521613832,39.65463868570494,14.36219649024604,0.31966813079551,1394,2049,ok,0.8756844040677291,0.0,0.010050251256281407,0.005
standard,P021,65,retained,0.4072061767229053,0.2556552962298025,37.49398589102686,13.56606192077488,0.2899755501222494,1452,2045,ok,0.8756844040677291,0.0,0.010050251256281407,0.005
standard,P021,66,retained,0.4127708095781072,0.2600574712643678,36.78714610994249,13.352149363634787,0.2803921568627451,1468,2040,ok,0.8756844040677291,0.0,0.010050251256281407,0.005
standard,P021,67,retained,0.4124892580922372,0.25983399494767234,36.355413851033916,13.409823970407047,0.2828332513526808,1458,2033,ok,0.8756844040677291,0.0,0.010050251256281407,0.005
standard,P021,68,retained,0.4205420827389444,0.26625722543352603,35.8640116640917,13.062877654714843,0.2860635696821516,1460,2045,ok,0.8756844040677291,0.0,0.010050251256281407,0.005
standard,P021,69,retained,0.40162037037037035,0.2512671976828385,36.92789401587878,13.598012945638763,0.30754162585700295,1414,2042,ok,0.8756844040677291,0.0,0.010050251256281407,0.005
standard,P021,70,retained,0.38114754098360654,0.23544303797468355,38.92556160846454,14.241722747776695,0.32713026444662097,1374,2042,ok,0.8756844040677291,0.0,0.010050251256281407,0.005
standard,P021,71,retained,0.34507250665877476,0.20851216022889843,40.311288741492746,15.072904913702786,0.3452497551420176,1337,2042,ok,0.8756844040677291,0.0,0.010050251256281407,0.005
standard,P021,72,retained,0.3097238895558223,0.18323863636363635,41.6965160170297,15.818322765754289,0.3642611683848797,1295,2037,ok,0.8756844040677291,0.0,0.010050251256281407,0.005
standard,P021,73,retained,0.2974296205630355,0.1746944644140906,43.09753899616308,16.06584482312558,0.39646712463199213,1230,2038,ok,0.8756844040677291,0.0,0.010050251256281407,0.005
standard,P021,74,retained,0.30550514216575925,0.1802927525883613,42.49113521683769,15.819924280048369,0.3778213935230618,1268,2038,ok,0.8756844040677291,0.0,0.010050251256281407,0.005
standard,P021,75,retained,0.30491111780656827,0.17987913259864913,42.49701961189631,15.822474718430321,0.36663385826771655,1287,2032,ok,0.8756844040677291,0.0,0.010050251256281407,0.005
standard,P021,76,retained,0.32671212570412095,0.1952515946137491,40.98159260900407,15.50254233971431,0.344946025515211,1335,2038,ok,0.8756844040677291,0.0,0.010050251256281407,0.005
standard,P021,77,retained,0.33462109955423475,0.20092790863668808,40.311288741492746,15.101346700373803,0.3431806991629739,1334,2031,ok,0.8756844040677291,0.0,0.010050251256281407,0.005
standard,P021,78,retained,0.339600119367353,0.204529115744069,41.114389661896695,15.06478567942842,0.35412573673870335,1315,2036,ok,0.8756844040677291,0.0,0.010050251256281407,0.005
standard,P021,79,retained,0.3344461305007587,0.20080174927113703,41.71570006570999,15.182053997310799,0.38163064833005894,1259,2036,ok,0.8756844040677291,0.0,0.010050251256281407,0.005
standard,P021,80,retained,0.3315934909425852,0.19874861980125139,41.722894083965095,15.102147820039555,0.3868251609707776,1238,2019,ok,0.8756844040677291,0.0,0.010050251256281407,0.005
standard,P021,81,retained,0.32313870868087735,0.19270449521002211,41.72049607788006,15.167278465785374,0.3967310549777117,1218,2019,ok,0.8756844040677291,0.0,0.010050251256281407,0.005
standard,P021,82,retained,0.30884184308841844,0.18262150220913106,42.538210377306676,15.448952210692841,0.4091134224863794,1193,2019,ok,0.8756844040677291,0.0,0.010050251256281407,0.005
standard,P021,83,retained,0.3074051026757934,0.18161764705882352,43.90557798186858,15.650706383880724,0.4089108910891089,1194,2020,ok,0.8756844040677291,0.0,0.010050251256281407,0.005
standard,P021,84,retained,0.30883261272390367,0.18261504747991233,42.526441587189424,15.449169287982425,0.39544103072348863,1220,2018,ok,0.8756844040677291,0.0,0.010050251256281407,0.005
standard,P021,85,retained,0.2890355010995916,0.16893132574366507,43.89874034520514,15.838524849794785,0.4195630585898709,1169,2014,ok,0.8756844040677291,0.0,0.010050251256281407,0.005
standard,P021,86,retained,0.26628168110362527,0.15358993338267948,46.242393415942324,16.377833700615202,0.45463559742191373,1100,2017,ok,0.8756844040677291,0.0,0.010050251256281407,0.005
standard,P021,87,retained,0.23529411764705882,0.13333333333333333,48.51059940528811,17.143979587889135,0.48289538919186914,1043,2017,ok,0.8756844040677291,0.0,0.010050251256281407,0.005
standard,P021,88,retained,0.21494708994708994,0.12041496850685439,48.83646178829912,17.46139303872863,0.5103448275862069,994,2030,ok,0.8756844040677291,0.0,0.010050251256281407,0.005
standard,P021,89,retained,0.22767419038272815,0.12846068660022147,48.15385978163254,17.359968924312174,0.48813056379821956,1035,2022,ok,0.8756844040677291,0.0,0.010050251256281407,0.005
standard,P021,90,retained,0.2502424830261882,0.14301552106430154,47.661773682714326,16.948179072700793,0.4718379446640316,1069,2024,ok,0.8756844040677291,0.0,0.010050251256281407,0.005
standard,P021,91,retained,0.2746835443037975,0.15920763022743947,45.72285272990452,16.409169663012015,0.43873517786561267,1136,2024,ok,0.8756844040677291,0.0,0.010050251256281407,0.005
standard,P021,92,retained,0.2880451835582052,0.16825513196480937,45.27692569068709,16.197469122053104,0.423837784371909,1165,2022,ok,0.8756844040677291,0.0,0.010050251256281407,0.005
standard,P021,93,retained,0.3079754601226994,0.18201595358955766,42.526441587189424,15.68934129796357,0.38213399503722084,1245,2015,ok,0.8756844040677291,0.0,0.010050251256281407,0.005
standard,P021,94,retained,0.31876138433515483,0.18959913326110509,42.508788402013565,15.46760226167973,0.3701138050470064,1273,2021,ok,0.8756844040677291,0.0,0.010050251256281407,0.005
standard,P021,95,retained,0.335832083958021,0.2018018018018018,41.105873299140285,15.150160996183676,0.349009900990099,1315,2020,ok,0.8756844040677291,0.0,0.010050251256281407,0.005
standard,P021,96,retained,0.36068476977567887,0.22002160604969392,37.5046421540711,14.365588286083659,0.3219415552253591,1369,2019,ok,0.8756844040677291,0.0,0.010050251256281407,0.005
standard,P021,97,retained,0.37229190421892816,0.2287215411558669,35.45310472070249,14.409147677161721,0.24862705941088367,1505,2003,ok,0.8756844040677291,0.0,0.010050251256281407,0.005
standard,P021,98,retained,0.3240023823704586,0.19331911869225302,37.12142238654117,15.36633172750131,0.3326713008937438,1344,2014,ok,0.8756844040677291,0.0,0.010050251256281407,0.005
standard,P021,99,retained,0.2802160702228224,0.1629367883784845,39.5204193874657,15.930888855093938,0.5292949354518371,948,2014,ok,0.8756844040677291,0.0,0.010050251256281407,0.005
standard,P021,100,retained,0.06755695208169678,0.034959349593495934,51.003686496096726,21.540198849162007,0.7339632023868722,535,2011,ok,0.8756844040677291,0.0,0.010050251256281407,0.005
standard,P021,101,retained,0.0942684766214178,0.049465769687376336,48.5929899097075,19.959206027711947,0.6779661016949152,646,2006,ok,0.8756844040677291,0.0,0.010050251256281407,0.005
standard,P021,102,retained,0.256837891927952,0.14734022196708763,39.46890495016762,14.561169137636263,0.5054835493519442,992,2006,ok,0.8756844040677291,0.0,0.010050251256281407,0.005
standard,P021,103,retained,0.1853911753800519,0.1021659174499387,46.61544808322666,17.800312429454355,0.6555333998005982,691,2006,ok,0.8756844040677291,0.0,0.010050251256281407,0.005
standard,P021,104,retained,0.18456766188445134,0.10166595472020504,47.80167361086848,17.80649831454267,0.7143569292123629,573,2006,ok,0.8756844040677291,0.0,0.010050251256281407,0.005
standard,P021,105,retained,0.1899179366940211,0.10492227979274611,48.08326112068523,17.96473234736274,0.7230538922155688,555,2004,ok,0.8756844040677291,0.0,0.010050251256281407,0.005
standard,P021,106,retained,0.18218138234119058,0.10021978021978022,48.8445531442101,18.18716692137739,0.750998003992016,499,2004,ok,0.8756844040677291,0.0,0.010050251256281407,0.005
standard,P021,107,retained,0.1443471005423446,0.07778776978417266,49.29042633910097,19.161591268451755,0.8038922155688623,393,2004,ok,0.8756844040677291,0.0,0.010050251256281407,0.005
standard,P021,108,retained,0.13807708598051674,0.07415832575068244,49.319439081361324,19.233119720618074,0.8218562874251497,357,2004,ok,0.8756844040677291,0.0,0.010050251256281407,0.005
standard,P021,109,retained,0.1654733492442323,0.09019947961838681,47.60704009275735,18.429353052947043,0.7492537313432835,504,2010,ok,0.8756844040677291,0.0,0.010050251256281407,0.005
standard,P021,110,retained,0.20426487093153758,0.11375,44.48027272111998,17.279413518021688,0.6701492537313433,663,2010,ok,0.8756844040677291,0.0,0.010050251256281407,0.005
standard,P021,111,retained,0.37281425272187396,0.22911597729115976,20.82759603987453,10.02157139567262,0.49203980099502487,1021,2010,ok,0.8756844040677291,0.0,0.010050251256281407,0.005
standard,P021,112,retained,0.18039508013417815,0.0991396968455551,45.78719837110516,17.728075159026915,0.6651741293532338,673,2010,ok,0.8756844040677291,0.0,0.010050251256281407,0.005
standard,P021,113,retained,0.1858902575587906,0.10246913580246914,43.550638004206164,17.197471899420055,0.6638403990024938,674,2005,ok,0.8756844040677291,0.0,0.010050251256281407,0.005
standard,P021,114,retained,0.41102106969205837,0.2586699306405549,21.619410389147045,9.882378307529322,0.4613466334164589,1080,2005,ok,0.8756844040677291,0.0,0.010050251256281407,0.005
standard,P021,115,retained,0.16857360793287568,0.09204498125780924,42.93619094392492,16.91459812882101,0.6922693266832918,617,2005,ok,0.8756844040677291,0.0,0.010050251256281407,0.005
standard,P021,116,retained,0.4114737883283877,0.2590286425902864,22.821032828226343,9.590514985189072,0.485014985014985,1031,2002,ok,0.8756844040677291,0.0,0.010050251256281407,0.005
standard,P021,117,retained,0.11197384552513281,0.05930735930735931,47.16990566028302,18.718896373209255,0.7734335839598997,452,1995,ok,0.8756844040677291,0.0,0.010050251256281407,0.005
standard,P021,118,retained,0.06946209233375689,0.035980693286529176,48.33218389437829,19.845639552429805,0.8165413533834587,366,1995,ok,0.8756844040677291,0.0,0.010050251256281407,0.005
standard,P021,119,retained,0.038749449581682076,0.019757521329142345,51.13535222396181,21.586330565804108,0.8616541353383459,276,1995,ok,0.8756844040677291,0.0,0.010050251256281407,0.005
standard,P021,120,retained,0.010114942528735632,0.005083179297597043,54.04150536476334,23.54455999675156,0.9064856711915535,186,1989,ok,0.8756844040677291,0.0,0.010050251256281407,0.005
standard,P021,121,retained,0.0,0.0,54.597615472839564,24.48903996025042,0.9175879396984925,164,1990,ok,0.8756844040677291,0.0,0.010050251256281407,0.005
standard,P021,122,retained,0.0009009009009009009,0.0004506534474988734,53.62447909627319,23.891677834526433,0.8866599799398195,226,1994,ok,0.8756844040677291,0.0,0.010050251256281407,0.005
standard,P021,123,retained,0.0009149130832570906,0.0004576659038901602,53.272298787976794,24.637072603286683,0.9053580370555834,189,1997,ok,0.8756844040677291,0.0,0.010050251256281407,0.005
standard,P021,124,retained,0.002756086357372531,0.0013799448022079118,52.82982440587628,24.018412400868144,0.9098647971957937,180,1997,ok,0.8756844040677291,0.0,0.010050251256281407,0.005
standard,P021,125,retained,0.0027535566773749425,0.0013786764705882354,51.1192236586247,24.258232617824863,0.9055750878955299,188,1991,ok,0.8756844040677291,0.0,0.010050251256281407,0.005
standard,P021,126,retained,0.004570383912248629,0.0022904260192395786,51.10309509328759,23.874345760003088,0.9010547463586137,197,1991,ok,0.8756844040677291,0.0,0.010050251256281407,0.005
standard,P021,127,retained,0.000936768149882904,0.00046860356138706655,51.70478349198781,25.522757838964164,0.9255158530447911,148,1987,ok,0.8756844040677291,0.0,0.010050251256281407,0.005
standard,P021,128,retained,0.002838221381267739,0.0014211274277593558,50.70148154612261,25.18843872011667,0.9360845495722194,127,1987,ok,0.8756844040677291,0.0,0.010050251256281407,0.005
standard,P021,129,retained,0.15169846440204746,0.08207452165156093,31.016124838541646,17.116951658970564,0.9179254783484391,163,1986,ok,0.8756844040677291,0.0,0.010050251256281407,0.005
standard,P021,130,retained,0.1350210970464135,0.07239819004524888,31.396655115398982,17.689450198898847,0.9276018099547512,144,1989,ok,0.8756844040677291,0.0,0.010050251256281407,0.005
standard,P021,131,retained,0.12358490566037736,0.06586224233283057,31.94369494729026,17.862910820843936,0.9341377576671694,131,1989,ok,0.8756844040677291,0.0,0.010050251256281407,0.005
standard,P021,132,retained,0.11163670766319773,0.05911823647294589,33.0136328867635,18.43277376598653,0.9408817635270541,118,1996,ok,0.8756844040677291,0.0,0.010050251256281407,0.005
standard,P021,133,retained,0.0,0.0,,,1.0,0,1989,a_empty,0.8756844040677291,0.0,0.010050251256281407,0.005
standard,P021,134,retained,0.0,0.0,142.98461164701916,111.56002222212932,0.9773755656108597,45,1989,ok,0.8756844040677291,0.0,0.010050251256281407,0.005
standard,P021,135,retained,0.2741865509761388,0.15887380593262945,32.592122256285464,14.050791058386206,0.8411261940673705,316,1989,ok,0.8756844040677291,0.0,0.010050251256281407,0.005
standard,P021,136,retained,0.6226650062266501,0.45207956600361665,17.029386365926403,7.047603455208122,0.3851181498240322,1223,1989,ok,0.8756844040677291,0.0,0.010050251256281407,0.005
standard,P021,137,retained,0.6540697674418605,0.48596112311015116,16.161660730138316,6.761365396801475,0.2704876822523881,1451,1989,ok,0.8756844040677291,0.0,0.010050251256281407,0.005
standard,P021,138,retained,0.6621315192743764,0.49491525423728816,15.556349186104045,6.81103300767722,0.22624434389140272,1539,1989,ok,0.8756844040677291,0.0,0.010050251256281407,0.005
standard,P021,139,retained,0.6578577452909755,0.4901550062840385,15.54010903738523,6.823527834339939,0.20625315179021683,1574,1983,ok,0.8756844040677291,0.0,0.010050251256281407,0.005
standard,P021,140,retained,0.6421596783457783,0.47292724196277497,16.97056274847714,7.131954128167411,0.25113008538422904,1491,1991,ok,0.8756844040677291,0.0,0.010050251256281407,0.005
standard,P021,141,retained,0.6408328513591671,0.4714893617021277,17.16325583182264,7.035428364969363,0.263184329482672,1467,1991,ok,0.8756844040677291,0.0,0.010050251256281407,0.005
standard,P021,142,retained,0.6509758897818599,0.4825531914893617,17.69180601295413,6.890749009395159,0.2492462311557789,1494,1990,ok,0.8756844040677291,0.0,0.010050251256281407,0.005
standard,P021,143,retained,0.6460519050248481,0.47716150081566067,16.278820596099706,7.051993094473191,0.18446115288220552,1627,1995,ok,0.8756844040677291,0.0,0.010050251256281407,0.005
standard,P021,144,retained,0.6494985090810518,0.4809313528703332,16.21709855629866,7.043686126522646,0.15087719298245614,1694,1995,ok,0.8756844040677291,0.0,0.010050251256281407,0.005
standard,P021,145,retained,0.6486486486486487,0.48,16.241822743690847,7.082777186210958,0.1583710407239819,1674,1989,ok,0.8756844040677291,0.0,0.010050251256281407,0.005
standard,P021,146,retained,0.6527127513081795,0.48446443172526577,16.449702121196445,7.012239877787279,0.17812343201204214,1638,1993,ok,0.8756844040677291,0.0,0.010050251256281407,0.005
standard,P021,147,retained,0.6513581629795575,0.4829734219269103,17.487004878211085,7.069980016223757,0.20822880080280984,1578,1993,ok,0.8756844040677291,0.0,0.010050251256281407,0.005
standard,P021,148,retained,0.6571187868576243,0.4893350062735257,17.131786141924522,6.906993628337122,0.2096530920060332,1572,1989,ok,0.8756844040677291,0.0,0.010050251256281407,0.005
standard,P021,149,retained,0.6681294569391114,0.5016474464579901,16.052262585235024,6.672033431578658,0.1678391959798995,1656,1990,ok,0.8756844040677291,0.0,0.010050251256281407,0.005
standard,P021,150,retained,0.6723474436503574,0.5064182194616977,15.734876566420539,6.582130703551506,0.17185929648241205,1648,1990,ok,0.8756844040677291,0.0,0.010050251256281407,0.005
standard,P021,151,retained,0.6745435016111708,0.5089141004862237,14.866068747318506,6.561687689316635,0.12770236299648063,1735,1989,ok,0.8756844040677291,0.0,0.010050251256281407,0.005
standard,P021,152,retained,0.6708310700706138,0.5046996322026972,15.410187847634727,6.611802165440706,0.14974874371859295,1692,1990,ok,0.8756844040677291,0.0,0.010050251256281407,0.005
standard,P021,153,retained,0.6744312026002167,0.5087862689006948,14.866068747318506,6.4767450233251695,0.14565544952285284,1701,1991,ok,0.8756844040677291,0.0,0.010050251256281407,0.005
standard,P021,154,retained,0.6821747362726535,0.5176518883415435,14.159704167685485,6.27225479260189,0.14314414866901054,1706,1991,ok,0.8756844040677291,0.0,0.010050251256281407,0.005
standard,P021,155,retained,0.6818693693693694,0.5173002990175138,14.939730936293321,6.126909037459425,0.21417797888386123,1563,1989,ok,0.8756844040677291,0.0,0.010050251256281407,0.005
standard,P021,156,retained,0.6860361695819746,0.5221119133574007,16.25415536116046,5.863682456428371,0.3050251256281407,1383,1990,ok,0.8756844040677291,0.0,0.010050251256281407,0.005
standard,P021,157,retained,0.6877688998156115,0.5241217798594848,16.76305461424021,5.72959924389692,0.3640020110608346,1265,1989,ok,0.8756844040677291,0.0,0.010050251256281407,0.005
standard,P021,158,retained,0.5666548169214362,0.39533730158730157,28.759995615576713,8.42822346563929,0.58643216080402,823,1990,ok,0.8756844040677291,0.0,0.010050251256281407,0.005
standard,P021,159,retained,0.5414082451659978,0.3711855927963982,29.95214991821099,8.828537360272565,0.6219205630970337,752,1989,ok,0.8756844040677291,0.0,0.010050251256281407,0.005
standard,P021,160,retained,0.608786610878661,0.43759398496240604,16.883278107193814,6.680611090837084,0.5580693815987934,879,1989,ok,0.8756844040677291,0.0,0.010050251256281407,0.005
standard,P021,161,retained,0.6513668579142761,0.482982982982983,16.522268221974983,6.031346479463269,0.5095573440643864,975,1988,ok,0.8756844040677291,0.0,0.010050251256281407,0.005
standard,P021,162,retained,0.7118000632711168,0.5525540275049116,15.658677141619023,5.189813388607372,0.4163326653306613,1165,1996,ok,0.8756844040677291,0.0,0.010050251256281407,0.005
standard,P021,163,retained,0.7453941407429779,0.5941261434761675,14.960633520177586,4.6891828801409146,0.3411823647294589,1315,1996,ok,0.8756844040677291,0.0,0.010050251256281407,0.005
standard,P021,164,retained,0.7340217694669272,0.5798059964726632,13.0,4.9419483475674335,0.20490981963927857,1587,1996,ok,0.8756844040677291,0.0,0.010050251256281407,0.005
standard,P021,165,retained,0.622733953944145,0.4521522589825685,38.0,9.906534765412967,0.045090180360721446,2086,1996,ok,0.8756844040677291,0.0,0.010050251256281407,0.005
standard,P021,166,retained,0.16923076923076924,0.09243697478991597,52.27615410250381,19.805333434648208,0.6973947895791583,604,1996,ok,0.8756844040677291,0.0,0.010050251256281407,0.005
standard,P021,167,retained,0.3319397993311037,0.19899749373433584,36.235341863986875,13.252809667665211,0.8010025062656642,397,1995,ok,0.8756844040677291,0.0,0.010050251256281407,0.005
standard,P021,168,retained,0.4344422700587084,0.2775,34.34600130223439,10.171674748743538,0.7134944612286002,569,1986,ok,0.8756844040677291,0.0,0.010050251256281407,0.005
standard,P021,169,retained,0.4367227505486467,0.27936359382311654,32.11648084442097,9.920410672851792,0.6219758064516129,750,1984,ok,0.8756844040677291,0.0,0.010050251256281407,0.005
standard,P021,170,retained,0.08754208754208755,0.045774647887323945,36.0679791413217,18.537978534038025,0.9531722054380665,93,1986,ok,0.8756844040677291,0.0,0.010050251256281407,0.005
standard,P021,171,retained,0.0,0.0,87.57131551165801,60.65970336440469,0.9768378650553877,46,1986,ok,0.8756844040677291,0.0,0.010050251256281407,0.005
standard,P021,172,retained,0.0,0.0,85.42359627757598,59.1779304608228,0.9561933534743202,87,1986,ok,0.8756844040677291,0.0,0.010050251256281407,0.005
standard,P021,173,retained,0.0,0.0,59.51583767346632,35.36783481456492,0.9647532729103726,70,1986,ok,0.8756844040677291,0.0,0.010050251256281407,0.005
standard,P021,174,retained,0.0,0.0,57.619123158216,32.07684720682686,0.9410876132930514,117,1986,ok,0.8756844040677291,0.0,0.010050251256281407,0.005
standard,P021,175,retained,0.0,0.0,58.01360278767772,32.62831722968932,0.9531486146095718,93,1985,ok,0.8756844040677291,0.0,0.010050251256281407,0.005
standard,P021,176,retained,0.0,0.0,58.323633416088406,32.08277095475517,0.947289156626506,105,1992,ok,0.8756844040677291,0.0,0.010050251256281407,0.005
standard,P021,177,retained,0.0,0.0,56.68410966326245,27.940276123570303,0.9161646586345381,167,1992,ok,0.8756844040677291,0.0,0.010050251256281407,0.005
standard,P021,178,retained,0.0,0.0,56.84644045910968,29.238724559884954,0.9347389558232931,130,1992,ok,0.8756844040677291,0.0,0.010050251256281407,0.005
standard,P021,179,retained,0.0,0.0,56.67800637938969,31.57517643080378,0.9573293172690763,85,1992,ok,0.8756844040677291,0.0,0.010050251256281407,0.005
standard,P021,180,retained,0.0,0.0,55.4199136274253,26.833070026426626,0.9064386317907445,186,1988,ok,0.8756844040677291,0.0,0.010050251256281407,0.005
standard,P021,181,retained,0.009713024282560706,0.0048802129547471165,52.7466783358668,24.495840033796355,0.8606639839034205,277,1988,ok,0.8756844040677291,0.0,0.010050251256281407,0.005
standard,P021,182,retained,0.02628232301822806,0.01331615120274914,50.6003932860543,22.77118275975146,0.8175438596491228,364,1995,ok,0.8756844040677291,0.0,0.010050251256281407,0.005
standard,P021,183,retained,0.055667607906413875,0.02863070539419087,48.78523076252964,21.122272283720022,0.7573934837092732,484,1995,ok,0.8756844040677291,0.0,0.010050251256281407,0.005
standard,P021,184,retained,0.07508799374266718,0.03900853311661926,48.67526393192566,20.24931783302866,0.7208604302151076,558,1999,ok,0.8756844040677291,0.0,0.010050251256281407,0.005
standard,P021,185,retained,0.09800918836140889,0.05152979066022544,48.17303357012145,19.452771743268055,0.6933466733366683,613,1999,ok,0.8756844040677291,0.0,0.010050251256281407,0.005
standard,P021,186,retained,0.10993975903614457,0.05816733067729084,47.54563263031607,18.959483936005167,0.671335667833917,657,1999,ok,0.8756844040677291,0.0,0.010050251256281407,0.005
standard,P021,187,retained,0.11211437170805116,0.059386209645277,47.52676335559745,18.89771585218374,0.6676691729323309,663,1995,ok,0.8756844040677291,0.0,0.010050251256281407,0.005
standard,P021,188,retained,0.1186124580380455,0.06304520222045995,46.97224336658331,18.738793133498348,0.656140350877193,686,1995,ok,0.8756844040677291,0.0,0.010050251256281407,0.005
standard,P021,189,retained,0.12564671101256467,0.06703470031545741,46.57187176388293,18.57090233465575,0.6388329979879276,718,1988,ok,0.8756844040677291,0.0,0.010050251256281407,0.005
standard,P021,190,retained,0.15538132573057734,0.08423493044822257,45.504225005746044,17.93067067518581,0.5885311871227364,818,1988,ok,0.8756844040677291,0.0,0.010050251256281407,0.005
standard,P021,191,retained,0.1786723163841808,0.09810003877471889,43.86677380444933,17.116297951903082,0.5754527162977867,844,1988,ok,0.8756844040677291,0.0,0.010050251256281407,0.005
standard,P021,192,retained,0.18518518518518517,0.10204081632653061,42.5440947723653,16.793397850346217,0.5924812030075188,813,1995,ok,0.8756844040677291,0.0,0.010050251256281407,0.005
standard,P021,193,retained,0.17664233576642335,0.09687750200160128,44.11278393173042,17.21862317200983,0.6265664160401002,745,1995,ok,0.8756844040677291,0.0,0.010050251256281407,0.005
standard,P021,194,retained,0.17986676535899335,0.09882065880439203,44.21467749749547,17.115779735882047,0.6456140350877193,707,1995,ok,0.8756844040677291,0.0,0.010050251256281407,0.005
standard,P021,195,retained,0.14181678804139516,0.07632013201320131,47.39461444707783,18.4046739519188,0.6882855706385118,620,1989,ok,0.8756844040677291,0.0,0.010050251256281407,0.005
standard,P021,196,retained,0.1097608780870247,0.05806719203649938,48.25009530332449,19.195513597814685,0.7213032581453634,556,1995,ok,0.8756844040677291,0.0,0.010050251256281407,0.005
standard,P021,197,retained,0.10397794407246948,0.054840049854590775,48.33769815112078,19.374986043772473,0.7273182957393484,544,1995,ok,0.8756844040677291,0.0,0.010050251256281407,0.005
standard,P021,198,retained,0.09282030940103134,0.04866888519134775,48.4993832411894,19.811247276827388,0.7363408521303259,526,1995,ok,0.8756844040677291,0.0,0.010050251256281407,0.005
standard,P021,199,retained,0.08823529411764706,0.046153846153846156,48.7339327132714,20.09340303879225,0.7350427350427351,527,1989,ok,0.8756844040677291,0.0,0.010050251256281407,0.005
standard,P040,0,retained,0.8712338593974175,0.7718462027327614,6.0,3.0810606462845755,0.1269734632180047,2599,2977,ok,0.9920311274886411,0.0,0.0,0.0
standard,P040,1,retained,0.8711000178284899,0.7716361339229312,6.0,3.074777324676174,0.13778220451527223,2597,3012,ok,0.9920311274886411,0.0,0.0,0.0
standard,P040,2,retained,0.8754232757084298,0.7784469096671949,6.0,2.9790459977796226,0.1346409574468085,2603,3008,ok,0.9920311274886411,0.0,0.0,0.0
standard,P040,3,retained,0.8733748886910062,0.7752134049952577,6.0,3.0392216909858325,0.1314475873544093,2610,3005,ok,0.9920311274886411,0.0,0.0,0.0
standard,P040,4,retained,0.8765563856278904,0.7802406586447118,5.830951894845301,2.938324299757077,0.13470471134704712,2608,3014,ok,0.9920311274886411,0.0,0.0,0.0
standard,P040,5,retained,0.8764444444444445,0.7800632911392406,6.0,2.9344604492464064,0.1330899435778294,2612,3013,ok,0.9920311274886411,0.0,0.0,0.0
standard,P040,6,retained,0.8774787535410765,0.7817034700315457,5.830951894845301,2.90879976178547,0.13658858462553614,2617,3031,ok,0.9920311274886411,0.0,0.0,0.0
standard,P040,7,retained,0.8789492367767128,0.7840405319822673,5.830951894845301,2.851990051273544,0.13505461767626614,2613,3021,ok,0.9920311274886411,0.0,0.0,0.0
standard,P040,8,retained,0.8798017348203222,0.7853982300884956,5.966190378969053,2.839819443922983,0.1337958374628345,2622,3027,ok,0.9920311274886411,0.0,0.0,0.0
standard,P040,9,retained,0.8797457178174113,0.7853089533417402,5.778722601239413,2.829196532260468,0.13778362380795792,2622,3041,ok,0.9920311274886411,0.0,0.0,0.0
standard,P040,10,retained,0.8814697049991168,0.7880606443461782,5.770017718971775,2.7735909070463416,0.13844130220322262,2620,3041,ok,0.9920311274886411,0.0,0.0,0.0
standard,P040,11,retained,0.8828606658446363,0.7902869757174393,5.830951894845301,2.744742849971127,0.13868852459016393,2627,3050,ok,0.9920311274886411,0.0,0.0,0.0
standard,P040,12,retained,0.8821359564377306,0.7891263356379635,5.830951894845301,2.7620905838666263,0.14075767472240366,2631,3062,ok,0.9920311274886411,0.0,0.0,0.0
standard,P040,13,retained,0.884184744576627,0.7924114142364378,5.830951894845301,2.724968064465028,0.14174252275682706,2640,3076,ok,0.9920311274886411,0.0,0.0,0.0
standard,P040,14,retained,0.8860493611062489,0.795411690760528,5.830951894845301,2.656794907841371,0.135443864229765,2649,3064,ok,0.9920311274886411,0.0,0.0,0.0
standard,P040,15,retained,0.8860936408106219,0.795483061480552,5.830951894845301,2.6632990326787236,0.13550488599348534,2654,3070,ok,0.9920311274886411,0.0,0.0,0.0
standard,P040,16,retained,0.8868746731741328,0.7967428750391481,5.830951894845301,2.6419902391233925,0.135521611959701,2660,3077,ok,0.9920311274886411,0.0,0.0,0.0
standard,P040,17,retained,0.8888502952414032,0.7999374804626446,5.385164807134504,2.576052595007314,0.13233863120337333,2675,3083,ok,0.9920311274886411,0.0,0.0,0.0
standard,P040,18,retained,0.8878504672897196,0.7983193277310925,5.830951894845301,2.637549480570614,0.13673008706868753,2677,3101,ok,0.9920311274886411,0.0,0.0,0.0
standard,P040,19,retained,0.8853195164075993,0.7942361326309265,5.830951894845301,2.6866089386078342,0.13706563706563707,2682,3108,ok,0.9920311274886411,0.0,0.0,0.0
standard,P040,20,retained,0.8835035485546131,0.7913178294573643,6.082762530298219,2.727672380020893,0.14482980089916506,2663,3114,ok,0.9920311274886411,0.0,0.0,0.0
standard,P040,21,retained,0.8803329864724245,0.7862453531598513,6.324555320336759,2.800685698369839,0.15014436958614052,2649,3117,ok,0.9920311274886411,0.0,0.0,0.0
standard,P040,22,retained,0.8752399232245681,0.7781569965870307,6.708203932499369,2.9078684764597296,0.16078305519897304,2615,3116,ok,0.9920311274886411,0.0,0.0,0.0
standard,P040,23,retained,0.8741952322951105,0.7765069551777435,7.01421356237309,2.9356500382490864,0.16682615629984052,2612,3135,ok,0.9920311274886411,0.0,0.0,0.0
standard,P040,24,retained,0.8711976360159916,0.7717893440098552,7.211102550927978,3.0329799955282546,0.1649122807017544,2618,3135,ok,0.9920311274886411,0.0,0.0,0.0
standard,P040,25,retained,0.8682197496522949,0.7671274961597542,7.615773105863909,3.0964984613741877,0.16698534098151688,2614,3138,ok,0.9920311274886411,0.0,0.0,0.0
standard,P040,26,retained,0.8650807431845806,0.7622399020807834,8.0,3.18565587718192,0.17406467977171844,2605,3154,ok,0.9920311274886411,0.0,0.0,0.0
standard,P040,27,retained,0.8636601079575135,0.760036775973031,8.06225774829855,3.2143754754649687,0.17971473851030112,2588,3155,ok,0.9920311274886411,0.0,0.0,0.0
standard,P040,28,retained,0.8593859036985345,0.7534414193943102,8.06225774829855,3.323394744593642,0.18779639582674676,2569,3163,ok,0.9920311274886411,0.0,0.0,0.0
standard,P040,29,retained,0.8541630453676343,0.7454490291262136,8.54400374531753,3.445745310513013,0.19937402190923317,2558,3195,ok,0.9920311274886411,0.0,0.0,0.0
standard,P040,30,retained,0.8505226480836237,0.7399211882388602,8.94427190999916,3.5148110782468773,0.20344287949921752,2545,3195,ok,0.9920311274886411,0.0,0.0,0.0
standard,P040,31,retained,0.8470259898831327,0.73464447806354,8.94427190999916,3.653011640520313,0.2056338028169014,2538,3195,ok,0.9920311274886411,0.0,0.0,0.0
standard,P040,32,retained,0.8428396999825571,0.7283690081398855,9.219544457292887,3.759128693937527,0.20619524405506884,2537,3196,ok,0.9920311274886411,0.0,0.0,0.0
standard,P040,33,retained,0.8396440411795498,0.7236090225563909,9.447194094168736,3.825019768236254,0.21018113678950656,2529,3202,ok,0.9920311274886411,0.0,0.0,0.0
standard,P040,34,retained,0.8384628760215614,0.7218562874251497,9.848857801796104,3.8602807108175385,0.21230960522225675,2534,3217,ok,0.9920311274886411,0.0,0.0,0.0
standard,P040,35,retained,0.8359550561797753,0.7181467181467182,9.856453372018438,3.942728380206595,0.20953265242958835,2554,3231,ok,0.9920311274886411,0.0,0.0,0.0
standard,P040,36,retained,0.8342522398345968,0.7156370085722731,10.198039027185569,3.9872034705563686,0.20753551575046325,2566,3238,ok,0.9920311274886411,0.0,0.0,0.0
standard,P040,37,retained,0.8364638979838015,0.7188981042654028,10.198039027185569,3.9687103074262264,0.20340557275541796,2573,3230,ok,0.9920311274886411,0.0,0.0,0.0
standard,P040,38,retained,0.8360881542699724,0.7183431952662722,10.04987562112089,3.9611493826187076,0.2096177558569667,2564,3244,ok,0.9920311274886411,0.0,0.0,0.0
standard,P040,39,retained,0.8479452054794521,0.7360285374554102,9.848857801796104,3.640581438461893,0.2085889570552147,2580,3260,ok,0.9920311274886411,0.0,0.0,0.0
standard,P040,40,retained,0.8566037735849057,0.7491749174917491,9.433981132056603,3.4446466159717937,0.20890937019969277,2575,3255,ok,0.9920311274886411,0.0,0.0,0.0
standard,P040,41,retained,0.8755074424898511,0.7785800240673887,8.54400374531753,3.0081293866408436,0.1909424724602203,2644,3268,ok,0.9920311274886411,0.0,0.0,0.0
standard,P040,42,retained,0.8879281676089126,0.7984449760765551,7.280109889280518,2.7187540705209114,0.16925418569254186,2729,3285,ok,0.9920311274886411,0.0,0.0,0.0
standard,P040,43,retained,0.8976092333058533,0.8142387077475322,6.708203932499369,2.455413507465169,0.15485244904167933,2778,3287,ok,0.9920311274886411,0.0,0.0,0.0
standard,P040,44,retained,0.9053725044635611,0.8271055753262159,6.0,2.291199465430464,0.13810818978543365,2852,3309,ok,0.9920311274886411,0.0,0.0,0.0
standard,P040,45,retained,0.9169467114738358,0.8466312056737588,5.0,1.9842629947248414,0.11208459214501511,2939,3310,ok,0.9920311274886411,0.0,0.0,0.0
standard,P040,46,retained,0.9195114312558722,0.8510144927536232,5.0,1.9699288833490765,0.09145248057381948,3040,3346,ok,0.9920311274886411,0.0,0.0,0.0
standard,P040,47,retained,0.9254237288135593,0.861198738170347,4.073863375370599,1.8350581162519162,0.06384248210023866,3138,3352,ok,0.9920311274886411,0.0,0.0,0.0
standard,P040,48,retained,0.9268218469496424,0.863623476041962,4.123105625617661,1.8177474018779767,0.050711743772241996,3201,3372,ok,0.9920311274886411,0.0,0.0,0.0
standard,P040,49,retained,0.9237749546279492,0.8583473861720068,4.123105625617661,1.907020139066284,0.035650623885918005,3246,3366,ok,0.9920311274886411,0.0,0.0,0.0
standard,P040,50,retained,0.9264793783622236,0.8630289532293987,4.123105625617661,1.8505342512956642,0.024793388429752067,3304,3388,ok,0.9920311274886411,0.0,0.0,0.0
standard,P040,51,retained,0.9273892947666617,0.8646093967194884,4.123105625617661,1.8332202860876907,0.01919669226225635,3321,3386,ok,0.9920311274886411,0.0,0.0,0.0
standard,P040,52,retained,0.9248847240815112,0.8602656336469287,4.123105625617661,1.9029552533877605,0.010946745562130178,3343,3380,ok,0.9920311274886411,0.0,0.0,0.0
standard,P040,53,retained,0.9298271531984045,0.8688569850911099,4.012310562561769,1.773500826100331,0.0032448377581120944,3379,3390,ok,0.9920311274886411,0.0,0.0,0.0
standard,P040,54,retained,0.9254740555637219,0.8612859097127223,4.47213595499958,1.874394349239414,0.016301126259632485,3429,3374,ok,0.9920311274886411,0.0,0.0,0.0
standard,P040,55,retained,0.9262820512820513,0.8626865671641791,5.0,1.8737149247207558,0.02120141342756184,3468,3396,ok,0.9920311274886411,0.0,0.0,0.0
standard,P040,56,retained,0.9251344672190726,0.8606978631322694,5.0,1.9022548955823742,0.02621502209131075,3484,3395,ok,0.9920311274886411,0.0,0.0,0.0
standard,P040,57,retained,0.9241961297832096,0.8590749256153638,5.0,1.919424490332044,0.028031867807612864,3484,3389,ok,0.9920311274886411,0.0,0.0,0.0
standard,P040,58,retained,0.9244897959183673,0.8595825426944972,5.0,1.927016990940735,0.0230020642878207,3469,3391,ok,0.9920311274886411,0.0,0.0,0.0
standard,P040,59,retained,0.9231446171897917,0.8572596022882049,5.0,1.962555944466466,0.018354055654233273,3440,3378,ok,0.9920311274886411,0.0,0.0,0.0
standard,P040,60,retained,0.9194424064563463,0.8508962520369364,5.0,2.056002390527204,0.01567583555161195,3434,3381,ok,0.9920311274886411,0.0,0.0,0.0
standard,P040,61,retained,0.9199766355140186,0.8518117901568415,5.0,2.0355325764687136,0.013525433695971773,3447,3401,ok,0.9920311274886411,0.0,0.0,0.0
standard,P040,62,retained,0.9203025014543339,0.8523706896551724,5.0,2.031039932901816,0.021164021164021163,3474,3402,ok,0.9920311274886411,0.0,0.0,0.0
standard,P040,63,retained,0.9190994916485112,0.8503090567051867,5.0,2.0521694024422596,0.026788342655284073,3488,3397,ok,0.9920311274886411,0.0,0.0,0.0
standard,P040,64,retained,0.9166907723459647,0.8461949265687584,5.385164807134504,2.1209262686653245,0.031139835487661575,3510,3404,ok,0.9920311274886411,0.0,0.0,0.0
standard,P040,65,retained,0.9191526156506701,0.8504,5.385164807134504,2.074456305566731,0.03430079155672823,3528,3411,ok,0.9920311274886411,0.0,0.0,0.0
standard,P040,66,retained,0.9182553437319468,0.8488651535380507,5.656854249492381,2.083846107479264,0.037069726390114736,3525,3399,ok,0.9920311274886411,0.0,0.0,0.0
standard,P040,67,retained,0.9162931906896054,0.8455176093916755,6.049657518178933,2.121877483634795,0.048267693218833285,3540,3377,ok,0.9920311274886411,0.0,0.0,0.0
standard,P040,68,retained,0.9164265129682997,0.8457446808510638,6.324555320336759,2.131503275545138,0.050221565731166914,3555,3385,ok,0.9920311274886411,0.0,0.0,0.0
standard,P040,69,retained,0.9173279469052085,0.8472814498933902,6.324555320336759,2.092601444600249,0.0451460607848923,3542,3389,ok,0.9920311274886411,0.0,0.0,0.0
standard,P040,70,retained,0.920662347012239,0.8529882604055496,6.324555320336759,2.0152161471442924,0.04204645692443399,3544,3401,ok,0.9920311274886411,0.0,0.0,0.0
standard,P040,71,retained,0.9223454833597464,0.8558823529411764,6.324555320336759,1.9796933834553163,0.035483870967741936,3531,3410,ok,0.9920311274886411,0.0,0.0,0.0
standard,P040,72,retained,0.9268854346574554,0.8637339055793991,6.0,1.870266495370198,0.03992953611274222,3542,3406,ok,0.9920311274886411,0.0,0.0,0.0
standard,P040,73,retained,0.9280253858358575,0.8657158234660925,5.830951894845301,1.834103963897846,0.032541776605101144,3522,3411,ok,0.9920311274886411,0.0,0.0,0.0
standard,P040,74,retained,0.9263610315186246,0.862823592207099,5.656854249492381,1.8726350083260004,0.034392305450306034,3549,3431,ok,0.9920311274886411,0.0,0.0,0.0
standard,P040,75,retained,0.9262494629815266,0.8626300346759136,5.830951894845301,1.8842981271810315,0.03823701109165207,3557,3426,ok,0.9920311274886411,0.0,0.0,0.0
standard,P040,76,retained,0.9334485738980121,0.8752025931928687,5.830951894845301,1.6868545154814052,0.05627962085308057,3566,3376,ok,0.9920311274886411,0.0,0.0,0.0
standard,P040,77,retained,0.9349675558759913,0.8778770647170322,5.439502695606061,1.64907175058303,0.06521739130434782,3577,3358,ok,0.9920311274886411,0.0,0.0,0.0
standard,P040,78,retained,0.9382644146767618,0.8837081733406473,5.385164807134504,1.5432520202838271,0.07367149758454106,3556,3312,ok,0.9920311274886411,0.0,0.0,0.0
standard,P040,79,retained,0.9359953024075162,0.8796909492273731,5.044558781116746,1.5820849548749467,0.07746264104910033,3533,3279,ok,0.9920311274886411,0.0,0.0,0.0
standard,P040,80,retained,0.9311764705882353,0.8712162905888827,5.0,1.6955167358673817,0.07951070336391437,3530,3270,ok,0.9920311274886411,0.0,0.0,0.0
standard,P040,81,retained,0.928921204926547,0.8672762538099197,5.0,1.7399364815181944,0.09546019900497513,3523,3216,ok,0.9920311274886411,0.0,0.0,0.0
standard,P040,82,retained,0.9230309370796592,0.8570635581459894,5.0,1.8904095216993877,0.10342659541024835,3510,3181,ok,0.9920311274886411,0.0,0.0,0.0
standard,P040,83,retained,0.9270502945174445,0.8640202702702703,4.0,1.7744543360794471,0.09459031951913952,3460,3161,ok,0.9920311274886411,0.0,0.0,0.0
standard,P040,84,retained,0.941340349791054,0.8891812865497076,3.1622776601683795,1.3960781118330312,0.06421725239616613,3331,3130,ok,0.9920311274886411,0.0,0.0,0.0
standard,P040,85,retained,0.9467831612390787,0.8989441930618401,2.8284271247461903,1.2481855552980579,0.02802835051546392,3191,3104,ok,0.9920311274886411,0.0,0.0,0.0
standard,P040,86,retained,0.9472665699080793,0.8998161764705882,2.8284271247461903,1.237913681133954,0.019211983067404754,3130,3071,ok,0.9920311274886411,0.0,0.0,0.0
standard,P040,87,retained,0.9468346147554392,0.8990369680024852,2.8284271247461903,1.2401134103949252,0.011516946363935505,3074,3039,ok,0.9920311274886411,0.0,0.0,0.0
standard,P040,88,retained,0.9512599469496021,0.9070502687322163,2.8284271247461903,1.1345763366127113,0.007321131447587354,3027,3005,ok,0.9920311274886411,0.0,0.0,0.0
standard,P040,89,retained,0.9552635955429902,0.9143584845590577,2.8284271247461903,1.0163036991728154,0.009021049114600735,3020,2993,ok,0.9920311274886411,0.0,0.0,0.0
standard,P040,90,retained,0.9569008888143552,0.9173633440514469,2.8284271247461903,0.9546049388408511,0.014527027027027028,3003,2960,ok,0.9920311274886411,0.0,0.0,0.0
standard,P040,91,retained,0.9594207779087388,0.9220064724919094,2.8284271247461903,0.8854562358254014,0.029039972668261017,3012,2927,ok,0.9920311274886411,0.0,0.0,0.0
standard,P040,92,retained,0.9607179139857772,0.9244053437601825,2.23606797749979,0.8589844933280705,0.030250945342041938,2997,2909,ok,0.9920311274886411,0.0,0.0,0.0
standard,P040,93,retained,0.9570552147239264,0.9176470588235294,2.23606797749979,0.9339431134519658,0.03115264797507788,2979,2889,ok,0.9920311274886411,0.0,0.0,0.0
standard,P040,94,retained,0.9553525254266506,0.9145214521452145,2.23606797749979,0.956422618153488,0.03258584442887176,2947,2854,ok,0.9920311274886411,0.0,0.0,0.0
standard,P040,95,retained,0.9537712895377128,0.9116279069767442,2.23606797749979,0.9793620433318752,0.01400070003500175,2897,2857,ok,0.9920311274886411,0.0,0.0,0.0
standard,P040,96,retained,0.9536890297587604,0.9114776169639852,2.23606797749979,0.9709856405947699,0.007423117709437964,2850,2829,ok,0.9920311274886411,0.0,0.0,0.0
standard,P040,97,retained,0.9536823425022183,0.9114654002713705,2.23606797749979,0.9702482935275232,0.008130081300813009,2806,2829,ok,0.9920311274886411,0.0,0.0,0.0
standard,P040,98,retained,0.9528721323137116,0.9099864130434783,2.23606797749979,0.9914990648693152,0.012371862849063274,2794,2829,ok,0.9920311274886411,0.0,0.0,0.0
standard,P040,99,retained,0.94959928762244,0.9040352661919294,2.8284271247461903,1.057425586798741,0.01519971721456345,2786,2829,ok,0.9920311274886411,0.0,0.0,0.0
standard,P040,100,retained,0.9464317494216052,0.8983108108108108,2.8284271247461903,1.1254434640587345,0.013785790031813362,2790,2829,ok,0.9920311274886411,0.0,0.0,0.0
standard,P040,101,retained,0.9439369514597886,0.8938263229308006,2.8284271247461903,1.185312715504692,0.015286171347316033,2770,2813,ok,0.9920311274886411,0.0,0.0,0.0
standard,P040,102,retained,0.9361930294906167,0.8800403225806451,3.1622776601683795,1.3888286975135165,0.011020263064344117,2782,2813,ok,0.9920311274886411,0.0,0.0,0.0
standard,P040,103,retained,0.9323792486583184,0.8733243967828418,3.605551275463989,1.481537970239196,0.012797724848915748,2777,2813,ok,0.9920311274886411,0.0,0.0,0.0
standard,P040,104,retained,0.9324446045757521,0.8734390820114749,4.0,1.4923485617390864,0.026661926768574477,2738,2813,ok,0.9920311274886411,0.0,0.0,0.0
standard,P040,105,retained,0.9296591733139956,0.8685636856368564,3.9802775637731727,1.5598216532653424,0.03770900035574529,2705,2811,ok,0.9920311274886411,0.0,0.0,0.0
standard,P040,106,retained,0.9245591710598073,0.8597025016903314,4.006155281280877,1.6744281956185787,0.04304517965136962,2690,2811,ok,0.9920311274886411,0.0,0.0,0.0
standard,P040,107,retained,0.9217805458875252,0.854909955827387,4.0,1.72835010713044,0.05174875089221984,2657,2802,ok,0.9920311274886411,0.0,0.0,0.0
standard,P040,108,retained,0.917417693581019,0.8474345905538566,4.123105625617661,1.812297612196796,0.05821428571428571,2637,2800,ok,0.9920311274886411,0.0,0.0,0.0
standard,P040,109,retained,0.9164370982552801,0.8457627118644068,4.123105625617661,1.8557001905599957,0.06296691568836713,2634,2811,ok,0.9920311274886411,0.0,0.0,0.0
standard,P040,110,retained,0.9168654799045697,0.846492714334124,4.123105625617661,1.8194522863890945,0.06429840142095915,2634,2815,ok,0.9920311274886411,0.0,0.0,0.0
standard,P040,111,retained,0.9179063360881543,0.8482688391038696,4.123105625617661,1.8129160413615242,0.0670926517571885,2628,2817,ok,0.9920311274886411,0.0,0.0,0.0
standard,P040,112,retained,0.9174784047050175,0.8475382003395586,4.123105625617661,1.818976115986256,0.06851260205892794,2624,2817,ok,0.9920311274886411,0.0,0.0,0.0
standard,P040,113,retained,0.9164677804295943,0.8458149779735683,4.123105625617661,1.846572184193505,0.06638267660631877,2630,2817,ok,0.9920311274886411,0.0,0.0,0.0
standard,P040,114,retained,0.9131550018321729,0.8401888064733648,4.123105625617661,1.9312483156686793,0.06659582004959264,2635,2823,ok,0.9920311274886411,0.0,0.0,0.0
standard,P040,115,retained,0.9099890230515917,0.8348439073514602,4.242640687119285,2.0140105270807456,0.06786850477200425,2637,2829,ok,0.9920311274886411,0.0,0.0,0.0
standard,P040,116,retained,0.9141709276844412,0.8419105280861083,4.123105625617661,1.8959358978814222,0.060906515580736544,2652,2824,ok,0.9920311274886411,0.0,0.0,0.0
standard,P040,117,retained,0.9152666179693206,0.8437710437710437,4.123105625617661,1.8687875478461717,0.060906515580736544,2652,2824,ok,0.9920311274886411,0.0,0.0,0.0
standard,P040,118,retained,0.9124407150674936,0.838980207983898,4.47213595499958,1.940410585777696,0.058781869688385266,2658,2824,ok,0.9920311274886411,0.0,0.0,0.0
standard,P040,119,retained,0.9090909090909091,0.8333333333333334,4.47213595499958,2.024950067181184,0.06134751773049645,2647,2820,ok,0.9920311274886411,0.0,0.0,0.0
standard,P040,120,retained,0.9068618481244282,0.829594911282223,5.0,2.0769088156516107,0.06205673758865248,2645,2820,ok,0.9920311274886411,0.0,0.0,0.0
standard,P041,0,retained,0.9577690841608988,0.9189605389797882,5.0,1.8738339934928232,0.002004208838560978,9959,9979,ok,0.9943865915084866,0.0,0.0,0.0
standard,P041,1,retained,0.9570100889617812,0.9175640903459449,5.27070668971779,1.9104397035547804,0.01431574732205426,10132,9989,ok,0.9943865915084866,0.0,0.0,0.0
standard,P041,2,retained,0.9563128659360456,0.916283084004603,5.385164807134504,1.9648602194018918,0.016855066612838112,10075,9908,ok,0.9943865915084866,0.0,0.0,0.0
standard,P041,3,retained,0.9504314669877584,0.9055449330783939,6.082762530298219,2.2621572939274266,0.010490215856364737,10018,9914,ok,0.9943865915084866,0.0,0.0,0.0
standard,P041,4,retained,0.9428223844282239,0.8918296892980437,6.4031242374328485,2.647087032569484,0.005056122964910506,9839,9889,ok,0.9943865915084866,0.0,0.0,0.0
standard,P041,5,retained,0.9346051826157927,0.8772383414727569,7.0710678118654755,3.087162044981559,0.020197939810139367,9702,9902,ok,0.9943865915084866,0.0,0.0,0.0
standard,P041,6,retained,0.9248097099362271,0.8601358461685641,8.059144860883617,3.5461777337168217,0.0339737108190091,9554,9890,ok,0.9943865915084866,0.0,0.0,0.0
standard,P041,7,retained,0.9195044834914218,0.8510025904250216,8.49115361134646,3.779880299254515,0.040723062861785314,9446,9847,ok,0.9943865915084866,0.0,0.0,0.0
standard,P041,8,retained,0.9166536843745131,0.8461317227494967,8.246211251235321,3.934467878245148,0.04477611940298507,9408,9849,ok,0.9943865915084866,0.0,0.0,0.0
standard,P041,9,retained,0.9170200513062143,0.8467562602726482,7.810249675906654,3.891908621068474,0.058644171155605246,9262,9839,ok,0.9943865915084866,0.0,0.0,0.0
standard,P041,10,retained,0.9142167156656867,0.8419882023015183,8.06225774829855,4.044653498235249,0.06284958812163124,9215,9833,ok,0.9943865915084866,0.0,0.0,0.0
standard,P041,11,retained,0.9156082712291382,0.844351950440422,7.876662289339308,3.9597884682731004,0.05947652510438945,9235,9819,ok,0.9943865915084866,0.0,0.0,0.0
standard,P041,12,retained,0.9176594069797953,0.8478471683475562,7.615773105863909,3.86986222761045,0.04984136731143179,9284,9771,ok,0.9943865915084866,0.0,0.0,0.0
standard,P041,13,retained,0.923229787679113,0.8574065080135989,7.0710678118654755,3.611844527088498,0.042984341418483264,9351,9771,ok,0.9943865915084866,0.0,0.0,0.0
standard,P041,14,retained,0.9259995813271928,0.8621966669915213,7.031980515339459,3.46843116827446,0.04161115096853541,9351,9757,ok,0.9943865915084866,0.0,0.0,0.0
standard,P041,15,retained,0.9286281149145548,0.8667654320987654,7.0710678118654755,3.303206355593091,0.04640826873385013,9226,9675,ok,0.9943865915084866,0.0,0.0,0.0
standard,P041,16,retained,0.9299018307243301,0.868987404542299,6.8978713763747725,3.2306014331774615,0.050382785019656526,9179,9666,ok,0.9943865915084866,0.0,0.0,0.0
standard,P041,17,retained,0.9304500292226768,0.8699453551912568,6.708203932499369,3.205625035859036,0.04963730569948187,9171,9650,ok,0.9943865915084866,0.0,0.0,0.0
standard,P041,18,retained,0.9323356153478746,0.8732478377572324,6.708203932499369,3.1124620603242703,0.03759633409706311,9241,9602,ok,0.9943865915084866,0.0,0.0,0.0
standard,P041,19,retained,0.9338668913226622,0.8759383642828922,6.708203932499369,3.023373603580411,0.014635166213673426,9426,9566,ok,0.9943865915084866,0.0,0.0,0.0
standard,P041,20,retained,0.9364954714412858,0.8805749729250762,7.0710678118654755,2.900661241758844,0.0017784287059315828,9542,9559,ok,0.9943865915084866,0.0,0.0,0.0
standard,P041,21,retained,0.9419207633271106,0.8902176043912958,7.280109889280518,2.636748813071896,0.018844221105527637,9732,9552,ok,0.9943865915084866,0.0,0.0,0.0
standard,P041,22,retained,0.9435120753172329,0.8930647036032545,7.615773105863909,2.601742490485552,0.030756442227763924,9920,9624,ok,0.9943865915084866,0.0,0.0,0.0
standard,P041,23,retained,0.9436950745963621,0.8933926671181194,7.873251694004628,2.5983057924121846,0.035569422776911074,9957,9615,ok,0.9943865915084866,0.0,0.0,0.0
standard,P041,24,retained,0.9418449882256579,0.8900822447992259,8.06225774829855,2.686285007582921,0.03755085010952331,9947,9587,ok,0.9943865915084866,0.0,0.0,0.0
standard,P041,25,retained,0.9390839459209377,0.8851632910165713,8.317932288136285,2.816782296082812,0.034832635983263596,9893,9560,ok,0.9943865915084866,0.0,0.0,0.0
standard,P041,26,retained,0.9348757940401797,0.8777152831652444,8.48528137423857,3.032088865159532,0.027963971512358608,9815,9548,ok,0.9943865915084866,0.0,0.0,0.0
standard,P041,27,retained,0.9314267821730509,0.8716546200429771,7.810249675906654,3.176517954832725,0.014296226216756018,9649,9513,ok,0.9943865915084866,0.0,0.0,0.0
standard,P041,28,retained,0.9287582383094466,0.8669921875,7.810249675906654,3.315179434915664,0.0014656616415410384,9566,9552,ok,0.9943865915084866,0.0,0.0,0.0
standard,P041,29,retained,0.9263368210736632,0.8627815866797257,8.48528137423857,3.4267620727262096,0.0011560693641618498,9504,9515,ok,0.9943865915084866,0.0,0.0,0.0
standard,P041,30,retained,0.9238809121621622,0.8585303639752772,8.602325267042627,3.5453084409647064,0.005264820469621986,9447,9497,ok,0.9943865915084866,0.0,0.0,0.0
standard,P041,31,retained,0.921669223039086,0.8547184618402982,8.95820393249937,3.64509913427944,0.004116964002955769,9434,9473,ok,0.9943865915084866,0.0,0.0,0.0
standard,P041,32,retained,0.920921873348134,0.8534339178994808,9.219544457292887,3.6825070763779366,0.002955769027763116,9445,9473,ok,0.9943865915084866,0.0,0.0,0.0
standard,P041,33,retained,0.9195584429303333,0.8510950332420806,9.219544457292887,3.727401686530721,0.0005283178360101438,9469,9464,ok,0.9943865915084866,0.0,0.0,0.0
standard,P041,34,retained,0.9177429599830617,0.8479898268609997,9.219544457292887,3.808077197995265,0.0010592098294672175,9451,9441,ok,0.9943865915084866,0.0,0.0,0.0
standard,P041,35,retained,0.9180883755430751,0.8485798237022527,9.219544457292887,3.795174656489127,0.005951748326070783,9465,9409,ok,0.9943865915084866,0.0,0.0,0.0
standard,P041,36,retained,0.9174389662659534,0.8474708932589766,9.219544457292887,3.821628249051846,0.009471107800361818,9486,9397,ok,0.9943865915084866,0.0,0.0,0.0
standard,P041,37,retained,0.9174292515207617,0.8474543144727841,9.433981132056603,3.816070591435356,0.012669008836367507,9512,9393,ok,0.9943865915084866,0.0,0.0,0.0
standard,P041,38,retained,0.9149420420261473,0.8432195121951219,9.899494936611665,3.9225824995069227,0.014608658562593304,9515,9378,ok,0.9943865915084866,0.0,0.0,0.0
standard,P041,39,retained,0.9138679944909418,0.8413968006242685,10.295630140987,3.970854483570048,0.016449476607562488,9516,9362,ok,0.9943865915084866,0.0,0.0,0.0
standard,P041,40,retained,0.9132623324325756,0.8403705509507557,10.295630140987,4.0001105558915695,0.01958266452648475,9528,9345,ok,0.9943865915084866,0.0,0.0,0.0
standard,P041,41,retained,0.9115415229503847,0.8374609984399376,10.63014581273465,4.070578108324581,0.023298260682843033,9531,9314,ok,0.9943865915084866,0.0,0.0,0.0
standard,P041,42,retained,0.9106139327748913,0.8358964376094997,10.816653826391969,4.1290312713613435,0.02621119346868622,9553,9309,ok,0.9943865915084866,0.0,0.0,0.0
standard,P041,43,retained,0.910149222139909,0.8351136142940376,10.816653826391969,4.151237880271778,0.0292064855578224,9585,9313,ok,0.9943865915084866,0.0,0.0,0.0
standard,P041,44,retained,0.9100641263447984,0.8349703393951181,11.193676748647517,4.156347804340479,0.03417421302285468,9593,9276,ok,0.9943865915084866,0.0,0.0,0.0
standard,P041,45,retained,0.9093319194061505,0.8337384540593097,11.313708498984761,4.18414329703526,0.035617916891527254,9595,9265,ok,0.9943865915084866,0.0,0.0,0.0
standard,P041,46,retained,0.9081464991784598,0.831747572815534,11.40175425099138,4.243232165762452,0.039234760051880674,9615,9252,ok,0.9943865915084866,0.0,0.0,0.0
standard,P041,47,retained,0.9094187526516758,0.8338844582765998,11.313708498984761,4.17696395302339,0.03892733564013841,9608,9248,ok,0.9943865915084866,0.0,0.0,0.0
standard,P041,48,retained,0.9091391853858,0.8334144679193847,11.313708498984761,4.1852799325234225,0.04218631384882334,9610,9221,ok,0.9943865915084866,0.0,0.0,0.0
standard,P041,49,retained,0.9106573069559668,0.8359695371997656,11.313708498984761,4.1103892455307145,0.04435746901500326,9606,9198,ok,0.9943865915084866,0.0,0.0,0.0
standard,P041,50,retained,0.9108541588959344,0.8363013698630137,11.180339887498949,4.08342187679912,0.04300021772262138,9581,9186,ok,0.9943865915084866,0.0,0.0,0.0
standard,P041,51,retained,0.910958904109589,0.8364779874213837,10.63014581273465,4.063869441349234,0.041511907362901466,9534,9154,ok,0.9943865915084866,0.0,0.0,0.0
standard,P041,52,retained,0.913769123783032,0.8412291933418694,10.63014581273465,3.934474714089035,0.03727114210985179,9518,9176,ok,0.9943865915084866,0.0,0.0,0.0
standard,P041,53,retained,0.9144144144144144,0.8423236514522822,10.0,3.8858624603111265,0.039816232771822356,9506,9142,ok,0.9943865915084866,0.0,0.0,0.0
standard,P041,54,retained,0.9165992775890883,0.8460390127388535,9.219544457292887,3.7691412334269443,0.03790375741595254,9447,9102,ok,0.9943865915084866,0.0,0.0,0.0
standard,P041,55,retained,0.9186241157729899,0.849495655647658,8.502898085562254,3.6685301515830457,0.03684557853057633,9427,9092,ok,0.9943865915084866,0.0,0.0,0.0
standard,P041,56,retained,0.9192493297587131,0.8505655884103989,8.94427190999916,3.6335549644564296,0.04518039258690646,9531,9119,ok,0.9943865915084866,0.0,0.0,0.0
standard,P041,57,retained,0.9169310177966558,0.846604447974583,9.219544457292887,3.7503680089517126,0.05423017450850453,9545,9054,ok,0.9943865915084866,0.0,0.0,0.0
standard,P041,58,retained,0.9166130760986066,0.8460625247328848,9.219544457292887,3.74545064261118,0.05733186328555678,9590,9070,ok,0.9943865915084866,0.0,0.0,0.0
standard,P041,59,retained,0.9158798283261803,0.8448139350752177,9.219544457292887,3.7758947284941553,0.05807662581428729,9583,9057,ok,0.9943865915084866,0.0,0.0,0.0
standard,P041,60,retained,0.913903743315508,0.8414574101427869,9.899494936611665,3.886121292926939,0.06744057490326147,9655,9045,ok,0.9943865915084866,0.0,0.0,0.0
standard,P041,61,retained,0.9134666809284415,0.8407166765111243,9.886835652907775,3.889647549897479,0.06882053551670723,9660,9038,ok,0.9943865915084866,0.0,0.0,0.0
standard,P041,62,retained,0.911689145793192,0.8377102390085571,9.899494936611665,3.966525332885338,0.07093770782531589,9662,9022,ok,0.9943865915084866,0.0,0.0,0.0
standard,P041,63,retained,0.9177279810844216,0.8479642502482622,9.219544457292887,3.687670044373578,0.0731951871657754,9633,8976,ok,0.9943865915084866,0.0,0.0,0.0
standard,P041,64,retained,0.9193330815302434,0.8507090073896545,8.48528137423857,3.6148596262714388,0.07397045658012534,9597,8936,ok,0.9943865915084866,0.0,0.0,0.0
standard,P041,65,retained,0.9191673425250068,0.8504252126063031,8.48528137423857,3.6001247515307964,0.07715633423180593,9591,8904,ok,0.9943865915084866,0.0,0.0,0.0
standard,P041,66,retained,0.9181977252843394,0.8487666801455722,7.810249675906654,3.6281117130866836,0.07605857645589738,9479,8809,ok,0.9943865915084866,0.0,0.0,0.0
standard,P041,67,retained,0.9188981983462023,0.849964542599534,7.810249675906654,3.6224270536455023,0.0748778547892285,9460,8801,ok,0.9943865915084866,0.0,0.0,0.0
standard,P041,68,retained,0.9182014269122283,0.8487730061349693,7.810249675906654,3.6450998543775115,0.07208342883337153,9355,8726,ok,0.9943865915084866,0.0,0.0,0.0
standard,P041,69,retained,0.9153858957998113,0.8439738080622059,8.54400374531753,3.786565427800937,0.0697060174552136,9315,8708,ok,0.9943865915084866,0.0,0.0,0.0
standard,P041,70,retained,0.9122571252589731,0.8386698239472872,9.283875459721992,3.939731188929474,0.06988873435326842,9231,8628,ok,0.9943865915084866,0.0,0.0,0.0
standard,P041,71,retained,0.9086511418607267,0.8325945778785692,10.63014581273465,4.122017248233155,0.07396173588427438,9206,8572,ok,0.9943865915084866,0.0,0.0,0.0
standard,P041,72,retained,0.906529365169175,0.8290386008485977,11.40175425099138,4.208243052165709,0.07538750587130108,9158,8516,ok,0.9943865915084866,0.0,0.0,0.0
standard,P041,73,retained,0.9025944469731452,0.8224802986312734,12.806248474865697,4.380635851128318,0.0854295206454675,9148,8428,ok,0.9943865915084866,0.0,0.0,0.0
standard,P041,74,retained,0.899001996007984,0.8165337200870196,14.317821063276353,4.588866979276237,0.09498207885304659,9165,8370,ok,0.9943865915084866,0.0,0.0,0.0
standard,P041,75,retained,0.902264193878712,0.8219320066334992,14.422205101855956,4.457777596589276,0.0948635442736265,9187,8391,ok,0.9943865915084866,0.0,0.0,0.0
standard,P041,76,retained,0.9041484592247886,0.8250647332988089,14.317821063276353,4.361137947395043,0.09027283511269277,9191,8430,ok,0.9943865915084866,0.0,0.0,0.0
standard,P041,77,retained,0.9077010192525481,0.8310005184033178,14.317821063276353,4.24315184034627,0.08279278216770845,9181,8479,ok,0.9943865915084866,0.0,0.0,0.0
standard,P041,78,retained,0.9088446125190495,0.8329195116904614,14.7648230602334,4.211140581190375,0.08214831355035844,9208,8509,ok,0.9943865915084866,0.0,0.0,0.0
standard,P041,79,retained,0.910451119361008,0.8356220960247805,14.939730936293321,4.166187147265099,0.07881197380729654,9226,8552,ok,0.9943865915084866,0.0,0.0,0.0
standard,P041,80,retained,0.9109277656171073,0.8364254792826221,15.073076207192365,4.087618763343097,0.07270823638901815,9221,8596,ok,0.9943865915084866,0.0,0.0,0.0
standard,P041,81,retained,0.9125300800268622,0.8391313297653356,15.446223544124123,4.030514092312184,0.06554155588949255,9218,8651,ok,0.9943865915084866,0.0,0.0,0.0
standard,P041,82,retained,0.9154984641161686,0.8441652075393964,15.264337522473747,3.89692796837751,0.055211202938475666,9193,8712,ok,0.9943865915084866,0.0,0.0,0.0
standard,P041,83,retained,0.9182333963733452,0.84882764294529,15.231546211727817,3.738259602313064,0.046908801093020605,9195,8783,ok,0.9943865915084866,0.0,0.0,0.0
standard,P041,84,retained,0.9200154773091592,0.8518783908281298,14.866068747318506,3.684686557790737,0.0402616442990865,9224,8867,ok,0.9943865915084866,0.0,0.0,0.0
standard,P041,85,retained,0.9191564147627417,0.8504065040650407,14.979910312097763,3.7279815966312038,0.036916881082895175,9269,8939,ok,0.9943865915084866,0.0,0.0,0.0
standard,P041,86,retained,0.9202890616445856,0.8523476320859953,14.422205101855956,3.65666518492848,0.0311353274769265,9273,8993,ok,0.9943865915084866,0.0,0.0,0.0
standard,P041,87,retained,0.9185905224787363,0.849438202247191,15.497946853377972,3.7615900442885035,0.042874873067809995,9243,8863,ok,0.9943865915084866,0.0,0.0,0.0
standard,P041,88,retained,0.9184434671268719,0.8491867407864937,16.561982519231478,3.7518520767713506,0.05455793205993366,9220,8743,ok,0.9943865915084866,0.0,0.0,0.0
standard,P041,89,retained,0.92071468453378,0.8530781169167098,16.127613389077737,3.6395247375659086,0.05037206639954207,9175,8735,ok,0.9943865915084866,0.0,0.0,0.0
standard,P041,90,retained,0.9222041229006347,0.8556389410047947,15.264337522473747,3.573292153725444,0.04491155524925339,9097,8706,ok,0.9943865915084866,0.0,0.0,0.0
standard,P041,91,retained,0.924092781759693,0.8588963491397398,14.866068747318506,3.4814365977822974,0.03854118729866544,9027,8692,ok,0.9943865915084866,0.0,0.0,0.0
standard,P041,92,retained,0.9228072159701408,0.8566778664426712,14.866068747318506,3.5158134838531656,0.038386167146974064,9008,8675,ok,0.9943865915084866,0.0,0.0,0.0
standard,P041,93,retained,0.9223003629764065,0.8558046521418798,14.696299468557896,3.564652339504693,0.0355576079427384,8970,8662,ok,0.9943865915084866,0.0,0.0,0.0
standard,P041,94,retained,0.9207108680792891,0.8530715642811906,14.422205101855956,3.6341336409954685,0.032179650422502606,8917,8639,ok,0.9943865915084866,0.0,0.0,0.0
standard,P041,95,retained,0.9205805050851331,0.8528477662502647,14.142135623730951,3.6353710787557656,0.032752613240418116,8892,8610,ok,0.9943865915084866,0.0,0.0,0.0
standard,P041,96,retained,0.9191809730223008,0.850448548812665,14.142135623730951,3.727937115948776,0.03682620817843866,8925,8608,ok,0.9943865915084866,0.0,0.0,0.0
standard,P041,97,retained,0.9208257713248639,0.8532688669329409,13.892443989449804,3.661655213392529,0.04713804713804714,9019,8613,ok,0.9943865915084866,0.0,0.0,0.0
standard,P041,98,retained,0.9210884353741496,0.8537200504413619,13.790603271199771,3.67854196735956,0.05307262569832402,9048,8592,ok,0.9943865915084866,0.0,0.0,0.0
standard,P041,99,retained,0.9220550667045132,0.8553823467453129,13.45362404707371,3.6413394745010037,0.057106154385145394,9052,8563,ok,0.9943865915084866,0.0,0.0,0.0
standard,P041,100,retained,0.9219157870843264,0.8551426465943783,13.601470508735444,3.652012942897907,0.062017318043529134,9076,8546,ok,0.9943865915084866,0.0,0.0,0.0
standard,P041,101,retained,0.9223262411347518,0.85584921554175,14.129651042016876,3.649454566470374,0.06454257936043106,9088,8537,ok,0.9943865915084866,0.0,0.0,0.0
standard,P041,102,retained,0.9207791470270884,0.8531888023573985,14.323040265205329,3.721634784341272,0.06824054498473103,9095,8514,ok,0.9943865915084866,0.0,0.0,0.0
standard,P041,103,retained,0.9205467022060908,0.8527897446674372,14.866068747318506,3.7583670205033273,0.07422656158099047,9132,8501,ok,0.9943865915084866,0.0,0.0,0.0
standard,P041,104,retained,0.9211123723041997,0.8537611783271962,14.362521262972017,3.7304763644234242,0.07123545315622429,9113,8507,ok,0.9943865915084866,0.0,0.0,0.0
standard,P041,105,retained,0.9206620030711483,0.8529876699336073,15.30470333286087,3.744794560361494,0.0724893917963225,9099,8484,ok,0.9943865915084866,0.0,0.0,0.0
standard,P041,106,retained,0.9211077759528798,0.853753280839895,15.569179219245893,3.738219338521588,0.07412193116410196,9144,8513,ok,0.9943865915084866,0.0,0.0,0.0
standard,P041,107,retained,0.9219326633736444,0.8551716873815041,15.236464908339705,3.6754206651157317,0.06701091421194695,9092,8521,ok,0.9943865915084866,0.0,0.0,0.0
standard,P041,108,retained,0.9231294841134268,0.8572335025380711,15.0,3.6420249213506857,0.05571813180381599,9019,8543,ok,0.9943865915084866,0.0,0.0,0.0
standard,P041,109,retained,0.9215339905407716,0.8544858924231217,15.05309838016862,3.654415885684423,0.05371562317144529,9004,8545,ok,0.9943865915084866,0.0,0.0,0.0
standard,P041,110,retained,0.9204357497290823,0.8525993237531699,15.915124735378845,3.7662263590693636,0.05617450451506978,9006,8527,ok,0.9943865915084866,0.0,0.0,0.0
standard,P041,111,retained,0.9243992083686741,0.8594259278729892,15.322558270477456,3.5810354858872686,0.05854964497730183,9094,8591,ok,0.9943865915084866,0.0,0.0,0.0
standard,P041,112,retained,0.9221422142214222,0.8555323590814197,15.003329637837288,3.673935501738172,0.06433631401695505,9165,8611,ok,0.9943865915084866,0.0,0.0,0.0
standard,P041,113,retained,0.9214040227618457,0.8542624320936063,14.333478669063291,3.6701669951856917,0.06672100605496041,9161,8588,ok,0.9943865915084866,0.0,0.0,0.0
standard,P041,114,retained,0.920198804936617,0.8521928009929665,14.523859971268312,3.7409976879215456,0.07208979402915992,9265,8642,ok,0.9943865915084866,0.0,0.0,0.0
standard,P041,115,retained,0.918198478369523,0.8487679671457905,14.498113174043745,3.870250099346139,0.07909017434476388,9346,8661,ok,0.9943865915084866,0.0,0.0,0.0
standard,P041,116,retained,0.9179260893546608,0.8483025792639413,14.317821063276353,3.878208477044103,0.0788900355463823,9409,8721,ok,0.9943865915084866,0.0,0.0,0.0
standard,P041,117,retained,0.9189099552263557,0.8499846610082831,13.732408575056887,3.830408053683769,0.07751492880110243,9383,8708,ok,0.9943865915084866,0.0,0.0,0.0
standard,P041,118,retained,0.9206069936221685,0.8528932355338223,13.0,3.7339633170434676,0.07412475766906147,9419,8769,ok,0.9943865915084866,0.0,0.0,0.0
standard,P041,119,retained,0.9195944094272404,0.8511566558441559,13.360350014344435,3.7974103672194532,0.0794392523364486,9471,8774,ok,0.9943865915084866,0.0,0.0,0.0
standard,P041,120,retained,0.9195139229469783,0.8510187613475892,13.0,3.7838480537973407,0.0829738933030647,9541,8810,ok,0.9943865915084866,0.0,0.0,0.0
standard,P041,121,retained,0.9180861451665401,0.8485760128359406,13.438737574243717,3.841515347479852,0.08836524300441827,9607,8827,ok,0.9943865915084866,0.0,0.0,0.0
standard,P041,122,retained,0.9180132951413285,0.8484515484515485,12.912811813689554,3.863488228886596,0.08884624068638519,9645,8858,ok,0.9943865915084866,0.0,0.0,0.0
standard,P041,123,retained,0.9186178554047477,0.8494849484948495,12.041594578792296,3.8104059471128515,0.08371830985915493,9618,8875,ok,0.9943865915084866,0.0,0.0,0.0
standard,P041,124,retained,0.9195787199567917,0.851129774045191,12.041594578792296,3.7708235829146237,0.07963607772660901,9612,8903,ok,0.9943865915084866,0.0,0.0,0.0
standard,P041,125,retained,0.9191489361702128,0.8503937007874016,11.40175425099138,3.762907980646755,0.08221175414984298,9649,8916,ok,0.9943865915084866,0.0,0.0,0.0
standard,P041,126,retained,0.9192579884194725,0.850580414723683,11.661903789690601,3.7706428848912257,0.08123186788663245,9690,8962,ok,0.9943865915084866,0.0,0.0,0.0
standard,P041,127,retained,0.9172513523646296,0.8471507716660072,12.041594578792296,3.866755624651376,0.08335193037268467,9709,8962,ok,0.9943865915084866,0.0,0.0,0.0
standard,P043,0,retained,0.6516527424627679,0.4832974137931034,18.138273739198798,5.629249351627308,0.019809244314013204,1390,1363,ok,0.8793689774277011,0.0,0.0,0.0
standard,P043,1,retained,0.4637096774193548,0.30183727034120733,21.08790040291895,7.563073531230742,0.27678054429646787,1249,1727,ok,0.8793689774277011,0.0,0.0,0.0
standard,P043,2,retained,0.5006605019815059,0.333920704845815,20.29268027144246,6.989408837931541,0.23645894001164822,1311,1717,ok,0.8793689774277011,0.0,0.0,0.0
standard,P043,3,retained,0.5015346838551259,0.33469889389594426,20.300124194385674,6.952464254157561,0.07787610619469026,1563,1695,ok,0.8793689774277011,0.0,0.0,0.0
standard,P043,4,retained,0.47030737093404956,0.3074522044479126,19.672299153990352,7.270587845183639,0.0005970149253731343,1676,1675,ok,0.8793689774277011,0.0,0.0,0.0
standard,P043,5,retained,0.4249558563861095,0.26980568011958145,20.336884943644062,7.558709530405205,0.07321537522879805,1759,1639,ok,0.8793689774277011,0.0,0.0,0.0
standard,P043,6,retained,0.1886018860188602,0.10411951109099139,24.975883680627984,11.65064631554552,0.4879107253564786,826,1613,ok,0.8793689774277011,0.0,0.0,0.0
standard,P043,7,retained,0.09452296819787986,0.04960593416782568,29.827831266066816,12.776930333973858,0.5743073047858942,676,1588,ok,0.8793689774277011,0.0,0.0,0.0
standard,P043,8,retained,0.1690603200656545,0.0923352756611385,26.832815729997478,12.382361330204757,0.5731850117096019,729,1708,ok,0.8793689774277011,0.0,0.0,0.0
standard,P043,9,retained,0.200160128102482,0.11120996441281139,26.076809620810597,11.943436019688631,0.5201421800947867,810,1688,ok,0.8793689774277011,0.0,0.0,0.0
standard,P043,10,retained,0.20440251572327045,0.1138353765323993,23.769728648009426,11.452439512367214,0.475733972438586,875,1669,ok,0.8793689774277011,0.0,0.0,0.0
standard,P043,11,retained,0.30458590006844627,0.17965280581348406,21.013087822895752,8.198746481435471,0.23123486682808717,1270,1652,ok,0.8793689774277011,0.0,0.0,0.0
standard,P043,12,retained,0.21390374331550802,0.11976047904191617,25.518604412122862,11.568479470501913,0.5021565003080715,808,1623,ok,0.8793689774277011,0.0,0.0,0.0
standard,P043,13,retained,0.22489270386266094,0.12669245647969052,28.153982483965695,12.19697935398863,0.5491905354919053,724,1606,ok,0.8793689774277011,0.0,0.0,0.0
standard,P043,14,retained,0.1973287376130978,0.10946462715105162,26.40075756488817,12.256696012372156,0.539332913782253,732,1589,ok,0.8793689774277011,0.0,0.0,0.0
standard,P043,15,retained,0.21256454388984508,0.1189215214251324,24.560020448291635,11.300843120581852,0.5235069885641678,750,1574,ok,0.8793689774277011,0.0,0.0,0.0
standard,P043,16,retained,0.15280898876404495,0.0827250608272506,24.078968976396574,11.896407086944226,0.5700514138817481,669,1556,ok,0.8793689774277011,0.0,0.0,0.0
standard,P043,17,retained,0.1183325862841775,0.06288708909004288,25.064914231204728,12.267530564867869,0.5531776913099871,689,1542,ok,0.8793689774277011,0.0,0.0,0.0
standard,P043,18,retained,0.17328211694408877,0.09485981308411215,23.0,11.10750207742995,0.4646133682830931,817,1526,ok,0.8793689774277011,0.0,0.0,0.0
standard,P043,19,retained,0.1878059635068981,0.10363457760314342,23.26770237026937,11.176986607819394,0.49497655726724715,754,1493,ok,0.8793689774277011,0.0,0.0,0.0
standard,P043,20,retained,0.20618556701030927,0.11494252873563218,24.61196230019157,10.900668419745463,0.5303030303030303,682,1452,ok,0.8793689774277011,0.0,0.0,0.0
standard,P043,21,retained,0.22565233370084528,0.1271748135874068,22.14252231782216,8.423897064148514,0.08649789029535865,1299,1422,ok,0.8793689774277011,0.0,0.0,0.0
standard,P043,22,retained,0.2552516845025763,0.14629713766469787,22.627416997969522,8.260483862065323,0.21822033898305085,1107,1416,ok,0.8793689774277011,0.0,0.0,0.0
standard,P043,23,retained,0.215962441314554,0.12105263157894737,18.027756377319946,8.60021646956372,0.45763939174511226,749,1381,ok,0.8793689774277011,0.0,0.0,0.0
standard,P043,24,retained,0.36807511737089205,0.22554660529344073,27.72361820775126,8.631707771622523,0.4731182795698925,735,1395,ok,0.8793689774277011,0.0,0.0,0.0
standard,P043,25,retained,0.4483954900260191,0.2889882615986585,26.19532994743313,7.951256788587073,0.32777374909354606,927,1379,ok,0.8793689774277011,0.0,0.0,0.0
standard,P043,26,retained,0.31880448318804483,0.18962962962962962,26.93695043032164,9.466215365991047,0.4314912944738834,1891,1321,ok,0.8793689774277011,0.0,0.0,0.0
standard,P043,27,retained,0.3955431754874652,0.2465277777777778,22.360679774997898,8.1241220307016,0.22291021671826625,1580,1292,ok,0.8793689774277011,0.0,0.0,0.0
standard,P043,28,retained,0.40676457498887403,0.2553072625698324,24.0,8.447280801270843,0.2459016393442623,966,1281,ok,0.8793689774277011,0.0,0.0,0.0
standard,P043,29,retained,0.5231607629427792,0.35424354243542433,24.08318915758459,7.731345954660021,0.2863813229571984,917,1285,ok,0.8793689774277011,0.0,0.0,0.0
standard,P043,30,retained,0.4847715736040609,0.31993299832495814,25.0,8.123513635057165,0.11933174224343675,1107,1257,ok,0.8793689774277011,0.0,0.0,0.0
standard,P043,31,retained,0.4368663594470046,0.2794811320754717,23.0,8.265033728415872,0.2528180354267311,928,1242,ok,0.8793689774277011,0.0,0.0,0.0
standard,P043,32,retained,0.42643391521197005,0.27099841521394613,23.10839961088159,8.323634292024952,0.027868852459016394,1186,1220,ok,0.8793689774277011,0.0,0.0,0.0
standard,P043,33,retained,0.43595863166268894,0.2787385554425229,26.476404589747453,9.18290153772092,0.09151414309484193,1312,1202,ok,0.8793689774277011,0.0,0.0,0.0
standard,P043,34,retained,0.44334160463192723,0.28480340063761955,27.717259807112484,9.413231062725409,0.023430962343096235,1223,1195,ok,0.8793689774277011,0.0,0.0,0.0
standard,P043,35,retained,0.4485749690210657,0.28913738019169327,27.50895366958864,8.797069875268113,0.11996497373029773,1279,1142,ok,0.8793689774277011,0.0,0.0,0.0
standard,P043,36,retained,0.44189016602809705,0.2836065573770492,26.42525107560276,8.480772477009445,0.09732142857142857,1229,1120,ok,0.8793689774277011,0.0,0.0,0.0
standard,P043,37,retained,0.44377939290295,0.28516483516483515,26.416725489911975,8.436177090532812,0.10531053105310531,1228,1111,ok,0.8793689774277011,0.0,0.0,0.0
standard,P043,38,retained,0.4443485763589301,0.2856350526899612,26.259206999167354,8.204198290224259,0.1091901728844404,1219,1099,ok,0.8793689774277011,0.0,0.0,0.0
standard,P043,39,retained,0.43752819124943615,0.28002309468822173,25.317977802344327,8.235474006337661,0.04143646408839779,1131,1086,ok,0.8793689774277011,0.0,0.0,0.0
standard,P043,40,retained,0.4294425087108014,0.27343316694398223,26.42525107560276,8.411508613797704,0.09107468123861566,1198,1098,ok,0.8793689774277011,0.0,0.0,0.0
standard,P043,41,retained,0.4295415959252971,0.2735135135135135,26.61090488977584,8.59097485300878,0.18755803156917364,1279,1077,ok,0.8793689774277011,0.0,0.0,0.0
standard,P043,42,retained,0.43138900545530845,0.27501337613697163,27.877606628332774,8.61574022232256,0.1703096539162113,1285,1098,ok,0.8793689774277011,0.0,0.0,0.0
standard,P043,43,retained,0.45499181669394434,0.2944915254237288,26.528135474373755,8.344164473629048,0.2157751586582049,1341,1103,ok,0.8793689774277011,0.0,0.0,0.0
standard,P043,44,retained,0.5,0.3333333333333333,24.349475243499835,7.801921361630787,0.218214607754734,1351,1109,ok,0.8793689774277011,0.0,0.0,0.0
standard,P043,45,retained,0.5238095238095238,0.3548387096774194,23.093032216277667,7.502706525451364,0.15766164747564215,1307,1129,ok,0.8793689774277011,0.0,0.0,0.0
standard,P043,46,retained,0.5271446332366349,0.3579065841305571,24.6221053319875,7.8934813589883746,0.12411971830985916,1277,1136,ok,0.8793689774277011,0.0,0.0,0.0
standard,P043,47,retained,0.5221556886227545,0.353322528363047,26.19251288950385,8.269690985266282,0.14652956298200515,1338,1167,ok,0.8793689774277011,0.0,0.0,0.0
standard,P043,48,retained,0.548489666136725,0.3778751369112815,27.073972741361768,8.058254971081894,0.155955441302485,1349,1167,ok,0.8793689774277011,0.0,0.0,0.0
standard,P043,49,retained,0.5427450980392157,0.37244348762109797,27.204715228462277,8.318236688437178,0.1628498727735369,1371,1179,ok,0.8793689774277011,0.0,0.0,0.0
standard,P043,50,retained,0.5384925433293027,0.36845008273579705,27.184330434637065,8.42650776557867,0.11508951406649616,1308,1173,ok,0.8793689774277011,0.0,0.0,0.0
standard,P043,51,retained,0.5539983511953833,0.3831242873432155,27.702483239520575,8.601281766080422,0.05245346869712352,1244,1182,ok,0.8793689774277011,0.0,0.0,0.0
standard,P043,52,retained,0.6619385342789598,0.49469964664310956,25.576905982896573,5.840839887559377,0.22268907563025211,925,1190,ok,0.8793689774277011,0.0,0.0,0.0
standard,P043,53,retained,0.6758817921830315,0.5104391648668106,25.114143802903648,5.597297173623881,0.2574750830564784,894,1204,ok,0.8793689774277011,0.0,0.0,0.0
standard,P043,54,retained,0.6632075471698113,0.49611856033874385,25.94999999999999,5.80567529239834,0.24503311258278146,912,1208,ok,0.8793689774277011,0.0,0.0,0.0
standard,P043,55,retained,0.665098777046096,0.49823819591261453,25.94999999999999,5.757801163316855,0.2687296416938111,898,1228,ok,0.8793689774277011,0.0,0.0,0.0
standard,P043,56,retained,0.6451306413301663,0.4761570827489481,26.649161721840027,6.133596364834447,0.2830342577487765,879,1226,ok,0.8793689774277011,0.0,0.0,0.0
standard,P043,57,retained,0.6679174484052532,0.5014084507042254,25.0,5.6906466008868195,0.24958949096880131,914,1218,ok,0.8793689774277011,0.0,0.0,0.0
standard,P043,58,retained,0.6654170571696345,0.49859550561797755,26.580828909014745,5.863043500075717,0.26221498371335505,906,1228,ok,0.8793689774277011,0.0,0.0,0.0
standard,P043,59,retained,0.6937441643323996,0.5310936383130808,26.00384048104053,5.473305144561207,0.28502802241793435,893,1249,ok,0.8793689774277011,0.0,0.0,0.0
standard,P043,60,retained,0.6797385620915033,0.5148514851485149,25.809896236666308,5.650063713589611,0.2945859872611465,886,1256,ok,0.8793689774277011,0.0,0.0,0.0
standard,P043,61,retained,0.6917776757005053,0.5287921348314607,25.721664699680105,5.4605375526752615,0.2804107424960506,911,1266,ok,0.8793689774277011,0.0,0.0,0.0
standard,P043,62,retained,0.7033065236818588,0.5423845623707788,24.633275663033807,5.2614437815937425,0.22802850356294538,975,1263,ok,0.8793689774277011,0.0,0.0,0.0
standard,P043,63,retained,0.7040141155712395,0.5432266848196051,23.16375992857569,5.135862406384101,0.20506730007917656,1004,1263,ok,0.8793689774277011,0.0,0.0,0.0
standard,P043,64,retained,0.7132867132867133,0.5543478260869565,23.269405026803273,5.051505614507804,0.20408163265306123,1014,1274,ok,0.8793689774277011,0.0,0.0,0.0
standard,P043,65,retained,0.6995160580730312,0.5378890392422192,24.281222920256962,5.253981917990907,0.22698907956318254,991,1282,ok,0.8793689774277011,0.0,0.0,0.0
standard,P043,66,retained,0.7048535198950591,0.5442268737339635,24.281222920256962,5.233476095084769,0.23670007710100233,990,1297,ok,0.8793689774277011,0.0,0.0,0.0
standard,P043,67,retained,0.7058307759754494,0.5453929539295393,24.702558815971667,5.1953252786081485,0.25344563552833077,975,1306,ok,0.8793689774277011,0.0,0.0,0.0
standard,P043,68,retained,0.7111882046834345,0.5518169582772544,24.36539307751029,5.1421782863970895,0.23700305810397554,998,1308,ok,0.8793689774277011,0.0,0.0,0.0
standard,P043,69,retained,0.7083865474670072,0.5484508899143046,23.97697286480094,5.221682470109804,0.20412844036697247,1041,1308,ok,0.8793689774277011,0.0,0.0,0.0
standard,P043,70,retained,0.6124542124542125,0.44139387539598735,25.079872407968907,7.559051817634713,0.0871559633027523,1422,1308,ok,0.8793689774277011,0.0,0.0,0.0
standard,P043,71,retained,0.5830742659758203,0.4115065821550463,26.30760721560795,7.91247909798229,0.2511664074650078,1609,1286,ok,0.8793689774277011,0.0,0.0,0.0
standard,P043,72,retained,0.5784593437945792,0.40692423482187656,25.811448171837164,7.851102799207537,0.17871017871017872,1517,1287,ok,0.8793689774277011,0.0,0.0,0.0
standard,P043,73,retained,0.5563152213026269,0.38534396809571286,28.020525764393426,8.579047850173861,0.15426356589147286,1489,1290,ok,0.8793689774277011,0.0,0.0,0.0
standard,P043,74,retained,0.6019880715705765,0.43060295790671216,24.054098139515204,7.399492284273055,0.09035687167805619,1198,1317,ok,0.8793689774277011,0.0,0.0,0.0
standard,P043,75,retained,0.6185752930568079,0.44778067885117495,25.263897926375115,6.474637616602073,0.299079754601227,914,1304,ok,0.8793689774277011,0.0,0.0,0.0
standard,P043,76,retained,0.5817152103559871,0.41015402167712495,18.92038542306735,6.591671669732114,0.10864575363427698,1165,1307,ok,0.8793689774277011,0.0,0.0,0.0
standard,P043,77,retained,0.5618782331874254,0.3907028223574986,16.345719478110414,6.385261088523088,0.0772762050497322,1206,1307,ok,0.8793689774277011,0.0,0.0,0.0
standard,P043,78,retained,0.5790408525754884,0.4075,16.0,6.645890090036067,0.11336336336336336,1483,1332,ok,0.8793689774277011,0.0,0.0,0.0
standard,P043,79,retained,0.5660630449362843,0.39476145930776424,17.5,7.251808009415117,0.23873873873873874,1650,1332,ok,0.8793689774277011,0.0,0.0,0.0
standard,P043,80,retained,0.5473251028806584,0.37677053824362605,16.0,7.276477138451987,0.19909502262443438,1590,1326,ok,0.8793689774277011,0.0,0.0,0.0
standard,P043,81,retained,0.5093525179856115,0.3416988416988417,16.983809511662425,6.947704683574606,0.12375859434682965,1471,1309,ok,0.8793689774277011,0.0,0.0,0.0
standard,P043,82,retained,0.5097755249818972,0.34207968901846453,17.0,6.850057952040937,0.1083969465648855,1452,1310,ok,0.8793689774277011,0.0,0.0,0.0
standard,P043,83,retained,0.5357142857142857,0.36585365853658536,14.9196412483911,6.5500228218351895,0.053475935828877004,1379,1309,ok,0.8793689774277011,0.0,0.0,0.0
standard,P043,84,retained,0.5147648559970834,0.34658811978399606,14.780009913296164,6.902091932813275,0.0891089108910891,1430,1313,ok,0.8793689774277011,0.0,0.0,0.0
standard,P043,85,retained,0.5424729419481797,0.37218721872187216,15.533827043213229,7.07860336177898,0.32748091603053436,1739,1310,ok,0.8793689774277011,0.0,0.0,0.0
standard,P043,86,retained,0.5275990518117168,0.3583256669733211,15.0,7.148482097555364,0.23204837490551777,1630,1323,ok,0.8793689774277011,0.0,0.0,0.0
standard,P043,87,retained,0.5318275154004107,0.3622377622377622,14.0,7.280276964810365,0.20361990950226244,1596,1326,ok,0.8793689774277011,0.0,0.0,0.0
standard,P043,88,retained,0.4963325183374083,0.3300813008130081,28.570562748477126,10.098255108475481,0.463855421686747,1944,1328,ok,0.8793689774277011,0.0,0.0,0.0
standard,P043,89,retained,0.38810641627543035,0.2407766990291262,32.62152954766494,10.938845449041285,0.43335872048743335,1882,1313,ok,0.8793689774277011,0.0,0.0,0.0
standard,P043,90,retained,0.33657770800627945,0.20234050585126462,35.1170739254841,11.17785221381317,0.4183750949126803,1868,1317,ok,0.8793689774277011,0.0,0.0,0.0
standard,P043,91,retained,0.30497592295345105,0.17992424242424243,34.298695770208404,11.141770488114533,0.37242955064737243,1802,1313,ok,0.8793689774277011,0.0,0.0,0.0
standard,P043,92,retained,0.32538386148317544,0.1943035505267265,33.65292996048207,10.842177404319145,0.2980480480480481,1729,1332,ok,0.8793689774277011,0.0,0.0,0.0
standard,P043,93,retained,0.34410708455762323,0.207807570977918,32.537590304218604,10.234254574393574,0.31694402420574885,1741,1322,ok,0.8793689774277011,0.0,0.0,0.0
standard,P043,94,retained,0.34017207147584383,0.20494417862838915,31.219384448135756,10.117682427395566,0.2859304084720121,1700,1322,ok,0.8793689774277011,0.0,0.0,0.0
standard,P043,95,retained,0.41658308258107657,0.26309121621621623,25.913139110507537,9.241743317815946,0.25565610859728505,1665,1326,ok,0.8793689774277011,0.0,0.0,0.0
standard,P043,96,retained,0.41279261457303,0.26007478188616534,19.03416514885068,7.984566771281777,0.30121396054628224,1715,1318,ok,0.8793689774277011,0.0,0.0,0.0
standard,P043,97,retained,0.3445645263827082,0.20814132104454686,25.466105677399895,10.316018444081683,0.37254901960784315,1820,1326,ok,0.8793689774277011,0.0,0.0,0.0
standard,P043,98,retained,0.19726729291204098,0.10942681193747039,28.508326829961895,12.348035786691716,0.23378582202111614,1016,1326,ok,0.8793689774277011,0.0,0.0,0.0
standard,P043,99,retained,0.2658924205378973,0.1533309834332041,27.007404868885036,9.955283051464937,0.5034429992348891,1965,1307,ok,0.8793689774277011,0.0,0.0,0.0
standard,P085,0,retained,0.8827172827172827,0.7900572246065808,9.97732867026941,2.9093318980760436,0.06756756756756757,2415,2590,ok,0.9914378728619155,0.0,0.0,0.0
standard,P085,1,retained,0.886984253537971,0.796919770773639,10.0,2.8051586641120907,0.07924961715160796,2405,2612,ok,0.9914378728619155,0.0,0.0,0.0
standard,P085,2,retained,0.8891988840175369,0.800502332256907,9.724394800874249,2.7178685644131253,0.07739463601532567,2408,2610,ok,0.9914378728619155,0.0,0.0,0.0
standard,P085,3,retained,0.8919185931634065,0.8049215406562055,9.848857801796104,2.692933527021872,0.07493343476607076,2432,2629,ok,0.9914378728619155,0.0,0.0,0.0
standard,P085,4,retained,0.8948090107737512,0.8096419709322935,10.0,2.6459718460786186,0.07285768214420536,2456,2649,ok,0.9914378728619155,0.0,0.0,0.0
standard,P085,5,retained,0.8917495611468695,0.8046462513199577,10.059126028197397,2.7142318002095576,0.07761529808773904,2460,2667,ok,0.9914378728619155,0.0,0.0,0.0
standard,P085,6,retained,0.8923257635082223,0.8055850123718629,10.636199230791838,2.7040038034135603,0.08832335329341318,2436,2672,ok,0.9914378728619155,0.0,0.0,0.0
standard,P085,7,retained,0.8930669800235017,0.8067940552016986,10.0,2.6691695270562668,0.09477611940298507,2426,2680,ok,0.9914378728619155,0.0,0.0,0.0
standard,P085,8,retained,0.8960531457600626,0.8116814159292035,9.886643351347079,2.595618617577989,0.09598214285714286,2430,2688,ok,0.9914378728619155,0.0,0.0,0.0
standard,P085,9,retained,0.8973458235753318,0.8138053097345133,9.45247927901359,2.5500553688061856,0.10643015521064302,2418,2706,ok,0.9914378728619155,0.0,0.0,0.0
standard,P085,10,retained,0.8955223880597015,0.8108108108108109,9.901757571167462,2.6157294234559925,0.11964549483013294,2384,2708,ok,0.9914378728619155,0.0,0.0,0.0
standard,P085,11,retained,0.8928571428571429,0.8064516129032258,9.886643351347079,2.6519397283269006,0.1264705882352941,2376,2720,ok,0.9914378728619155,0.0,0.0,0.0
standard,P085,12,retained,0.8910735351946519,0.8035460992907801,9.886643351347079,2.699629197032948,0.13631366801026018,2357,2729,ok,0.9914378728619155,0.0,0.0,0.0
standard,P085,13,retained,0.8895005898545025,0.8009915014164306,9.666441437328322,2.7466408578171246,0.1437956204379562,2346,2740,ok,0.9914378728619155,0.0,0.0,0.0
standard,P085,14,retained,0.8858213370143956,0.7950442477876106,9.640783086353574,2.815300709666997,0.1546579330422125,2323,2748,ok,0.9914378728619155,0.0,0.0,0.0
standard,P085,15,retained,0.8843725335438043,0.7927131234524231,9.848857801796104,2.870855715163326,0.16243654822335024,2310,2758,ok,0.9914378728619155,0.0,0.0,0.0
standard,P085,16,retained,0.8796516231195566,0.7851590106007067,9.909314681077658,2.981943805447731,0.17617328519855596,2282,2770,ok,0.9914378728619155,0.0,0.0,0.0
standard,P085,17,retained,0.8768258981444927,0.7806678383128295,9.886643351347079,3.021491284897668,0.1776978417266187,2286,2780,ok,0.9914378728619155,0.0,0.0,0.0
standard,P085,18,retained,0.8770894788593904,0.7810858143607706,9.29459729346018,3.017884905710661,0.1774193548387097,2295,2790,ok,0.9914378728619155,0.0,0.0,0.0
standard,P085,19,retained,0.8721067085131424,0.7732173913043479,9.579187966465414,3.118984888784533,0.17472252058718224,2305,2793,ok,0.9914378728619155,0.0,0.0,0.0
standard,P085,20,retained,0.8707298136645962,0.7710553454795462,9.423259298318415,3.1644085526495536,0.17045454545454544,2336,2816,ok,0.9914378728619155,0.0,0.0,0.0
standard,P085,21,retained,0.8671301660872924,0.7654278895329014,9.219544457292887,3.231709333127037,0.15991471215351813,2364,2814,ok,0.9914378728619155,0.0,0.0,0.0
standard,P085,22,retained,0.8620095693779904,0.7574840228725194,9.20856723442824,3.341936698441275,0.16279887482419128,2381,2844,ok,0.9914378728619155,0.0,0.0,0.0
standard,P085,23,retained,0.8600343708229903,0.7544388609715242,9.433981132056603,3.415053112445753,0.16567425569176883,2382,2855,ok,0.9914378728619155,0.0,0.0,0.0
standard,P085,24,retained,0.863481228668942,0.7597597597597597,9.219544457292887,3.3301414590536402,0.16811392844737758,2395,2879,ok,0.9914378728619155,0.0,0.0,0.0
standard,P085,25,retained,0.864946317573931,0.7620311981413873,9.0,3.291727589259643,0.16614853195164075,2414,2895,ok,0.9914378728619155,0.0,0.0,0.0
standard,P085,26,retained,0.8651284937160008,0.7623140495867768,9.0,3.297949338337126,0.1655196145905024,2425,2906,ok,0.9914378728619155,0.0,0.0,0.0
standard,P085,27,retained,0.8653273809523809,0.7626229508196721,9.0,3.313789747552034,0.16581371545547594,2445,2931,ok,0.9914378728619155,0.0,0.0,0.0
standard,P085,28,retained,0.8641793787906635,0.7608414239482201,9.219544457292887,3.3801443651537393,0.16986209216279852,2468,2973,ok,0.9914378728619155,0.0,0.0,0.0
standard,P085,29,retained,0.8662652800583835,0.7640811071773415,9.433981132056603,3.351306231981581,0.16933867735470942,2487,2994,ok,0.9914378728619155,0.0,0.0,0.0
standard,P085,30,retained,0.8646876707339283,0.7616297722168752,9.50493422156967,3.3829749838893766,0.17635337097309864,2480,3011,ok,0.9914378728619155,0.0,0.0,0.0
standard,P085,31,retained,0.8602150537634409,0.7547169811320755,9.45247927901359,3.5084971915403425,0.1807029177718833,2471,3016,ok,0.9914378728619155,0.0,0.0,0.0
standard,P085,32,retained,0.8574533598985691,0.7504755865567533,9.861517085499994,3.588719396714855,0.18686371100164204,2476,3045,ok,0.9914378728619155,0.0,0.0,0.0
standard,P085,33,retained,0.8596649252386958,0.753870458135861,9.848857801796104,3.5318970724704766,0.18238375900458415,2497,3054,ok,0.9914378728619155,0.0,0.0,0.0
standard,P085,34,retained,0.8617915251206866,0.7571473452717562,9.436623724479027,3.5170106032614212,0.18350113673270543,2514,3079,ok,0.9914378728619155,0.0,0.0,0.0
standard,P085,35,retained,0.860809124933167,0.7556320400500626,9.848857801796104,3.52397607043603,0.1894159406260084,2512,3099,ok,0.9914378728619155,0.0,0.0,0.0
standard,P085,36,retained,0.857346393588602,0.7503117206982544,9.899494936611665,3.589393515963859,0.19162640901771336,2510,3105,ok,0.9914378728619155,0.0,0.0,0.0
standard,P085,37,retained,0.8586036671368125,0.7522397281433426,9.881771939426217,3.5909562875358376,0.18843819865857553,2541,3131,ok,0.9914378728619155,0.0,0.0,0.0
standard,P085,38,retained,0.8587530820711519,0.7524691358024691,9.899494936611665,3.578627261212495,0.1824583866837388,2554,3124,ok,0.9914378728619155,0.0,0.0,0.0
standard,P085,39,retained,0.8611599297012302,0.7561728395061729,9.29459729346018,3.47835085796537,0.16865143224975862,2583,3107,ok,0.9914378728619155,0.0,0.0,0.0
standard,P085,40,retained,0.8598692348471462,0.7541847489150652,9.326762794674746,3.527491381437609,0.16682863621639132,2572,3087,ok,0.9914378728619155,0.0,0.0,0.0
standard,P085,41,retained,0.8569402588193583,0.7496898263027295,9.486832980505138,3.59675648540011,0.17206740116655866,2555,3086,ok,0.9914378728619155,0.0,0.0,0.0
standard,P085,42,retained,0.8538516918646508,0.7449748743718593,9.401815630842039,3.6439063061107864,0.17596848325673015,2510,3046,ok,0.9914378728619155,0.0,0.0,0.0
standard,P085,43,retained,0.8473351400180669,0.7351097178683386,9.848857801796104,3.805038110481517,0.18286277084701247,2489,3046,ok,0.9914378728619155,0.0,0.0,0.0
standard,P085,44,retained,0.8486379217030489,0.7370730178627389,9.899494936611665,3.8033919527203905,0.18262295081967214,2493,3050,ok,0.9914378728619155,0.0,0.0,0.0
standard,P085,45,retained,0.847916290817247,0.7359849671155653,9.884303796166996,3.7983577560982935,0.17784352399737016,2501,3042,ok,0.9914378728619155,0.0,0.0,0.0
standard,P085,46,retained,0.8463621592345189,0.7336463223787167,10.0,3.8714507589528053,0.17915844838921763,2497,3042,ok,0.9914378728619155,0.0,0.0,0.0
standard,P085,47,retained,0.8437782192523027,0.7297719462667916,10.03990049689671,3.9166330940206473,0.18696791093647674,2483,3054,ok,0.9914378728619155,0.0,0.0,0.0
standard,P085,48,retained,0.8459464317814129,0.7330218068535825,10.0,3.8371938881032968,0.1736703873933027,2517,3046,ok,0.9914378728619155,0.0,0.0,0.0
standard,P085,49,retained,0.8534805056079758,0.7444099378881988,9.899494936611665,3.667637527055686,0.15775664152181043,2568,3049,ok,0.9914378728619155,0.0,0.0,0.0
standard,P085,50,retained,0.8564347672154363,0.7489164086687307,10.0,3.5957414240659054,0.14908256880733944,2597,3052,ok,0.9914378728619155,0.0,0.0,0.0
standard,P085,51,retained,0.856687898089172,0.7493036211699164,10.004987562112087,3.596238067963251,0.14991816693944354,2597,3055,ok,0.9914378728619155,0.0,0.0,0.0
standard,P085,52,retained,0.8576449912126538,0.7507692307692307,10.0,3.582071906896972,0.1441617742987606,2624,3066,ok,0.9914378728619155,0.0,0.0,0.0
standard,P085,53,retained,0.862882096069869,0.7588325652841782,10.178235124467008,3.436070823210073,0.13457152166829586,2656,3069,ok,0.9914378728619155,0.0,0.0,0.0
standard,P085,54,retained,0.8631944444444445,0.7593158216249236,10.264183905346341,3.447709647636627,0.13108371187540557,2678,3082,ok,0.9914378728619155,0.0,0.0,0.0
standard,P085,55,retained,0.8627927146574155,0.7586943258084198,10.592177951969822,3.4842287321446332,0.13972249112616975,2666,3099,ok,0.9914378728619155,0.0,0.0,0.0
standard,P085,56,retained,0.8645851302397792,0.761470677605591,10.525734195631383,3.433631478182899,0.1366120218579235,2686,3111,ok,0.9914378728619155,0.0,0.0,0.0
standard,P085,57,retained,0.865595075239398,0.7630388905637624,10.525734195631383,3.4306537686586966,0.1262415892342198,2727,3121,ok,0.9914378728619155,0.0,0.0,0.0
standard,P085,58,retained,0.8737339635381499,0.7757793764988009,10.487766334866576,3.2381703227079117,0.11517658288259625,2781,3143,ok,0.9914378728619155,0.0,0.0,0.0
standard,P085,59,retained,0.871940998994301,0.7729569093610699,10.449798474101748,3.30112705723521,0.10181355392936685,2823,3143,ok,0.9914378728619155,0.0,0.0,0.0
standard,P085,60,retained,0.8699431628217987,0.7698224852071006,11.0,3.3298916924972826,0.0967228762328985,2839,3143,ok,0.9914378728619155,0.0,0.0,0.0
standard,P085,61,retained,0.8653686137460476,0.7626870049867996,11.0,3.4244420127492186,0.08813235762010818,2866,3143,ok,0.9914378728619155,0.0,0.0,0.0
standard,P085,62,retained,0.86329030122476,0.7594641817122889,11.0,3.492399530459581,0.07763283487114223,2899,3143,ok,0.9914378728619155,0.0,0.0,0.0
standard,P085,63,retained,0.8614318706697459,0.7565922920892495,11.0,3.5418228947630204,0.06573069559668156,2928,3134,ok,0.9914378728619155,0.0,0.0,0.0
standard,P085,64,retained,0.8568148269640807,0.7494978479196557,11.267029484964723,3.703442536518486,0.060133630289532294,2954,3143,ok,0.9914378728619155,0.0,0.0,0.0
standard,P085,65,retained,0.8557911908646003,0.7479327060165384,11.808054941967763,3.7372594363069283,0.04963410754056634,2987,3143,ok,0.9914378728619155,0.0,0.0,0.0
standard,P085,66,retained,0.8547622937428525,0.7463623395149787,12.0,3.71018431330715,0.03499197431781702,3006,3115,ok,0.9914378728619155,0.0,0.0,0.0
standard,P085,67,retained,0.8514563106796117,0.7413355874894336,12.26224217661182,3.829123080737525,0.027449728694541972,3047,3133,ok,0.9914378728619155,0.0,0.0,0.0
standard,P085,68,retained,0.8491239454899416,0.7378065971243304,13.038404810405298,3.889727923968344,0.02118780096308186,3049,3115,ok,0.9914378728619155,0.0,0.0,0.0
standard,P085,69,retained,0.8489769405651185,0.7375846501128668,13.0,3.8714490378993984,0.01929880990672242,3049,3109,ok,0.9914378728619155,0.0,0.0,0.0
standard,P085,70,retained,0.8466655849423982,0.7341024198086663,13.145742752749568,3.934041104294226,0.022143774069319642,3047,3116,ok,0.9914378728619155,0.0,0.0,0.0
standard,P085,71,retained,0.8475896770004869,0.7354929577464788,13.009601202601324,3.9186023044156126,0.022785622593068038,3045,3116,ok,0.9914378728619155,0.0,0.0,0.0
standard,P085,72,retained,0.848750405712431,0.7372427403439527,12.55975072477463,3.8718479565244257,0.022464698331193838,3046,3116,ok,0.9914378728619155,0.0,0.0,0.0
standard,P085,73,retained,0.8513886633100536,0.7412330316742082,12.236852196286232,3.830267701225524,0.022800256904303148,3043,3114,ok,0.9914378728619155,0.0,0.0,0.0
standard,P085,74,retained,0.8523794108125607,0.7427362482369535,12.236852196286232,3.820300036799739,0.01605651894669236,3064,3114,ok,0.9914378728619155,0.0,0.0,0.0
standard,P085,75,retained,0.8528654217643271,0.7434746000561324,12.196093833034915,3.7909645099557503,0.005138086062941554,3098,3114,ok,0.9914378728619155,0.0,0.0,0.0
standard,P085,76,retained,0.8529364698351737,0.7435825892857143,12.411285941426055,3.8169893579801695,0.003514376996805112,3119,3130,ok,0.9914378728619155,0.0,0.0,0.0
standard,P085,77,retained,0.855638857872069,0.7477000278784499,12.083045973594572,3.750145012807877,0.002875399361022364,3139,3130,ok,0.9914378728619155,0.0,0.0,0.0
standard,P085,78,retained,0.8572339069471001,0.7501394311210262,12.041594578792296,3.714046772280889,0.005111821086261981,3146,3130,ok,0.9914378728619155,0.0,0.0,0.0
standard,P085,79,retained,0.8540868454661558,0.7453329618278072,13.0,3.8398624097418503,0.00448,3139,3125,ok,0.9914378728619155,0.0,0.0,0.0
standard,P085,80,retained,0.8501597444089457,0.739372047791053,13.0,3.8839035987529176,0.0,3130,3130,ok,0.9914378728619155,0.0,0.0,0.0
standard,P089,0,retained,0.8332961392546306,0.7142310635042081,8.06225774829855,3.5215749403195087,0.2295535361517187,1950,2531,ok,0.9909023339703176,0.0,0.0,0.0
standard,P089,1,retained,0.835194283162126,0.7170245398773006,8.06225774829855,3.46794817716074,0.2286392405063291,1950,2528,ok,0.9909023339703176,0.0,0.0,0.0
standard,P089,2,retained,0.8330357142857143,0.7138485080336648,8.48528137423857,3.526471618571516,0.23483057525610718,1942,2538,ok,0.9909023339703176,0.0,0.0,0.0
standard,P089,3,retained,0.8389546571364753,0.7225856098499422,8.246211251235321,3.383406248905271,0.22693069306930694,1952,2525,ok,0.9909023339703176,0.0,0.0,0.0
standard,P089,4,retained,0.8481069042316258,0.7362722351121423,8.06225774829855,3.2041677094802687,0.2125796178343949,1978,2512,ok,0.9909023339703176,0.0,0.0,0.0
standard,P089,5,retained,0.855565371024735,0.747587803936704,7.615773105863909,3.048302616273063,0.20531113753468094,2005,2523,ok,0.9909023339703176,0.0,0.0,0.0
standard,P089,6,retained,0.8658161020677518,0.7633824670287044,7.211102550927978,2.824181615525034,0.19388160508541916,2029,2517,ok,0.9909023339703176,0.0,0.0,0.0
standard,P089,7,retained,0.8794916739702016,0.7849041845913179,6.708203932499369,2.5114877489696767,0.1670682730923695,2074,2490,ok,0.9909023339703176,0.0,0.0,0.0
standard,P089,8,retained,0.8855461085676913,0.7946009389671361,6.324555320336759,2.3897151023341725,0.16373098478783027,2089,2498,ok,0.9909023339703176,0.0,0.0,0.0
standard,P089,9,retained,0.8874288217257994,0.7976377952755905,6.4031242374328485,2.334374848571227,0.1647909967845659,2078,2488,ok,0.9909023339703176,0.0,0.0,0.0
standard,P089,10,retained,0.887817703768624,0.7982663514578409,6.708203932499369,2.3275644138496774,0.16559485530546625,2076,2488,ok,0.9909023339703176,0.0,0.0,0.0
standard,P089,11,retained,0.8880122726276573,0.798581001182499,6.708203932499369,2.3177729857453375,0.16452131938857603,2077,2486,ok,0.9909023339703176,0.0,0.0,0.0
standard,P089,12,retained,0.8908891328210757,0.8032462391132225,6.708203932499369,2.2868090756201913,0.16182405165456012,2077,2478,ok,0.9909023339703176,0.0,0.0,0.0
standard,P089,13,retained,0.8869296892219528,0.7968316831683169,7.0710678118654755,2.3697317875153194,0.16612772837510106,2063,2474,ok,0.9909023339703176,0.0,0.0,0.0
standard,P089,14,retained,0.8830591373943976,0.7906050955414012,7.810249675906654,2.4325116886941736,0.17228768793173507,2037,2461,ok,0.9909023339703176,0.0,0.0,0.0
standard,P089,15,retained,0.8811438784629133,0.7875399361022364,8.0,2.462728322376188,0.17678207739307536,2021,2455,ok,0.9909023339703176,0.0,0.0,0.0
standard,P089,16,retained,0.8789979870275106,0.7841181165203511,7.810249675906654,2.5242588039506315,0.17956026058631921,2015,2456,ok,0.9909023339703176,0.0,0.0,0.0
standard,P089,17,retained,0.8742972790645379,0.7766679984019177,8.0,2.6139896474713415,0.18192968111201963,2001,2446,ok,0.9909023339703176,0.0,0.0,0.0
standard,P089,18,retained,0.8715058611361587,0.7722732720735118,8.06225774829855,2.6891293870585002,0.19454619454619454,1979,2457,ok,0.9909023339703176,0.0,0.0,0.0
standard,P089,19,retained,0.8641750227894257,0.7608346709470305,8.48528137423857,2.8366662354395147,0.19942552318424292,1951,2437,ok,0.9909023339703176,0.0,0.0,0.0
standard,P089,20,retained,0.8548424200598114,0.7464845319405383,8.48528137423857,3.0428163534794193,0.21037463976945245,1918,2429,ok,0.9909023339703176,0.0,0.0,0.0
standard,P089,21,retained,0.8465094775774388,0.7338677354709419,8.57608058226633,3.215709157181477,0.22340862422997945,1891,2435,ok,0.9909023339703176,0.0,0.0,0.0
standard,P089,22,retained,0.8405594405594405,0.7249698431845597,8.48528137423857,3.339123892649283,0.22433774834437087,1874,2416,ok,0.9909023339703176,0.0,0.0,0.0
standard,P089,23,retained,0.8336056009334889,0.7146858743497398,8.54400374531753,3.485728192049063,0.22933884297520662,1865,2420,ok,0.9909023339703176,0.0,0.0,0.0
standard,P089,24,retained,0.8308480894687791,0.7106416899163013,8.48528137423857,3.5377623494153676,0.2198257984238905,1881,2411,ok,0.9909023339703176,0.0,0.0,0.0
standard,P089,25,retained,0.8322085175703979,0.712634515743324,8.06225774829855,3.5026257563449854,0.21553156146179403,1889,2408,ok,0.9909023339703176,0.0,0.0,0.0
standard,P089,26,retained,0.8294952314491743,0.708664546899841,8.06225774829855,3.5560782935269106,0.21470099667774087,1891,2408,ok,0.9909023339703176,0.0,0.0,0.0
standard,P089,27,retained,0.8344586728754365,0.7159408709548541,8.0,3.43012295924774,0.20518178019222733,1902,2393,ok,0.9909023339703176,0.0,0.0,0.0
standard,P089,28,retained,0.8537693006357856,0.7448494453248812,6.708203932499369,3.0558724651637212,0.16957605985037408,1998,2406,ok,0.9909023339703176,0.0,0.0,0.0
standard,P089,29,retained,0.8721672167216722,0.7733125243854858,6.0,2.721782392796612,0.11175737432488575,2138,2407,ok,0.9909023339703176,0.0,0.0,0.0
standard,P089,30,retained,0.8850372970601141,0.7937819756001574,6.324555320336759,2.4307536873464093,0.08968985750209556,2172,2386,ok,0.9909023339703176,0.0,0.0,0.0
standard,P089,31,retained,0.9011084546837644,0.8200158227848101,6.4031242374328485,2.096680521043392,0.07166806370494551,2215,2386,ok,0.9909023339703176,0.0,0.0,0.0
standard,P089,32,retained,0.8963093145869947,0.8121019108280255,7.615773105863909,2.197630857676419,0.07445008460236886,2188,2364,ok,0.9909023339703176,0.0,0.0,0.0
standard,P089,33,retained,0.8947826086956522,0.8095987411487018,7.280109889280518,2.241170282402984,0.059890341628005064,2229,2371,ok,0.9909023339703176,0.0,0.0,0.0
standard,P089,34,retained,0.8890803359896619,0.8003101977510663,7.0710678118654755,2.36173682320317,0.04258010118043845,2271,2372,ok,0.9909023339703176,0.0,0.0,0.0
standard,P089,35,retained,0.8921232876712328,0.8052550231839258,6.215748564819405,2.289636595310706,0.020338983050847456,2312,2360,ok,0.9909023339703176,0.0,0.0,0.0
standard,P089,36,retained,0.8899786780383795,0.8017671917018825,5.830951894845301,2.3270398299906483,0.014394580863674851,2328,2362,ok,0.9909023339703176,0.0,0.0,0.0
standard,P089,37,retained,0.88599487617421,0.7953238788807973,6.0,2.41272926230693,0.015254237288135594,2324,2360,ok,0.9909023339703176,0.0,0.0,0.0
standard,P089,38,retained,0.8816925734024179,0.7884169884169884,6.708203932499369,2.5032102379009658,0.034789987271955876,2275,2357,ok,0.9909023339703176,0.0,0.0,0.0
standard,P089,39,retained,0.8695267580716497,0.769170579029734,7.0710678118654755,2.762996056406734,0.07081911262798635,2178,2344,ok,0.9909023339703176,0.0,0.0,0.0
standard,P089,40,retained,0.8619909502262444,0.757455268389662,7.848199740725321,2.93473450101152,0.10300429184549356,2090,2330,ok,0.9909023339703176,0.0,0.0,0.0
standard,P089,41,retained,0.8601558917927556,0.7546259050683829,8.06225774829855,2.966617148975352,0.11495246326707001,2048,2314,ok,0.9909023339703176,0.0,0.0,0.0
standard,P089,42,retained,0.863342566943675,0.7595450852965069,7.464724658401368,2.8937065282861494,0.11406181976491075,2035,2297,ok,0.9909023339703176,0.0,0.0,0.0
standard,P089,43,retained,0.8674531575294934,0.7659313725490197,7.0,2.795239417337647,0.10643889618922471,2040,2283,ok,0.9909023339703176,0.0,0.0,0.0
standard,P089,44,retained,0.8625989753143922,0.7583947583947583,6.631934008732739,2.8890526409223214,0.11086669599648043,2021,2273,ok,0.9909023339703176,0.0,0.0,0.0
standard,P089,45,retained,0.8609022556390977,0.7557755775577558,6.324555320336759,2.9051741650156786,0.11180124223602485,2002,2254,ok,0.9909023339703176,0.0,0.0,0.0
standard,P089,46,retained,0.8553728853943293,0.7472939217318901,6.4031242374328485,3.030092666083344,0.12382655341975861,1960,2237,ok,0.9909023339703176,0.0,0.0,0.0
standard,P089,47,retained,0.8500119990400768,0.7391485809682805,7.0,3.130273824578309,0.12971274685816875,1939,2228,ok,0.9909023339703176,0.0,0.0,0.0
standard,P089,48,retained,0.8506588579795022,0.7401273885350318,7.0,3.0996478452909266,0.12791228871630883,1909,2189,ok,0.9909023339703176,0.0,0.0,0.0
standard,P089,49,retained,0.8543111992071358,0.745674740484429,6.708203932499369,2.98807046628935,0.11929170549860205,1890,2146,ok,0.9909023339703176,0.0,0.0,0.0
standard,P089,50,retained,0.8581383773021404,0.7515257192676548,7.0,2.9046997272622628,0.11450023463162834,1887,2131,ok,0.9909023339703176,0.0,0.0,0.0
standard,P089,51,retained,0.8633274603574125,0.7595217006200177,7.0,2.7820508601909624,0.11079410366143605,1870,2103,ok,0.9909023339703176,0.0,0.0,0.0
standard,P089,52,retained,0.8670902160101652,0.7653656348138178,6.97082039324993,2.687347878033459,0.10361445783132531,1860,2075,ok,0.9909023339703176,0.0,0.0,0.0
standard,P089,53,retained,0.8674574522949974,0.7659380692167578,6.766563145999492,2.632857979400053,0.09247417609444171,1845,2033,ok,0.9909023339703176,0.0,0.0,0.0
standard,P089,54,retained,0.8731227343345417,0.7748161764705882,6.708203932499369,2.518560274398694,0.07860696517412935,1852,2010,ok,0.9909023339703176,0.0,0.0,0.0
standard,P089,55,retained,0.8798955613577023,0.7855477855477856,6.708203932499369,2.363381402254289,0.06565656565656566,1850,1980,ok,0.9909023339703176,0.0,0.0,0.0
standard,P089,56,retained,0.8841719077568134,0.7923907937999061,6.4031242374328485,2.271426150498407,0.05801526717557252,1851,1965,ok,0.9909023339703176,0.0,0.0,0.0
standard,P089,57,retained,0.8856088560885609,0.7947019867549668,6.082762530298219,2.2316358515661014,0.04231166150670795,1856,1938,ok,0.9909023339703176,0.0,0.0,0.0
standard,P089,58,retained,0.8861360042171851,0.795551348793185,6.082762530298219,2.2139139248819553,0.04231166150670795,1856,1938,ok,0.9909023339703176,0.0,0.0,0.0
standard,P089,59,retained,0.8834388185654009,0.7912139820500709,6.355982887175193,2.273554685427089,0.03929679420889348,1858,1934,ok,0.9909023339703176,0.0,0.0,0.0
standard,P089,60,retained,0.8867874967165748,0.7966021708352997,6.4031242374328485,2.1951413299038776,0.042673521850899745,1862,1945,ok,0.9909023339703176,0.0,0.0,0.0
standard,P089,61,retained,0.8805496828752643,0.7865911237016053,6.4031242374328485,2.3148101019332388,0.04343329886246122,1850,1934,ok,0.9909023339703176,0.0,0.0,0.0
standard,P089,62,retained,0.8846153846153846,0.7931034482758621,6.4031242374328485,2.249034383821916,0.04933196300102775,1850,1946,ok,0.9909023339703176,0.0,0.0,0.0
standard,P089,63,retained,0.8846052284129918,0.7930871212121212,6.4031242374328485,2.2277468510466067,0.05295629820051414,1842,1945,ok,0.9909023339703176,0.0,0.0,0.0
standard,P089,64,retained,0.881868861162729,0.7886989553656221,6.17947964631363,2.2724621622600463,0.05020703933747412,1835,1932,ok,0.9909023339703176,0.0,0.0,0.0
standard,P089,65,retained,0.8798934753661785,0.785544460294817,6.324555320336759,2.3069061658550143,0.061435209086215796,1818,1937,ok,0.9909023339703176,0.0,0.0,0.0
standard,P089,66,retained,0.8769682412596744,0.780893536121673,6.082762530298219,2.338714280182457,0.06055900621118013,1815,1932,ok,0.9909023339703176,0.0,0.0,0.0
standard,P089,67,retained,0.8751002941963092,0.7779362815026153,6.082762530298219,2.3689540661078246,0.06469979296066253,1807,1932,ok,0.9909023339703176,0.0,0.0,0.0
standard,P089,68,retained,0.8746994389527117,0.7773029439696106,6.082762530298219,2.381192603645754,0.06262939958592133,1811,1932,ok,0.9909023339703176,0.0,0.0,0.0
standard,P089,69,retained,0.8707955152162307,0.7711583924349882,6.4031242374328485,2.4684340859207436,0.06608156943727414,1809,1937,ok,0.9909023339703176,0.0,0.0,0.0
standard,P089,70,retained,0.8709591236975688,0.7714150496923805,6.082762530298219,2.4514490545353205,0.06262939958592133,1811,1932,ok,0.9909023339703176,0.0,0.0,0.0
standard,P089,71,retained,0.8703062583222371,0.7703913248467704,6.082762530298219,2.470387033281284,0.05641821946169772,1823,1932,ok,0.9909023339703176,0.0,0.0,0.0
standard,P089,72,retained,0.8686170212765958,0.767748001880583,6.082762530298219,2.5117293776284426,0.053830227743271224,1828,1932,ok,0.9909023339703176,0.0,0.0,0.0
standard,P089,73,retained,0.8672331386086033,0.7655883731833099,6.324555320336759,2.5356661271488763,0.055756324212700055,1829,1937,ok,0.9909023339703176,0.0,0.0,0.0
standard,P089,74,retained,0.8682745825602969,0.7672131147540984,6.324555320336759,2.5185278251764682,0.05214248838409912,1836,1937,ok,0.9909023339703176,0.0,0.0,0.0
standard,P089,75,retained,0.8684837258534004,0.7675397567820393,6.324555320336759,2.5160865981886893,0.049044914816726896,1842,1937,ok,0.9909023339703176,0.0,0.0,0.0
standard,P089,76,retained,0.8691514670896114,0.7685834502103787,6.324555320336759,2.503055801548227,0.04697986577181208,1846,1937,ok,0.9909023339703176,0.0,0.0,0.0
standard,P089,77,retained,0.8682129678439642,0.7671169073125291,6.215748564819405,2.520550586441711,0.041300980898296334,1857,1937,ok,0.9909023339703176,0.0,0.0,0.0
standard,P089,78,retained,0.8695423461336139,0.7691949744067008,6.0,2.4894587782820476,0.0371708828084667,1865,1937,ok,0.9909023339703176,0.0,0.0,0.0
standard,P089,79,retained,0.8684003152088259,0.7674094707520891,6.0,2.5173189250839667,0.03458957150232318,1870,1937,ok,0.9909023339703176,0.0,0.0,0.0
standard,P089,80,retained,0.8687877991059689,0.7680148768014877,6.082762530298219,2.5132584566949507,0.036654620547238,1866,1937,ok,0.9909023339703176,0.0,0.0,0.0
standard,P089,81,retained,0.8697478991596639,0.7695167286245354,6.028966885604374,2.490120748972279,0.034073309241094474,1871,1937,ok,0.9909023339703176,0.0,0.0,0.0
standard,P089,82,retained,0.8711882229232387,0.7717745691662785,6.0,2.461479690795941,0.036138358286009295,1867,1937,ok,0.9909023339703176,0.0,0.0,0.0
standard,P089,83,retained,0.8704092339979014,0.770552717138876,5.830951894845301,2.4830728186697804,0.03200826019617966,1875,1937,ok,0.9909023339703176,0.0,0.0,0.0
standard,P089,84,retained,0.8712715855572999,0.7719054242002782,6.0,2.478668462842041,0.038994356080041044,1873,1949,ok,0.9909023339703176,0.0,0.0,0.0
standard,P089,85,retained,0.8710855949895616,0.7716134997688395,6.0,2.478776552678092,0.03386351975371986,1883,1949,ok,0.9909023339703176,0.0,0.0,0.0
standard,P089,86,retained,0.8715404699738903,0.7723276260990283,6.0,2.473081378119304,0.034889687018984095,1881,1949,ok,0.9909023339703176,0.0,0.0,0.0
standard,P089,87,retained,0.8699973842532043,0.7699074074074074,5.898571136907177,2.4873776677141337,0.02632937532266391,1886,1937,ok,0.9909023339703176,0.0,0.0,0.0
standard,P089,88,retained,0.8723570869224746,0.7736111111111111,6.0,2.460585275828298,0.03437660338635198,1882,1949,ok,0.9909023339703176,0.0,0.0,0.0
standard,P089,89,retained,0.8725182863113897,0.7738646895273401,6.0,2.451530472748272,0.03591585428424833,1879,1949,ok,0.9909023339703176,0.0,0.0,0.0
standard,P089,90,retained,0.8710015731515469,0.7714816535067348,6.020690632574555,2.483130446009182,0.043099025141098,1865,1949,ok,0.9909023339703176,0.0,0.0,0.0
standard,P089,91,retained,0.8737506575486585,0.7758056982718355,6.082762530298219,2.4187978164995436,0.04524421593830334,1857,1945,ok,0.9909023339703176,0.0,0.0,0.0
standard,P089,92,retained,0.8735511064278187,0.775491113189897,6.082762530298219,2.409343763628402,0.04832904884318766,1851,1945,ok,0.9909023339703176,0.0,0.0,0.0
standard,P089,93,retained,0.8724409448818897,0.7737430167597765,6.082762530298219,2.4496574296030853,0.04715530497180933,1859,1951,ok,0.9909023339703176,0.0,0.0,0.0
standard,P089,94,retained,0.8733877336141089,0.775233644859813,6.082762530298219,2.413888199802319,0.0467866323907455,1854,1945,ok,0.9909023339703176,0.0,0.0,0.0
standard,P089,95,retained,0.8726315789473684,0.7740429505135388,6.082762530298219,2.4409349764931787,0.04627249357326478,1855,1945,ok,0.9909023339703176,0.0,0.0,0.0
standard,P089,96,retained,0.8726985796948974,0.7741483901073262,6.082762530298219,2.4368463472189688,0.04524421593830334,1857,1945,ok,0.9909023339703176,0.0,0.0,0.0
standard,P089,97,retained,0.8726985796948974,0.7741483901073262,6.082762530298219,2.4362064435621686,0.04524421593830334,1857,1945,ok,0.9909023339703176,0.0,0.0,0.0
standard,P095,0,retained,0.7758716104039846,0.6338155515370705,10.748137929009722,4.15988023125175,0.023516237402015677,1828,1786,ok,0.9759120060050434,0.0,0.0,0.0
standard,P095,1,retained,0.7752934600335383,0.6330442720219078,10.759411708155662,4.130984439923801,0.0033594624860022394,1792,1786,ok,0.9759120060050434,0.0,0.0,0.0
standard,P095,2,retained,0.7772249861802101,0.635623869801085,10.860076627227638,4.17677901693315,0.012235817575083427,1820,1798,ok,0.9759120060050434,0.0,0.0,0.0
standard,P095,3,retained,0.7778704475952183,0.6364877161055505,9.6915294656703,4.100287167217842,0.001669449081803005,1800,1797,ok,0.9759120060050434,0.0,0.0,0.0
standard,P095,4,retained,0.7803404722679846,0.639801891040072,9.722149114344258,4.113345445247573,0.013266998341625208,1833,1809,ok,0.9759120060050434,0.0,0.0,0.0
standard,P095,5,retained,0.7757342849300027,0.6336322869955157,9.959417602424727,4.182328772809804,0.009376723662437948,1830,1813,ok,0.9759120060050434,0.0,0.0,0.0
standard,P095,6,retained,0.7720065609622745,0.628673196794301,9.909314681077658,4.230997668352076,0.005482456140350877,1834,1824,ok,0.9759120060050434,0.0,0.0,0.0
standard,P095,7,retained,0.7597027250206441,0.6125166444740346,10.282832645789304,4.449294829326966,0.014754098360655738,1803,1830,ok,0.9759120060050434,0.0,0.0,0.0
standard,P095,8,retained,0.7482537021514389,0.5977678571428572,10.636199230791838,4.599957760790952,0.0485278080697928,1745,1834,ok,0.9759120060050434,0.0,0.0,0.0
standard,P095,9,retained,0.7301038062283737,0.5749318801089919,9.473468554344523,4.856405746899996,0.11624117327539381,1627,1841,ok,0.9759120060050434,0.0,0.0,0.0
standard,P095,10,retained,0.70074294205052,0.5393412625800549,10.0,5.345989530437305,0.1781266919328641,1518,1847,ok,0.9759120060050434,0.0,0.0,0.0
standard,P095,11,retained,0.6887816646562123,0.5252989880404784,10.770329614269007,5.539508594590817,0.2046561992420141,1469,1847,ok,0.9759120060050434,0.0,0.0,0.0
standard,P095,12,retained,0.6783873901182177,0.513302752293578,11.0,5.699788640785217,0.22347872913301023,1442,1857,ok,0.9759120060050434,0.0,0.0,0.0
standard,P095,13,retained,0.6748315982853643,0.5092421441774492,11.313708498984761,5.7526077913552625,0.24314147391070468,1407,1859,ok,0.9759120060050434,0.0,0.0,0.0
standard,P095,14,retained,0.6773997569866342,0.512172714745062,11.313708498984761,5.730371352529133,0.2386302835741038,1423,1869,ok,0.9759120060050434,0.0,0.0,0.0
standard,P095,15,retained,0.6835902085222122,0.5192837465564738,11.180339887498949,5.62247687803582,0.23331553657234383,1436,1873,ok,0.9759120060050434,0.0,0.0,0.0
standard,P095,16,retained,0.6986219292989815,0.5368324125230203,11.180339887498949,5.383620564305315,0.23105458399576045,1451,1887,ok,0.9759120060050434,0.0,0.0,0.0
standard,P095,17,retained,0.7100802854594113,0.5504840940525588,11.220350470944686,5.226580643870969,0.22345483359746435,1470,1893,ok,0.9759120060050434,0.0,0.0,0.0
standard,P095,18,retained,0.7157707157707157,0.5573543015726179,11.180339887498949,5.130883908621102,0.22509225092250923,1470,1897,ok,0.9759120060050434,0.0,0.0,0.0
standard,P095,19,retained,0.7165775401069518,0.5583333333333333,11.079105734765182,5.1505635401239624,0.2237467018469657,1471,1895,ok,0.9759120060050434,0.0,0.0,0.0
standard,P095,20,retained,0.7186761229314421,0.5608856088560885,11.011340254296815,5.101110986259173,0.21707060063224448,1486,1898,ok,0.9759120060050434,0.0,0.0,0.0
standard,P095,21,retained,0.7255075022065314,0.5692520775623269,10.770329614269007,4.985123798151073,0.21481092436974789,1495,1904,ok,0.9759120060050434,0.0,0.0,0.0
standard,P095,22,retained,0.7362103458130894,0.5825418362731796,10.198039027185569,4.7960945174367415,0.16806282722513088,1589,1910,ok,0.9759120060050434,0.0,0.0,0.0
standard,P095,23,retained,0.7193548387096774,0.5617128463476071,18.31337232414416,5.804227628032571,0.061490359562272015,1801,1919,ok,0.9759120060050434,0.0,0.0,0.0
standard,P095,24,retained,0.7080554130323242,0.5480540111199365,21.57976452563033,6.12595765346698,0.0123902942694889,1961,1937,ok,0.9759120060050434,0.0,0.0,0.0
standard,P095,25,retained,0.700074794315632,0.5385500575373993,25.49849525411036,6.570537708116998,0.07394002068252327,2077,1934,ok,0.9759120060050434,0.0,0.0,0.0
standard,P095,26,retained,0.6830235439900867,0.5186300338727888,27.567937050227428,6.992249560662168,0.08096957194430118,2096,1939,ok,0.9759120060050434,0.0,0.0,0.0
standard,P095,27,retained,0.6614805520702635,0.49418822647169103,27.800109266378367,7.37407188007599,0.04884318766066838,2040,1945,ok,0.9759120060050434,0.0,0.0,0.0
standard,P095,28,retained,0.7204724409448819,0.563076923076923,24.224589155477933,6.297019671969875,0.08517188301693177,2115,1949,ok,0.9759120060050434,0.0,0.0,0.0
standard,P095,29,retained,0.7406091370558375,0.5880693268843208,19.924858845171276,6.081463910255784,0.003050330452465684,1973,1967,ok,0.9759120060050434,0.0,0.0,0.0
standard,P095,30,retained,0.7495271548230208,0.5993949870354365,8.0,4.775245191528129,0.11653944020356234,1736,1965,ok,0.9759120060050434,0.0,0.0,0.0
standard,P095,31,retained,0.7631650013502566,0.6170305676855895,7.810249675906654,4.533095478345132,0.12601214574898786,1727,1976,ok,0.9759120060050434,0.0,0.0,0.0
standard,P095,32,retained,0.7635765222161273,0.6175687666370896,8.94427190999916,4.462510250134464,0.1659959758551308,1658,1988,ok,0.9759120060050434,0.0,0.0,0.0
standard,P095,33,retained,0.7547273225541244,0.6060739436619719,9.305319127198368,4.632886359928321,0.16909182137481185,1656,1993,ok,0.9759120060050434,0.0,0.0,0.0
standard,P095,34,retained,0.7439692982456141,0.5923177651680489,10.094324642940286,4.836411877804828,0.1805486284289277,1643,2005,ok,0.9759120060050434,0.0,0.0,0.0
standard,P095,35,retained,0.7205882352941176,0.5632183908045977,10.770329614269007,5.180213111590287,0.23376623376623376,1534,2002,ok,0.9759120060050434,0.0,0.0,0.0
standard,P095,36,retained,0.7256484149855907,0.5694255992763455,10.770329614269007,5.078991780079574,0.2658670664667666,1469,2001,ok,0.9759120060050434,0.0,0.0,0.0
standard,P095,37,retained,0.7317073170731707,0.5769230769230769,10.46878240448416,4.928895159174538,0.28912071535022354,1431,2013,ok,0.9759120060050434,0.0,0.0,0.0
standard,P095,38,retained,0.7474807350326023,0.5967818267865594,10.241955028396212,4.6100488503936905,0.28382502543234994,1408,1966,ok,0.9759120060050434,0.0,0.0,0.0
standard,P095,39,retained,0.75045759609518,0.6005859375,10.198039027185569,4.513300990214189,0.2846677132391418,1367,1911,ok,0.9759120060050434,0.0,0.0,0.0
standard,P095,40,retained,0.7848329822449593,0.645864289252105,10.0,3.9402090308565767,0.3106253177427555,1356,1967,ok,0.9759120060050434,0.0,0.0,0.0
standard,P095,41,retained,0.7801124593074874,0.6394953905870936,9.848857801796104,4.030590069106857,0.3321816386969398,1353,2026,ok,0.9759120060050434,0.0,0.0,0.0
standard,P095,42,retained,0.7811750599520384,0.6409247417609444,9.899494936611665,4.026009421102291,0.33615960099750625,1331,2005,ok,0.9759120060050434,0.0,0.0,0.0
standard,P095,43,retained,0.7866868381240545,0.6483790523690773,9.486832980505138,3.939759432909977,0.3274291497975709,1329,1976,ok,0.9759120060050434,0.0,0.0,0.0
standard,P095,44,retained,0.7921640648913376,0.6558540293968576,9.219544457292887,3.8511099782616847,0.32030848329048844,1322,1945,ok,0.9759120060050434,0.0,0.0,0.0
standard,P095,45,retained,0.7879913339523368,0.650153217568948,9.473620018393005,3.956403578926602,0.327639751552795,1299,1932,ok,0.9759120060050434,0.0,0.0,0.0
standard,P095,46,retained,0.7883948281299274,0.6507027589796981,9.848857801796104,3.9056946080564376,0.33280757097791797,1269,1902,ok,0.9759120060050434,0.0,0.0,0.0
standard,P095,47,retained,0.7768115942028986,0.6350710900473934,9.876708225944661,4.131131683992321,0.3475252794039383,1226,1879,ok,0.9759120060050434,0.0,0.0,0.0
standard,P095,48,retained,0.7773095623987034,0.6357370095440085,9.848857801796104,4.1189095530550945,0.3449570815450644,1221,1864,ok,0.9759120060050434,0.0,0.0,0.0
standard,P095,49,retained,0.7827507350539039,0.6430488459473966,9.848857801796104,3.995164269739968,0.33460282916213274,1223,1838,ok,0.9759120060050434,0.0,0.0,0.0
standard,P095,50,retained,0.7773012207192346,0.6357258499730167,9.89189936638933,4.114911048384759,0.34008762322015335,1205,1826,ok,0.9759120060050434,0.0,0.0,0.0
standard,P095,51,retained,0.7818242565987303,0.6417992320351069,9.848857801796104,3.99094271907028,0.32793296089385476,1203,1790,ok,0.9759120060050434,0.0,0.0,0.0
standard,P095,52,retained,0.7865996649916248,0.6482606294864716,9.848857801796104,3.9370109391841877,0.3173618940248027,1211,1774,ok,0.9759120060050434,0.0,0.0,0.0
standard,P095,53,retained,0.7981283422459893,0.664071190211346,9.848857801796104,3.725116498681103,0.3,1232,1760,ok,0.9759120060050434,0.0,0.0,0.0
standard,P095,54,retained,0.8006734006734006,0.6676024705221786,9.848857801796104,3.668514462993216,0.29310344827586204,1230,1740,ok,0.9759120060050434,0.0,0.0,0.0
standard,P095,55,retained,0.7931623931623931,0.6572237960339944,10.295630140987,3.807642865862871,0.30139372822299654,1203,1722,ok,0.9759120060050434,0.0,0.0,0.0
standard,P095,56,retained,0.7918536416983086,0.6554285714285715,10.44030650891055,3.836031116757268,0.3028705330990041,1190,1707,ok,0.9759120060050434,0.0,0.0,0.0
standard,P095,57,retained,0.7949790794979079,0.6597222222222222,10.770329614269007,3.7742115297072316,0.29590017825311943,1185,1683,ok,0.9759120060050434,0.0,0.0,0.0
standard,P095,58,retained,0.7860415932322876,0.6475029036004646,10.770329614269007,3.927719467470899,0.3052568697729988,1163,1674,ok,0.9759120060050434,0.0,0.0,0.0
standard,P095,59,retained,0.7975722956087111,0.6633016627078385,10.770329614269007,3.7011627203350663,0.2889431887599267,1164,1637,ok,0.9759120060050434,0.0,0.0,0.0
standard,P095,60,retained,0.7994269340974212,0.665871121718377,11.180339887498949,3.707087352131273,0.2829028290282903,1166,1626,ok,0.9759120060050434,0.0,0.0,0.0
standard,P095,61,retained,0.7890961262553802,0.6516587677725119,11.180339887498949,3.8444888093632508,0.2937576499388005,1154,1634,ok,0.9759120060050434,0.0,0.0,0.0
standard,P095,62,retained,0.7843421529539688,0.6451997614788313,11.180339887498949,3.910713020907888,0.28952262864228145,1146,1613,ok,0.9759120060050434,0.0,0.0,0.0
standard,P095,63,retained,0.7740278796771827,0.6313584679832436,11.180339887498949,4.077975578341699,0.2994385527136619,1123,1603,ok,0.9759120060050434,0.0,0.0,0.0
standard,P095,64,retained,0.7651792245793709,0.6196682464454977,11.180339887498949,4.259363447594057,0.29657320872274145,1129,1605,ok,0.9759120060050434,0.0,0.0,0.0
standard,P095,65,retained,0.7682167704137679,0.6236623067776457,10.770329614269007,4.190520057153009,0.28238993710691823,1141,1590,ok,0.9759120060050434,0.0,0.0,0.0
standard,P095,66,retained,0.7609649122807017,0.6141592920353982,10.770329614269007,4.307295613917469,0.2792452830188679,1146,1590,ok,0.9759120060050434,0.0,0.0,0.0
standard,P095,67,retained,0.748804707613093,0.5984714873603763,10.770329614269007,4.456804918838464,0.27365079365079364,1144,1575,ok,0.9759120060050434,0.0,0.0,0.0
standard,P095,68,retained,0.7408502772643253,0.5883734586024663,10.516242230440186,4.60882900289531,0.26824583866837387,1143,1562,ok,0.9759120060050434,0.0,0.0,0.0
standard,P095,69,retained,0.735195530726257,0.5812720848056537,10.693228523425109,4.685469541125088,0.2632600258732212,1139,1546,ok,0.9759120060050434,0.0,0.0,0.0
standard,P095,70,retained,0.7250463821892393,0.5686845168800931,10.770329614269007,4.81286607640603,0.2679948586118252,1139,1556,ok,0.9759120060050434,0.0,0.0,0.0
standard,P095,71,retained,0.7221597300337458,0.5651408450704225,10.63014581273465,4.8857677182516195,0.2591383812010444,1135,1532,ok,0.9759120060050434,0.0,0.0,0.0
standard,P095,72,retained,0.7092411720510894,0.5494761350407451,10.853323061113572,5.070756687159709,0.25785340314136124,1134,1528,ok,0.9759120060050434,0.0,0.0,0.0
standard,P095,73,retained,0.7026415094339623,0.5415939499709134,10.816653826391969,5.147798352733143,0.24966974900924702,1136,1514,ok,0.9759120060050434,0.0,0.0,0.0
standard,P095,74,retained,0.6955212645841174,0.5331794575879977,10.770329614269007,5.26236722410069,0.2345514950166113,1152,1505,ok,0.9759120060050434,0.0,0.0,0.0
standard,P095,75,retained,0.6876640419947506,0.524,10.770329614269007,5.392338412637558,0.23494374586366645,1156,1511,ok,0.9759120060050434,0.0,0.0,0.0
standard,P095,76,retained,0.6704416761041903,0.504258943781942,10.844155752433169,5.680136786466946,0.2375249500998004,1146,1503,ok,0.9759120060050434,0.0,0.0,0.0
standard,P095,77,retained,0.6575028636884307,0.48976109215017066,10.770329614269007,5.890946977960581,0.24463806970509383,1127,1492,ok,0.9759120060050434,0.0,0.0,0.0
standard,P095,78,retained,0.649500384319754,0.4809334092202618,10.770329614269007,5.998932350644703,0.24426450742240216,1120,1482,ok,0.9759120060050434,0.0,0.0,0.0
standard,P095,79,retained,0.6554621848739496,0.4875,10.44030650891055,5.871040070301851,0.22748815165876776,1141,1477,ok,0.9759120060050434,0.0,0.0,0.0
standard,P095,80,retained,0.6684370257966616,0.501994301994302,10.178235124467008,5.671560944788755,0.21891891891891893,1156,1480,ok,0.9759120060050434,0.0,0.0,0.0
standard,P095,81,retained,0.6915460776846916,0.5285215366705471,9.848857801796104,5.235844690309476,0.21845318860244234,1152,1474,ok,0.9759120060050434,0.0,0.0,0.0
standard,P095,82,retained,0.7158615443134272,0.5574644549763034,9.391093797103862,4.8211942791960904,0.21641791044776118,1155,1474,ok,0.9759120060050434,0.0,0.0,0.0
standard,P095,83,retained,0.7427258805513017,0.5907429963459196,9.047077367416803,4.327431535462046,0.22433718558803534,1141,1471,ok,0.9759120060050434,0.0,0.0,0.0
standard,P095,84,retained,0.7666151468315301,0.6215538847117794,8.54400374531753,3.9378982419631807,0.23224043715846995,1124,1464,ok,0.9759120060050434,0.0,0.0,0.0
standard,P095,85,retained,0.7796992481203008,0.6389402341343191,8.246211251235321,3.59831023163794,0.1830601092896175,1196,1464,ok,0.9759120060050434,0.0,0.0,0.0
standard,P095,86,retained,0.8442321822189567,0.7304513668150032,6.324555320336759,2.6169203890006827,0.1394395078605605,1259,1463,ok,0.9759120060050434,0.0,0.0,0.0
standard,P095,87,retained,0.892882818116463,0.8064935064935065,5.425918223488179,1.7666298881561076,0.09059711736444749,1325,1457,ok,0.9759120060050434,0.0,0.0,0.0
standard,P095,88,retained,0.8906629642485249,0.8028785982478097,5.0990195135927845,1.8241147450497859,0.045454545454545456,1407,1474,ok,0.9759120060050434,0.0,0.0,0.0
standard,P095,89,retained,0.8707767328456983,0.7711289327575571,6.155300367309771,2.154119375210216,0.04160982264665757,1405,1466,ok,0.9759120060050434,0.0,0.0,0.0
standard,P095,90,retained,0.848698099929627,0.7371638141809291,7.0710678118654755,2.5119281927395574,0.061391541609822645,1376,1466,ok,0.9759120060050434,0.0,0.0,0.0
standard,P095,91,retained,0.826628693485226,0.7044902912621359,7.615773105863909,2.900130144271386,0.08390177353342429,1343,1466,ok,0.9759120060050434,0.0,0.0,0.0
standard,P095,92,retained,0.814327485380117,0.686806411837238,7.197099077021725,3.0367406657368075,0.13369713506139155,1270,1466,ok,0.9759120060050434,0.0,0.0,0.0
standard,P095,93,retained,0.8059479553903346,0.6749688667496887,7.582206784205562,3.140258471252891,0.165075034106412,1224,1466,ok,0.9759120060050434,0.0,0.0,0.0
standard,P095,94,retained,0.7939622641509434,0.6583229036295369,7.280109889280518,3.288890159218118,0.19236016371077763,1184,1466,ok,0.9759120060050434,0.0,0.0,0.0
standard,P095,95,retained,0.789272030651341,0.6518987341772152,7.211102550927978,3.332451511940429,0.21964529331514324,1144,1466,ok,0.9759120060050434,0.0,0.0,0.0
standard,P095,96,retained,0.7912844036697247,0.6546489563567363,7.0710678118654755,3.287204724170083,0.2155525238744884,1150,1466,ok,0.9759120060050434,0.0,0.0,0.0
standard,P095,97,retained,0.7942402425161046,0.6587052168447517,7.2041008139748515,3.24888888168146,0.19986357435197818,1173,1466,ok,0.9759120060050434,0.0,0.0,0.0
standard,P095,98,retained,0.7977570093457944,0.6635572139303483,7.0710678118654755,3.2260303201365264,0.1753069577080491,1209,1466,ok,0.9759120060050434,0.0,0.0,0.0
standard,P095,99,retained,0.7891811782141533,0.6517747858017136,7.531857301718061,3.395735402167349,0.15893587994542974,1233,1466,ok,0.9759120060050434,0.0,0.0,0.0
standard,P097,0,retained,0.7353156227150865,0.5814222393524764,16.80693986278519,8.080792821055228,0.3792218052538021,3143,5063,ok,0.9906270325485009,0.0,0.0,0.0
standard,P097,1,retained,0.7476979742173112,0.5970588235294118,16.1245154965971,7.647099561025213,0.36936936936936937,3150,4995,ok,0.9906270325485009,0.0,0.0,0.0
standard,P097,2,retained,0.759106062476849,0.6117412935323383,15.12735041645029,7.228930809317953,0.36152134331377705,3156,4943,ok,0.9906270325485009,0.0,0.0,0.0
standard,P097,3,retained,0.7680835197613721,0.6234866828087167,14.511914641714256,6.8957806518593845,0.35224247388900265,3163,4883,ok,0.9906270325485009,0.0,0.0,0.0
standard,P097,4,retained,0.7792956510840957,0.6383983572895278,14.212670403551895,6.5033128090437415,0.3418536990856193,3167,4812,ok,0.9906270325485009,0.0,0.0,0.0
standard,P097,5,retained,0.785831752055661,0.6472181704521776,13.416407864998739,6.263511542323495,0.331222292590247,3168,4737,ok,0.9906270325485009,0.0,0.0,0.0
standard,P097,6,retained,0.7923037716615698,0.6560455792361257,12.806248474865697,6.003818884528913,0.3237932507475438,3166,4682,ok,0.9906270325485009,0.0,0.0,0.0
standard,P097,7,retained,0.8013329915406306,0.6685201026518391,11.704699910719626,5.695794258460116,0.31162086128543603,3181,4621,ok,0.9906270325485009,0.0,0.0,0.0
standard,P097,8,retained,0.8096653314381703,0.6801997394702561,11.180339887498949,5.384126001103912,0.30173359666447225,3182,4557,ok,0.9906270325485009,0.0,0.0,0.0
standard,P097,9,retained,0.814053350683149,0.6864165020847048,10.295630140987,5.210407564616587,0.29449622725255215,3179,4506,ok,0.9906270325485009,0.0,0.0,0.0
standard,P097,10,retained,0.8229903115998952,0.6992213570634038,9.848857801796104,4.920678968034324,0.28359550561797753,3188,4450,ok,0.9906270325485009,0.0,0.0,0.0
standard,P097,11,retained,0.828888302086084,0.7077790304396844,9.219544457292887,4.706029787813597,0.2747152619589977,3184,4390,ok,0.9906270325485009,0.0,0.0,0.0
standard,P097,12,retained,0.8360197149327294,0.7182421606775006,8.94427190999916,4.443567649720156,0.2638760407030527,3183,4324,ok,0.9906270325485009,0.0,0.0,0.0
standard,P097,13,retained,0.8418511066398391,0.7268936761640028,8.94427190999916,4.24599604252411,0.25491573033707865,3183,4272,ok,0.9906270325485009,0.0,0.0,0.0
standard,P097,14,retained,0.8469442942130881,0.7345215759849906,9.0882170019685,4.078779480985386,0.24406457739791074,3184,4212,ok,0.9906270325485009,0.0,0.0,0.0
standard,P097,15,retained,0.8526645768025078,0.7431693989071039,9.447194094168736,3.8938578128206043,0.23375060182956187,3183,4154,ok,0.9906270325485009,0.0,0.0,0.0
standard,P097,16,retained,0.8579646623750171,0.7512592947949148,9.848857801796104,3.7302560906314413,0.2240330819751885,3190,4111,ok,0.9906270325485009,0.0,0.0,0.0
standard,P097,17,retained,0.8616830178250656,0.7569798494780287,9.486832980505138,3.6201553873756613,0.21131982204646566,3191,4046,ok,0.9906270325485009,0.0,0.0,0.0
standard,P097,18,retained,0.8626579641716429,0.7584859584859585,9.486832980505138,3.5973269153460747,0.20423940149625935,3191,4010,ok,0.9906270325485009,0.0,0.0,0.0
standard,P097,19,retained,0.8655133928571429,0.7629119527791441,9.848857801796104,3.5083250738506626,0.18944177822682495,3209,3959,ok,0.9906270325485009,0.0,0.0,0.0
standard,P097,20,retained,0.8736783528102393,0.775691699604743,9.219544457292887,3.2850623179499796,0.15313463514902365,3296,3892,ok,0.9906270325485009,0.0,0.0,0.0
standard,P097,21,retained,0.8741666666666666,0.7764618800888231,8.54400374531753,3.2789183091475524,0.12304483837330553,3364,3836,ok,0.9906270325485009,0.0,0.0,0.0
standard,P097,22,retained,0.8752420470262794,0.778160354156419,8.0,3.268890883162884,0.0978689818468824,3429,3801,ok,0.9906270325485009,0.0,0.0,0.0
standard,P097,23,retained,0.8811401688114017,0.7875340093989611,7.211102550927978,3.1216241085590286,0.06919583222014426,3484,3743,ok,0.9906270325485009,0.0,0.0,0.0
standard,P097,24,retained,0.8770231013971503,0.780980537078098,7.211102550927978,3.2068885250286803,0.051482479784366576,3519,3710,ok,0.9906270325485009,0.0,0.0,0.0
standard,P097,25,retained,0.8726519337016575,0.7740749816221514,8.06225774829855,3.349420409915175,0.029931972789115645,3565,3675,ok,0.9906270325485009,0.0,0.0,0.0
standard,P097,26,retained,0.8695772695772696,0.7692496321726336,9.219544457292887,3.4159601635230366,0.0024916943521594683,3603,3612,ok,0.9906270325485009,0.0,0.0,0.0
standard,P097,27,retained,0.8749154834347532,0.7776442307692307,8.54400374531753,3.3674115835009926,0.01742627345844504,3665,3730,ok,0.9906270325485009,0.0,0.0,0.0
standard,P097,28,retained,0.8743678466861858,0.7767793804681958,8.48528137423857,3.4497350399949704,0.043229166666666666,3674,3840,ok,0.9906270325485009,0.0,0.0,0.0
standard,P097,29,retained,0.8738017071569271,0.7758861940298507,8.54400374531753,3.5060488284374234,0.07750568038374148,3654,3961,ok,0.9906270325485009,0.0,0.0,0.0
standard,P097,30,retained,0.8693629667915751,0.7689142857142857,9.47890520323786,3.666973804636146,0.11151781356759395,3641,4098,ok,0.9906270325485009,0.0,0.0,0.0
standard,P097,31,retained,0.8663347376484106,0.7641891891891892,10.295630140987,3.7824451359792106,0.1363311920057102,3630,4203,ok,0.9906270325485009,0.0,0.0,0.0
standard,P097,32,retained,0.8679626356980561,0.7667261373773416,10.770329614269007,3.780122488989331,0.16492934908501275,3605,4317,ok,0.9906270325485009,0.0,0.0,0.0
standard,P097,33,retained,0.8668967217155533,0.7650641722862737,11.40175425099138,3.8698268204934587,0.178675645342312,3659,4455,ok,0.9906270325485009,0.0,0.0,0.0
standard,P097,34,retained,0.8623179537388325,0.757960413080895,12.041594578792296,4.027631090993543,0.20417582417582417,3621,4550,ok,0.9906270325485009,0.0,0.0,0.0
standard,P097,35,retained,0.8638104356151268,0.7602696439856752,12.194246449192521,4.055943436829092,0.2171965009601024,3669,4687,ok,0.9906270325485009,0.0,0.0,0.0
standard,P097,36,retained,0.8677538388287108,0.7664003364171573,12.46528239206006,3.965730833632361,0.2045308826672366,3722,4679,ok,0.9906270325485009,0.0,0.0,0.0
standard,P097,37,retained,0.8687514806917792,0.7679581151832461,12.529964086141668,3.960278183496136,0.1891891891891892,3780,4662,ok,0.9906270325485009,0.0,0.0,0.0
standard,P097,38,retained,0.8632701421800948,0.759432978945174,12.806248474865697,4.130102086579008,0.1826012058570198,3796,4644,ok,0.9906270325485009,0.0,0.0,0.0
standard,P097,39,retained,0.8600189483657035,0.7544151257012258,12.529964086141668,4.247291023366531,0.1746649373108517,3818,4626,ok,0.9906270325485009,0.0,0.0,0.0
standard,P097,40,retained,0.8564291661710479,0.7489078427293531,12.529964086141668,4.334782303971161,0.1755642361111111,3799,4608,ok,0.9906270325485009,0.0,0.0,0.0
standard,P097,41,retained,0.8520639465521356,0.7422573269590522,12.529964086141668,4.464881310406824,0.17663693713291276,3785,4597,ok,0.9906270325485009,0.0,0.0,0.0
standard,P097,42,retained,0.8521067246166848,0.7423222549432057,12.087169927944663,4.452329209729703,0.17394179894179895,3747,4536,ok,0.9906270325485009,0.0,0.0,0.0
standard,P097,43,retained,0.8527131782945736,0.7432432432432432,12.083045973594572,4.430948036072364,0.16940133037694013,3746,4510,ok,0.9906270325485009,0.0,0.0,0.0
standard,P097,44,retained,0.8527413876758855,0.7432861069993656,12.09541783664485,4.439372209842879,0.16596218020022246,3749,4495,ok,0.9906270325485009,0.0,0.0,0.0
standard,P097,45,retained,0.850675428988682,0.7401524777636594,12.23096980490159,4.49564547104986,0.16256708407871198,3745,4472,ok,0.9906270325485009,0.0,0.0,0.0
standard,P097,46,retained,0.8449224000977636,0.7314853999153619,12.668813495844603,4.6613570529028765,0.16401166704061027,3726,4457,ok,0.9906270325485009,0.0,0.0,0.0
standard,P097,47,retained,0.839936219796394,0.7240431380841615,13.0,4.812154896684868,0.163325073214688,3714,4439,ok,0.9906270325485009,0.0,0.0,0.0
standard,P097,48,retained,0.838123311225743,0.721353065539112,13.0,4.859300731131411,0.1587516960651289,3720,4422,ok,0.9906270325485009,0.0,0.0,0.0
standard,P097,49,retained,0.8384086444007859,0.7217758985200846,12.747503664734815,4.845844169105256,0.1495114746648489,3743,4401,ok,0.9906270325485009,0.0,0.0,0.0
standard,P097,50,retained,0.8362565926652766,0.7185919055649241,12.409478679175152,4.89275444623615,0.13730865889878913,3776,4377,ok,0.9906270325485009,0.0,0.0,0.0
standard,P097,51,retained,0.837470955118014,0.7203871239217337,12.179885754894482,4.867352784988663,0.12668957617411225,3812,4365,ok,0.9906270325485009,0.0,0.0,0.0
standard,P097,52,retained,0.8388746803069054,0.7224669603524229,12.041594578792296,4.834664917617253,0.11154553817847286,3863,4348,ok,0.9906270325485009,0.0,0.0,0.0
standard,P097,53,retained,0.8405444822557122,0.7249475890985325,11.661903789690601,4.766283639596264,0.10108469882298639,3895,4333,ok,0.9906270325485009,0.0,0.0,0.0
standard,P097,54,retained,0.8435556639434215,0.729439055250949,11.661903789690601,4.676313137343883,0.09853929979132854,3888,4313,ok,0.9906270325485009,0.0,0.0,0.0
standard,P097,55,retained,0.8519563350913774,0.7420940170940171,11.40175425099138,4.416405493415927,0.10218808193668528,3857,4296,ok,0.9906270325485009,0.0,0.0,0.0
standard,P097,56,retained,0.869413668616955,0.7689936137414667,10.816653826391969,3.832574382922149,0.12532088681446907,3748,4285,ok,0.9906270325485009,0.0,0.0,0.0
standard,P097,57,retained,0.8836146719126793,0.7914961346066394,10.592177951969822,3.3729083895709207,0.15090354376906828,3618,4261,ok,0.9906270325485009,0.0,0.0,0.0
standard,P097,58,retained,0.9026031746031746,0.8224947928720203,9.219544457292887,2.798833145799482,0.14574994113491876,3628,4247,ok,0.9906270325485009,0.0,0.0,0.0
standard,P097,59,retained,0.9061266080754045,0.828365160689334,7.280109889280518,2.6477890793427314,0.14484877126654064,3619,4232,ok,0.9906270325485009,0.0,0.0,0.0
standard,P097,60,retained,0.8991553621704633,0.816786793768891,6.082762530298219,2.81553685178083,0.14261944378416924,3607,4207,ok,0.9906270325485009,0.0,0.0,0.0
standard,P097,61,retained,0.891307130969146,0.8039260969976906,6.082762530298219,3.0392577240994747,0.1433325410030901,3604,4207,ok,0.9906270325485009,0.0,0.0,0.0
standard,P097,62,retained,0.8842159251186049,0.792461503102735,7.0,3.2529985281477303,0.14618492987877346,3592,4207,ok,0.9906270325485009,0.0,0.0,0.0
standard,P097,63,retained,0.8805590851334181,0.7866061293984109,7.644944591370316,3.3670146056063874,0.14561734213006597,3626,4244,ok,0.9906270325485009,0.0,0.0,0.0
standard,P097,64,retained,0.8767748478701826,0.7805869074492099,8.0,3.518785574645837,0.1435631913391386,3639,4249,ok,0.9906270325485009,0.0,0.0,0.0
standard,P097,65,retained,0.8701825557809331,0.770197486535009,8.0,3.7091616337043725,0.14093801555503183,3645,4243,ok,0.9906270325485009,0.0,0.0,0.0
standard,P097,66,retained,0.8662339315260278,0.7640323304894477,8.06225774829855,3.8256140623264985,0.13991477272727273,3633,4224,ok,0.9906270325485009,0.0,0.0,0.0
standard,P097,67,retained,0.8629685916919959,0.7589663622187569,8.06225774829855,3.9272036337308913,0.13949104618284638,3652,4244,ok,0.9906270325485009,0.0,0.0,0.0
standard,P097,68,retained,0.856525606811539,0.7490553456323628,8.602325267042627,4.13138561883719,0.14803483172511178,3620,4249,ok,0.9906270325485009,0.0,0.0,0.0
standard,P097,69,retained,0.8549987280590181,0.7467229504554543,8.94427190999916,4.168652232644851,0.15011764705882352,3612,4250,ok,0.9906270325485009,0.0,0.0,0.0
standard,P097,70,retained,0.8543071637612928,0.7456685917370057,8.94427190999916,4.188155146245421,0.15082352941176472,3609,4250,ok,0.9906270325485009,0.0,0.0,0.0
standard,P097,71,retained,0.8548182049326214,0.7464476021314387,8.282071769685803,4.181623742676034,0.14874088020710755,3617,4249,ok,0.9906270325485009,0.0,0.0,0.0
standard,P097,72,retained,0.8549249172817511,0.7466103578573017,8.246211251235321,4.172126161795001,0.15062367615909625,3609,4249,ok,0.9906270325485009,0.0,0.0,0.0
standard,P108,0,excluded,0.7723225642330196,0.629092416079569,12.806248474865697,3.9078927182956638,0.39549055453991466,2290,1641,ok,0.9892065662715254,0.0,0.0,0.0
standard,P108,1,excluded,0.7777494258739475,0.6363256784968685,12.649110640673518,3.800993380020515,0.39401343921808185,2282,1637,ok,0.9892065662715254,0.0,0.0,0.0
standard,P108,2,excluded,0.7784858526637777,0.6373121869782972,12.806248474865697,3.803202896566397,0.39938837920489295,2288,1635,ok,0.9892065662715254,0.0,0.0,0.0
standard,P108,3,excluded,0.7796696315120711,0.6389004581424407,13.028803607803974,3.7820103239566927,0.3979280926264473,2294,1641,ok,0.9892065662715254,0.0,0.0,0.0
standard,P108,4,excluded,0.7823424342944628,0.6424979044425817,13.265849250696075,3.7119630356656765,0.3984088127294982,2285,1634,ok,0.9892065662715254,0.0,0.0,0.0
standard,P108,5,excluded,0.7808744566607005,0.6405201342281879,13.028803607803974,3.7294572338777714,0.3993865030674847,2281,1630,ok,0.9892065662715254,0.0,0.0,0.0
standard,P108,6,excluded,0.7830551989730423,0.6434599156118144,12.727922061357855,3.6216188090132277,0.4028377544725478,2274,1621,ok,0.9892065662715254,0.0,0.0,0.0
standard,P108,7,excluded,0.789216944801027,0.6518235793044953,12.481769923355051,3.537835699358111,0.3851806491120637,2262,1633,ok,0.9892065662715254,0.0,0.0,0.0
standard,P108,8,excluded,0.7876267221211334,0.6496569468267581,12.727922061357855,3.541139371756426,0.39241293532338306,2239,1608,ok,0.9892065662715254,0.0,0.0,0.0
standard,P108,9,excluded,0.7919045147898287,0.6554982817869416,12.727922061357855,3.4631357018365208,0.383426097711812,2237,1617,ok,0.9892065662715254,0.0,0.0,0.0
standard,P108,10,excluded,0.7890625,0.6516129032258065,12.8023321541903,3.5363957007767755,0.3925233644859813,2235,1605,ok,0.9892065662715254,0.0,0.0,0.0
standard,P108,11,excluded,0.7891581965076883,0.6517434352130865,12.529964086141668,3.5280953145523846,0.39214463840399,2233,1604,ok,0.9892065662715254,0.0,0.0,0.0
standard,P108,12,excluded,0.7882261005470175,0.6504729148753224,12.505867004748369,3.550979685290317,0.3933915211970075,2235,1604,ok,0.9892065662715254,0.0,0.0,0.0
standard,P108,13,excluded,0.7905035220453952,0.6535806729939603,12.043667148532407,3.4928524065935207,0.395625,2233,1600,ok,0.9892065662715254,0.0,0.0,0.0
standard,P108,14,excluded,0.7900393184796854,0.652946273830156,12.041594578792296,3.494847206230329,0.39937106918238996,2225,1590,ok,0.9892065662715254,0.0,0.0,0.0
standard,P108,15,excluded,0.7918968692449355,0.6554878048780488,12.047812288012636,3.4821136199337377,0.3950850661625709,2214,1587,ok,0.9892065662715254,0.0,0.0,0.0
standard,P108,16,excluded,0.7876549723028224,0.6496953872932986,12.103665745345038,3.5667235980951464,0.41311266709102484,2220,1571,ok,0.9892065662715254,0.0,0.0,0.0
standard,P108,17,excluded,0.785227867993714,0.6463993100474342,12.727922061357855,3.606354581504733,0.41035353535353536,2234,1584,ok,0.9892065662715254,0.0,0.0,0.0
standard,P108,18,excluded,0.7781837160751566,0.6369073045706963,13.429433528724978,3.726838067012465,0.42378241619228335,2251,1581,ok,0.9892065662715254,0.0,0.0,0.0
standard,P108,19,excluded,0.7746478873239436,0.632183908045977,14.7648230602334,3.832047024233848,0.43119847812301837,2257,1577,ok,0.9892065662715254,0.0,0.0,0.0
standard,P108,20,excluded,0.769835035349568,0.6257982120051085,15.556349186104045,3.9230104240565424,0.43093570973901973,2248,1571,ok,0.9892065662715254,0.0,0.0,0.0
standard,P108,21,excluded,0.764317761942465,0.6185390858607432,15.607669318671453,3.970330359836475,0.42418426103646834,2226,1563,ok,0.9892065662715254,0.0,0.0,0.0
standard,P108,22,excluded,0.7601786183346467,0.613135593220339,16.074709297958254,4.074576702492683,0.42329726288987907,2236,1571,ok,0.9892065662715254,0.0,0.0,0.0
standard,P108,23,excluded,0.7524132533263762,0.6030949393559181,16.093386622447824,4.20148473398054,0.4122089364380113,2244,1589,ok,0.9892065662715254,0.0,0.0,0.0
standard,P108,24,excluded,0.7424679067330364,0.5904166666666667,16.401219466856727,4.351834246105294,0.4358647096362476,2250,1567,ok,0.9892065662715254,0.0,0.0,0.0
standard,P108,25,excluded,0.7368146214099217,0.583298883836296,16.598131167170045,4.460743124116022,0.43638676844783714,2258,1572,ok,0.9892065662715254,0.0,0.0,0.0
standard,P108,26,excluded,0.7287513116474291,0.5732562938505984,16.97056274847714,4.594790590956303,0.44202434336963486,2251,1561,ok,0.9892065662715254,0.0,0.0,0.0
standard,P108,27,excluded,0.7236945683547625,0.5670230263157895,16.278820596099706,4.662536200281789,0.4320357370772176,2244,1567,ok,0.9892065662715254,0.0,0.0,0.0
standard,P108,28,excluded,0.714323258869908,0.5556009811937858,16.278820596099706,4.825243798045679,0.45325596389426176,2254,1551,ok,0.9892065662715254,0.0,0.0,0.0
standard,P108,29,excluded,0.7164257555847569,0.5581490581490581,15.896263565463041,4.769478356873928,0.45325596389426176,2254,1551,ok,0.9892065662715254,0.0,0.0,0.0
standard,P108,30,excluded,0.7196630692287445,0.5620888157894737,15.264337522473747,4.693121050447565,0.46848602988953864,2260,1539,ok,0.9892065662715254,0.0,0.0,0.0
standard,P108,31,excluded,0.7203567681007346,0.5629356293562936,14.866068747318506,4.689171904488784,0.46571798188874514,2266,1546,ok,0.9892065662715254,0.0,0.0,0.0
standard,P108,32,excluded,0.7151162790697675,0.5565610859728507,13.971137746493483,4.713143279563364,0.4635416666666667,2248,1536,ok,0.9892065662715254,0.0,0.0,0.0
standard,P108,33,excluded,0.7185501066098081,0.5607321131447587,13.416407864998739,4.558490195099528,0.4490861618798956,2220,1532,ok,0.9892065662715254,0.0,0.0,0.0
standard,P108,34,excluded,0.7222073399410661,0.5651991614255765,12.727922061357855,4.480647858668108,0.42560103963612733,2194,1539,ok,0.9892065662715254,0.0,0.0,0.0
standard,P108,35,excluded,0.7344086021505376,0.5802888700084962,12.206555615733702,4.269220054634162,0.4281984334203655,2188,1532,ok,0.9892065662715254,0.0,0.0,0.0
standard,P108,36,excluded,0.7519568151147098,0.6025086505190311,11.384145100590052,3.9752520580622206,0.42950819672131146,2180,1525,ok,0.9892065662715254,0.0,0.0,0.0
standard,P108,37,excluded,0.7614903453902638,0.6148440931049627,11.40175425099138,3.8153082778240215,0.4254617414248021,2161,1516,ok,0.9892065662715254,0.0,0.0,0.0
standard,P108,38,excluded,0.7637665198237885,0.6178173719376392,11.661903789690601,3.7394861413650387,0.41008626410086263,2125,1507,ok,0.9892065662715254,0.0,0.0,0.0
standard,P108,39,excluded,0.7657111356119074,0.6203662349263064,11.661903789690601,3.6745642160636254,0.38527284681130836,2107,1521,ok,0.9892065662715254,0.0,0.0,0.0
standard,P108,40,excluded,0.7678621073116486,0.6231949458483754,11.40175425099138,3.598789843126471,0.3932135728542914,2094,1503,ok,0.9892065662715254,0.0,0.0,0.0
standard,P108,41,excluded,0.7796800449059781,0.6389144434222631,11.313708498984761,3.4272987371939405,0.36273209549071617,2055,1508,ok,0.9892065662715254,0.0,0.0,0.0
standard,P108,42,excluded,0.7820186598812553,0.6420612813370473,12.02287701833576,3.3823862877538193,0.3643048128342246,2041,1496,ok,0.9892065662715254,0.0,0.0,0.0
standard,P108,43,excluded,0.7856532877882152,0.6469760900140648,11.685441656256563,3.286064701405158,0.35455764075067026,2021,1492,ok,0.9892065662715254,0.0,0.0,0.0
standard,P108,44,excluded,0.7862226017648734,0.6477485928705441,11.911409973215884,3.3204027982627022,0.35771812080536913,2023,1490,ok,0.9892065662715254,0.0,0.0,0.0
standard,P108,45,excluded,0.7840682788051209,0.6448291998128217,12.041594578792296,3.312207382673323,0.375,2035,1480,ok,0.9892065662715254,0.0,0.0,0.0
standard,P108,46,excluded,0.7841359773371105,0.6449207828518173,12.041594578792296,3.3291020573090284,0.3867478025693036,2051,1479,ok,0.9892065662715254,0.0,0.0,0.0
standard,P108,47,excluded,0.7817059483726151,0.6416397973284201,12.165525060596439,3.428733967404611,0.39355271994627267,2075,1489,ok,0.9892065662715254,0.0,0.0,0.0
standard,P108,48,excluded,0.781858653311074,0.6418455915943353,12.041594578792296,3.454197932144907,0.40240641711229946,2098,1496,ok,0.9892065662715254,0.0,0.0,0.0
standard,P108,49,excluded,0.7837687604224569,0.6444241316270567,12.041594578792296,3.4853304154647238,0.40186915887850466,2100,1498,ok,0.9892065662715254,0.0,0.0,0.0
standard,P108,50,excluded,0.7897521581732108,0.6525540727105384,11.661903789690601,3.42314666246,0.39559706470980655,2092,1499,ok,0.9892065662715254,0.0,0.0,0.0
standard,P108,51,excluded,0.785140005544774,0.6462802373345504,11.661903789690601,3.5394574043889806,0.4046666666666667,2107,1500,ok,0.9892065662715254,0.0,0.0,0.0
standard,P108,52,excluded,0.7804211101996171,0.6399103139013453,11.570851451145868,3.6646664958530577,0.39019607843137255,2127,1530,ok,0.9892065662715254,0.0,0.0,0.0
standard,P108,53,excluded,0.7773832286260585,0.6358355674709563,11.704699910719626,3.742733967386883,0.4165016501650165,2146,1515,ok,0.9892065662715254,0.0,0.0,0.0
standard,P108,54,excluded,0.7755212564310858,0.6333480760725343,11.704699910719626,3.7699918641986043,0.404296875,2157,1536,ok,0.9892065662715254,0.0,0.0,0.0
standard,P108,55,excluded,0.7728740581270183,0.6298245614035087,12.02287701833576,3.8570581575183334,0.4005167958656331,2168,1548,ok,0.9892065662715254,0.0,0.0,0.0
standard,P108,56,excluded,0.7717886832931081,0.6283842794759825,12.041594578792296,3.8990400745783957,0.40425531914893614,2178,1551,ok,0.9892065662715254,0.0,0.0,0.0
standard,P108,57,excluded,0.7684069611780455,0.6239130434782608,12.206555615733702,3.965643040696928,0.4127906976744186,2187,1548,ok,0.9892065662715254,0.0,0.0,0.0
standard,P108,58,excluded,0.7655959649588532,0.6202150537634409,12.529964086141668,4.06868094857595,0.41474358974358977,2207,1560,ok,0.9892065662715254,0.0,0.0,0.0
standard,P108,59,excluded,0.7689064558629776,0.6245719178082192,12.712159777220984,4.058076658658983,0.41412213740458015,2223,1572,ok,0.9892065662715254,0.0,0.0,0.0
standard,P108,60,excluded,0.770405476566614,0.6265524625267666,12.529964086141668,4.003175886004337,0.4068441064638783,2220,1578,ok,0.9892065662715254,0.0,0.0,0.0
standard,P108,61,excluded,0.7732067510548524,0.6302665520206363,12.613366674313962,3.965025803432412,0.40304182509505704,2214,1578,ok,0.9892065662715254,0.0,0.0,0.0
standard,P108,62,excluded,0.7712555935772571,0.6276778063410454,12.806248474865697,4.022466129484355,0.40290955091714103,2218,1581,ok,0.9892065662715254,0.0,0.0,0.0
standard,P108,63,excluded,0.7768161552583268,0.6350771869639794,12.529964086141668,3.9670311005342405,0.386107634543179,2215,1598,ok,0.9892065662715254,0.0,0.0,0.0
standard,P108,64,excluded,0.7720664589823468,0.6287526427061311,12.782750550813343,4.020391600768977,0.3821892393320965,2235,1617,ok,0.9892065662715254,0.0,0.0,0.0
standard,P108,65,excluded,0.7713097713097713,0.6277495769881557,12.786666871488737,4.049191314609154,0.3811881188118812,2232,1616,ok,0.9892065662715254,0.0,0.0,0.0
standard,P108,66,excluded,0.7660681759042415,0.6208350906790384,13.416407864998739,4.120327041004316,0.37222222222222223,2223,1620,ok,0.9892065662715254,0.0,0.0,0.0
standard,P108,67,excluded,0.7649961049078161,0.6194280908326325,13.416407864998739,4.142126116801418,0.36402701043585023,2222,1629,ok,0.9892065662715254,0.0,0.0,0.0
standard,P108,68,excluded,0.764797507788162,0.6191677175283733,13.416407864998739,4.164555949803872,0.37046153846153845,2227,1625,ok,0.9892065662715254,0.0,0.0,0.0
standard,P108,69,excluded,0.7658688865764828,0.6205733558178752,13.416407864998739,4.149829010278454,0.36991368680641185,2222,1622,ok,0.9892065662715254,0.0,0.0,0.0
standard,P108,70,excluded,0.7675142708873898,0.6227368421052631,13.0,4.118638700640862,0.36441717791411044,2224,1630,ok,0.9892065662715254,0.0,0.0,0.0
standard,P108,71,excluded,0.7675450039133838,0.6227773073666384,13.034564329364768,4.150847439198064,0.3602216748768473,2209,1624,ok,0.9892065662715254,0.0,0.0,0.0
standard,P108,72,excluded,0.7674297606659729,0.6226255804136767,13.0,4.127882698109149,0.34676434676434675,2206,1638,ok,0.9892065662715254,0.0,0.0,0.0
standard,P108,73,excluded,0.7682672233820459,0.6237288135593221,13.0,4.14390662574179,0.3437308868501529,2197,1635,ok,0.9892065662715254,0.0,0.0,0.0
standard,P108,74,excluded,0.7633986928104575,0.6173361522198731,13.055586054539386,4.182077909500363,0.34806629834254144,2196,1629,ok,0.9892065662715254,0.0,0.0,0.0
standard,P108,75,excluded,0.7636458605379994,0.6176594845796367,13.038404810405298,4.227203458214481,0.3447642375995101,2196,1633,ok,0.9892065662715254,0.0,0.0,0.0
standard,P108,76,excluded,0.765990639625585,0.6207332490518331,13.038404810405298,4.1797865921727295,0.3508557457212714,2210,1636,ok,0.9892065662715254,0.0,0.0,0.0
standard,P108,77,excluded,0.7597911227154047,0.6126315789473684,13.412670674955118,4.247029191860972,0.36273904996915485,2209,1621,ok,0.9892065662715254,0.0,0.0,0.0
standard,P108,78,excluded,0.7578837633567892,0.6101552664708351,13.416407864998739,4.324215820820004,0.36414048059149723,2214,1623,ok,0.9892065662715254,0.0,0.0,0.0
standard,P108,79,excluded,0.7525987525987526,0.6033333333333334,13.468408693239878,4.449653765729639,0.36363636363636365,2220,1628,ok,0.9892065662715254,0.0,0.0,0.0
standard,P108,80,excluded,0.7581359021088259,0.6104821802935011,13.416407864998739,4.319112265317235,0.3578882750153468,2212,1629,ok,0.9892065662715254,0.0,0.0,0.0
standard,P108,81,excluded,0.7598435462842242,0.6126997476871321,13.416407864998739,4.307499575702739,0.35276073619631904,2205,1630,ok,0.9892065662715254,0.0,0.0,0.0
standard,P108,82,excluded,0.7545003913383772,0.6057813154587348,13.601470508735444,4.384146144290744,0.364589759407773,2212,1621,ok,0.9892065662715254,0.0,0.0,0.0
standard,P108,83,excluded,0.7522309711286089,0.6028607488430795,13.892443989449804,4.41671791449495,0.3649906890130354,2199,1611,ok,0.9892065662715254,0.0,0.0,0.0
standard,P108,84,excluded,0.7489561586638831,0.5986649979140592,14.001783442380908,4.452712078161399,0.36397285626156695,2211,1621,ok,0.9892065662715254,0.0,0.0,0.0
standard,P108,85,excluded,0.7519582245430809,0.602510460251046,13.92838827718412,4.4384635652556295,0.3583743842364532,2206,1624,ok,0.9892065662715254,0.0,0.0,0.0
standard,P108,86,excluded,0.7501945525291829,0.6002490660024906,14.212670403551895,4.4562258128231065,0.37816162862430597,2234,1621,ok,0.9892065662715254,0.0,0.0,0.0
standard,P108,87,excluded,0.7481789802289281,0.5976724854530341,14.416985899926976,4.508438099635399,0.3772418058132344,2227,1617,ok,0.9892065662715254,0.0,0.0,0.0
standard,P108,88,excluded,0.7452707955428868,0.593969434118133,14.55331904472578,4.555021357164011,0.3835701050030883,2240,1619,ok,0.9892065662715254,0.0,0.0,0.0
standard,P108,89,excluded,0.7466110531803962,0.5956738768718802,14.7648230602334,4.466895415721076,0.37670384138785623,2222,1614,ok,0.9892065662715254,0.0,0.0,0.0
standard,P108,90,excluded,0.7460650577124869,0.594979079497908,14.879461872586651,4.460122842092014,0.3618339529120198,2198,1614,ok,0.9892065662715254,0.0,0.0,0.0
standard,P108,91,excluded,0.7447765141496958,0.5933417614833544,15.046309242345561,4.487299232455673,0.3426270136307311,2167,1614,ok,0.9892065662715254,0.0,0.0,0.0
standard,P108,92,excluded,0.7424926920010629,0.5904480135249366,15.365193387422845,4.447151031216029,0.33581626319056485,2152,1611,ok,0.9892065662715254,0.0,0.0,0.0
standard,P108,93,excluded,0.7429623783214944,0.5910422771033905,16.03588433961718,4.472014029593305,0.34629629629629627,2181,1620,ok,0.9892065662715254,0.0,0.0,0.0
standard,P108,94,excluded,0.7409957627118644,0.5885570046276819,16.382859636243168,4.455082003608186,0.36,2176,1600,ok,0.9892065662715254,0.0,0.0,0.0
standard,P108,95,excluded,0.7384697414022927,0.5853761622992393,17.086493027679637,4.540619388553906,0.36955148452305747,2168,1583,ok,0.9892065662715254,0.0,0.0,0.0
standard,P108,96,excluded,0.7324019344438474,0.5777871979652395,17.029386365926403,4.560322299808175,0.3858974358974359,2162,1560,ok,0.9892065662715254,0.0,0.0,0.0
standard,P108,97,excluded,0.7275182284634081,0.5717317487266553,17.178428204446785,4.66069848585175,0.38903225806451613,2153,1550,ok,0.9892065662715254,0.0,0.0,0.0
standard,P108,98,excluded,0.7233811975074506,0.5666383701188455,16.582959187244196,4.634874914381244,0.41241830065359475,2161,1530,ok,0.9892065662715254,0.0,0.0,0.0
standard,P108,99,excluded,0.7293212420994779,0.573961937716263,16.240244321224054,4.468523351729088,0.43411371237458196,2144,1495,ok,0.9892065662715254,0.0,0.0,0.0
standard,P108,100,excluded,0.7278761061946902,0.5721739130434783,16.278820596099706,4.510737734241531,0.4482058226134055,2139,1477,ok,0.9892065662715254,0.0,0.0,0.0
standard,P108,101,excluded,0.7312775330396476,0.5763888888888888,15.450448377183424,4.439717430346245,0.4758009543285617,2165,1467,ok,0.9892065662715254,0.0,0.0,0.0
standard,P108,102,excluded,0.7315993359158827,0.5767888307155323,15.54830556364304,4.4081118235211685,0.5097222222222222,2174,1440,ok,0.9892065662715254,0.0,0.0,0.0
standard,P108,103,excluded,0.7318281938325991,0.5770733825445071,14.866068747318506,4.404211906371549,0.5187239944521498,2190,1442,ok,0.9892065662715254,0.0,0.0,0.0
standard,P108,104,excluded,0.7282249173098125,0.5726051148677936,14.810383619421696,4.462881723817141,0.5603387438249824,2211,1417,ok,0.9892065662715254,0.0,0.0,0.0
standard,P108,105,excluded,0.7251655629139073,0.5688311688311688,14.560219778561036,4.490334265545642,0.5793594306049822,2219,1405,ok,0.9892065662715254,0.0,0.0,0.0
standard,P108,106,excluded,0.7244444444444444,0.5679442508710801,14.270503266400343,4.471326596797054,0.5899280575539568,2210,1390,ok,0.9892065662715254,0.0,0.0,0.0
standard,P108,107,excluded,0.7212748112943808,0.5640577175338872,13.96419413859206,4.515229132327306,0.6071428571428571,2205,1372,ok,0.9892065662715254,0.0,0.0,0.0
standard,P108,108,excluded,0.7212563095905776,0.5640350877192982,14.142135623730951,4.483625236464188,0.5991253644314869,2194,1372,ok,0.9892065662715254,0.0,0.0,0.0
standard,P109,0,retained,0.8944553898114269,0.8090631364562119,4.242640687119285,1.6305605907565348,0.062100986651189787,1830,1723,ok,0.987895806640781,0.0,0.0,0.0
standard,P109,1,retained,0.8929577464788733,0.806615776081425,4.47213595499958,1.6519895200788792,0.07359813084112149,1838,1712,ok,0.987895806640781,0.0,0.0,0.0
standard,P109,2,retained,0.8940118077031206,0.8083375699034062,4.47213595499958,1.6483299855283322,0.07405247813411078,1842,1715,ok,0.987895806640781,0.0,0.0,0.0
standard,P109,3,retained,0.8942632170978627,0.8087487283825026,4.47213595499958,1.6388876234465855,0.08930669800235018,1854,1702,ok,0.987895806640781,0.0,0.0,0.0
standard,P109,4,retained,0.895404567239921,0.810617662072486,4.47213595499958,1.6234811611625302,0.08892815076560659,1849,1698,ok,0.987895806640781,0.0,0.0,0.0
standard,P109,5,retained,0.8941709111488398,0.8085977482088025,4.47213595499958,1.6345533907989385,0.09112426035502959,1844,1690,ok,0.987895806640781,0.0,0.0,0.0
standard,P109,6,retained,0.8964932126696833,0.8124038954382368,4.47213595499958,1.5990224019578956,0.08613569321533923,1841,1695,ok,0.987895806640781,0.0,0.0,0.0
standard,P109,7,retained,0.8955479452054794,0.8108527131782945,4.47213595499958,1.609495253130779,0.07337278106508875,1814,1690,ok,0.987895806640781,0.0,0.0,0.0
standard,P109,8,retained,0.8941041785918717,0.8084886128364389,5.0,1.6307419408531663,0.07359050445103858,1809,1685,ok,0.987895806640781,0.0,0.0,0.0
standard,P109,9,retained,0.8941920644048303,0.8086323452938118,5.0,1.6271099884162015,0.07517899761336516,1802,1676,ok,0.987895806640781,0.0,0.0,0.0
standard,P109,10,retained,0.885878962536023,0.7951370926021728,5.0,1.7704029542044348,0.08910295003010235,1809,1661,ok,0.987895806640781,0.0,0.0,0.0
standard,P109,11,retained,0.8842165898617511,0.7924625709860609,5.0,1.790854173254311,0.08653846153846154,1808,1664,ok,0.987895806640781,0.0,0.0,0.0
standard,P109,12,retained,0.8755733944954128,0.7786843447220806,5.0,1.9378988932552015,0.098676293622142,1826,1662,ok,0.987895806640781,0.0,0.0,0.0
standard,P109,13,retained,0.8534016510105323,0.7442899702085403,5.656854249492381,2.3142711173145307,0.11371841155234658,1851,1662,ok,0.987895806640781,0.0,0.0,0.0
standard,P109,14,retained,0.8405797101449275,0.725,6.020690632574555,2.492431582162705,0.13531553398058252,1871,1648,ok,0.987895806640781,0.0,0.0,0.0
standard,P109,15,retained,0.834142163859549,0.7154750244857982,6.324555320336759,2.597985343779106,0.12818955042527339,1857,1646,ok,0.987895806640781,0.0,0.0,0.0
standard,P109,16,retained,0.820247339660627,0.6952705997074597,7.02132034355964,2.8336120683721036,0.1227106227106227,1839,1638,ok,0.987895806640781,0.0,0.0,0.0
standard,P109,17,retained,0.816115107913669,0.6893534273213417,7.0710678118654755,2.8868679599908416,0.1266829865361077,1841,1634,ok,0.987895806640781,0.0,0.0,0.0
standard,P109,18,retained,0.8089629416834243,0.6792088760250844,7.0710678118654755,3.0015304308338187,0.14083640836408365,1855,1626,ok,0.987895806640781,0.0,0.0,0.0
standard,P109,19,retained,0.8072497123130035,0.6767969126869272,7.02132034355964,3.0263557413262347,0.14700432365657815,1857,1619,ok,0.987895806640781,0.0,0.0,0.0
standard,P109,20,retained,0.8031043403276804,0.6709894332372719,7.0710678118654755,3.103081251914158,0.14356130622304375,1856,1623,ok,0.987895806640781,0.0,0.0,0.0
standard,P109,21,retained,0.7994244604316547,0.6658676893576222,7.0710678118654755,3.1437341070864857,0.15037128712871287,1859,1616,ok,0.987895806640781,0.0,0.0,0.0
standard,P109,22,retained,0.7919540229885057,0.6555661274976213,7.615773105863909,3.294179611987394,0.15613382899628253,1866,1614,ok,0.987895806640781,0.0,0.0,0.0
standard,P109,23,retained,0.7902439024390244,0.6532258064516129,7.313676210938846,3.317259342695851,0.1619106699751861,1873,1612,ok,0.987895806640781,0.0,0.0,0.0
standard,P109,24,retained,0.78719723183391,0.6490727532097005,7.38080885425552,3.3549167356177083,0.16614615865084323,1867,1601,ok,0.987895806640781,0.0,0.0,0.0
standard,P109,25,retained,0.7836426914153132,0.6442536957558417,7.615773105863909,3.3938009575391397,0.16855345911949685,1858,1590,ok,0.987895806640781,0.0,0.0,0.0
standard,P109,26,retained,0.7821782178217822,0.6422764227642277,7.615773105863909,3.412143744234847,0.17341772151898735,1854,1580,ok,0.987895806640781,0.0,0.0,0.0
standard,P109,27,retained,0.7819287576020851,0.6419400855920114,7.615773105863909,3.4304430449973604,0.17717528373266078,1867,1586,ok,0.987895806640781,0.0,0.0,0.0
standard,P109,28,retained,0.7819548872180451,0.6419753086419753,7.615773105863909,3.446057291685823,0.18032786885245902,1872,1586,ok,0.987895806640781,0.0,0.0,0.0
standard,P109,29,retained,0.7853828306264501,0.6466093600764088,7.11307823358422,3.3825014242162306,0.18227848101265823,1868,1580,ok,0.987895806640781,0.0,0.0,0.0
standard,P109,30,retained,0.788056206088993,0.6502415458937199,6.871492678214113,3.323288124690287,0.18693982074263765,1854,1562,ok,0.987895806640781,0.0,0.0,0.0
standard,P109,31,retained,0.790506885438031,0.6535852713178295,6.708203932499369,3.2976031972265165,0.18782051282051282,1853,1560,ok,0.987895806640781,0.0,0.0,0.0
standard,P109,32,retained,0.7991742848717193,0.6655206286836935,6.4031242374328485,3.1599799371061614,0.17650834403080873,1833,1558,ok,0.987895806640781,0.0,0.0,0.0
standard,P109,33,retained,0.803886925795053,0.672082717872969,6.4031242374328485,3.079789272677549,0.1755285073670724,1835,1561,ok,0.987895806640781,0.0,0.0,0.0
standard,P109,34,retained,0.8144176347929699,0.6869346733668342,5.830951894845301,2.8718730761642144,0.18128654970760233,1818,1539,ok,0.987895806640781,0.0,0.0,0.0
standard,P109,35,retained,0.8217378321887131,0.6974151039026862,5.656854249492381,2.7601256463539943,0.1789199739752765,1812,1537,ok,0.987895806640781,0.0,0.0,0.0
standard,P109,36,retained,0.818751866228725,0.6931243680485338,5.656854249492381,2.7849440138219523,0.18460534898891062,1816,1533,ok,0.987895806640781,0.0,0.0,0.0
standard,P109,37,retained,0.8189398451459202,0.6933938477054967,5.656854249492381,2.778139111867068,0.18619791666666666,1822,1536,ok,0.987895806640781,0.0,0.0,0.0
standard,P109,38,retained,0.8152109328579917,0.6880641925777332,5.521009528313442,2.83546206024866,0.20866141732283464,1842,1524,ok,0.987895806640781,0.0,0.0,0.0
standard,P109,39,retained,0.8126852400711322,0.6844732900649027,5.493840584077648,2.881159046596435,0.22266139657444006,1856,1518,ok,0.987895806640781,0.0,0.0,0.0
standard,P109,40,retained,0.8131089459698848,0.6850746268656717,5.385164807134504,2.8820892130976974,0.22536136662286466,1865,1522,ok,0.987895806640781,0.0,0.0,0.0
standard,P109,41,retained,0.8117577197149644,0.6831584207896052,5.385164807134504,2.9165579859989736,0.2304635761589404,1858,1510,ok,0.987895806640781,0.0,0.0,0.0
standard,P109,42,retained,0.8152562574493445,0.6881287726358148,5.385164807134504,2.856524665176969,0.22694094226940942,1849,1507,ok,0.987895806640781,0.0,0.0,0.0
standard,P109,43,retained,0.8186682520808561,0.6930045294413689,5.227784895686555,2.7910169214703284,0.23521594684385383,1859,1505,ok,0.987895806640781,0.0,0.0,0.0
standard,P109,44,retained,0.825,0.7021276595744681,5.0,2.677648480325846,0.22959522229595222,1853,1507,ok,0.987895806640781,0.0,0.0,0.0
standard,P109,45,retained,0.8286567164179105,0.7074413863404689,5.0,2.622999201601925,0.2244355909694555,1844,1506,ok,0.987895806640781,0.0,0.0,0.0
standard,P109,46,retained,0.826650587880615,0.7045220966084276,5.0,2.6378989794155254,0.22468142186452045,1826,1491,ok,0.987895806640781,0.0,0.0,0.0
standard,P109,47,retained,0.8248723340342445,0.7019427402862985,5.0990195135927845,2.67811137726475,0.2282463186077644,1835,1494,ok,0.987895806640781,0.0,0.0,0.0
standard,P109,48,retained,0.8124433705829055,0.6841302136317395,5.0990195135927845,2.8474461015730848,0.23716216216216215,1831,1480,ok,0.987895806640781,0.0,0.0,0.0
standard,P109,49,retained,0.807378288478984,0.6769776876267748,5.385164807134504,2.929595098594914,0.22693602693602694,1822,1485,ok,0.987895806640781,0.0,0.0,0.0
standard,P109,50,retained,0.7959927140255009,0.6611195158850227,5.830951894845301,3.089179292579166,0.23625254582484725,1821,1473,ok,0.987895806640781,0.0,0.0,0.0
standard,P109,51,retained,0.7909365558912387,0.6541729135432284,6.324555320336759,3.168649994812165,0.24559023066485752,1836,1474,ok,0.987895806640781,0.0,0.0,0.0
standard,P109,52,retained,0.7800480769230769,0.6394088669950739,6.52515611545945,3.359372865661317,0.26548672566371684,1859,1469,ok,0.987895806640781,0.0,0.0,0.0
standard,P109,53,retained,0.7856496834488996,0.6469712015888779,6.52515611545945,3.252188428208676,0.28758620689655173,1867,1450,ok,0.987895806640781,0.0,0.0,0.0
standard,P109,54,retained,0.7959987875113671,0.6611278952668681,6.324555320336759,3.0626619066248764,0.27988942639944714,1852,1447,ok,0.987895806640781,0.0,0.0,0.0
standard,P109,55,retained,0.8185731857318573,0.6928682977615825,5.656854249492381,2.6940848709021585,0.2396694214876033,1800,1452,ok,0.987895806640781,0.0,0.0,0.0
standard,P109,56,retained,0.8304927176944531,0.7101218865924749,5.094068537913144,2.5137684458931004,0.21330589849108367,1769,1458,ok,0.987895806640781,0.0,0.0,0.0
standard,P109,57,retained,0.8363976316609536,0.7188002142474558,5.0,2.402599642215641,0.20549828178694157,1754,1455,ok,0.987895806640781,0.0,0.0,0.0
standard,P109,58,retained,0.8463460337289195,0.7336220898754737,4.47213595499958,2.2651889302068247,0.19015047879616964,1740,1462,ok,0.987895806640781,0.0,0.0,0.0
standard,P109,59,retained,0.8536355051935789,0.7446457990115322,4.47213595499958,2.142227353460544,0.17305061559507523,1715,1462,ok,0.987895806640781,0.0,0.0,0.0
standard,P109,60,retained,0.8586887332908976,0.7523703290574456,4.123105625617661,2.058877251887214,0.14764183185235816,1679,1463,ok,0.987895806640781,0.0,0.0,0.0
standard,P109,61,retained,0.8619139370584458,0.7573363431151241,4.123105625617661,2.01025668361662,0.12850307587149692,1651,1463,ok,0.987895806640781,0.0,0.0,0.0
standard,P109,62,retained,0.8629213483146068,0.758893280632411,4.123105625617661,1.9964518037623447,0.13064295485636115,1653,1462,ok,0.987895806640781,0.0,0.0,0.0
standard,P109,63,retained,0.8593301435406698,0.7533557046979866,4.242640687119285,2.082696920553329,0.13993174061433447,1670,1465,ok,0.987895806640781,0.0,0.0,0.0
standard,P109,64,retained,0.8582326764144946,0.7516703786191536,4.242640687119285,2.1038917039163585,0.15037593984962405,1683,1463,ok,0.987895806640781,0.0,0.0,0.0
standard,P109,65,retained,0.8632587859424921,0.7594154019111861,4.242640687119285,2.020015013677956,0.13215258855585832,1662,1468,ok,0.987895806640781,0.0,0.0,0.0
standard,P109,66,retained,0.8637383776851555,0.760158013544018,4.242640687119285,2.0186187856999727,0.12901023890784982,1654,1465,ok,0.987895806640781,0.0,0.0,0.0
standard,P109,67,retained,0.8621794871794872,0.7577464788732394,4.47213595499958,2.057593082057615,0.11668928086838534,1646,1474,ok,0.987895806640781,0.0,0.0,0.0
standard,P109,68,retained,0.857051487048289,0.7498601007274762,4.47213595499958,2.10758496213052,0.1359289617486339,1663,1464,ok,0.987895806640781,0.0,0.0,0.0
standard,P109,69,retained,0.8539469479066795,0.7451199107640826,5.0,2.162236488799491,0.14461960246744346,1670,1459,ok,0.987895806640781,0.0,0.0,0.0
standard,P109,70,retained,0.8549763033175355,0.7466887417218543,5.0,2.1744070018810864,0.14721845318860244,1691,1474,ok,0.987895806640781,0.0,0.0,0.0
standard,P109,71,retained,0.8492808005003127,0.7380434782608696,5.0,2.262058362258176,0.1710794297352342,1725,1473,ok,0.987895806640781,0.0,0.0,0.0
standard,P109,72,retained,0.8509585652442795,0.7405812701829925,5.385164807134504,2.2625955025507456,0.19402985074626866,1760,1474,ok,0.987895806640781,0.0,0.0,0.0
standard,P109,73,retained,0.847217952659084,0.7349333333333333,5.385164807134504,2.332276244597419,0.20991847826086957,1781,1472,ok,0.987895806640781,0.0,0.0,0.0
standard,P109,74,retained,0.8473956746877855,0.735200845665962,5.385164807134504,2.324950682479804,0.21824324324324323,1803,1480,ok,0.987895806640781,0.0,0.0,0.0
standard,P109,75,retained,0.8454296993622836,0.7322461862177801,5.0990195135927845,2.3550522410090013,0.22199730094466938,1811,1482,ok,0.987895806640781,0.0,0.0,0.0
standard,P109,76,retained,0.8400597907324364,0.7242268041237113,5.656854249492381,2.443890360517019,0.25556304787592715,1862,1483,ok,0.987895806640781,0.0,0.0,0.0
standard,P109,77,retained,0.8330871491875923,0.7139240506329114,6.324555320336759,2.550930430374528,0.2825354012137559,1902,1483,ok,0.987895806640781,0.0,0.0,0.0
standard,P109,78,retained,0.8238067177371833,0.7004008016032064,6.58617205447275,2.670732876084071,0.29479377958079783,1915,1479,ok,0.987895806640781,0.0,0.0,0.0
standard,P109,79,retained,0.8227661456797405,0.6988977955911824,6.708203932499369,2.6913208219476568,0.2881241565452092,1909,1482,ok,0.987895806640781,0.0,0.0,0.0
standard,P109,80,retained,0.8238788238788238,0.7005050505050505,6.708203932499369,2.6533667266173713,0.27653820148749153,1888,1479,ok,0.987895806640781,0.0,0.0,0.0
standard,P109,81,retained,0.8328304164152082,0.7135470527404343,6.3003760413329,2.48576464943703,0.23616734143049933,1832,1482,ok,0.987895806640781,0.0,0.0,0.0
standard,P109,82,retained,0.8406153846153847,0.7250530785562632,5.830951894845301,2.3598810244620374,0.20638153428377462,1777,1473,ok,0.987895806640781,0.0,0.0,0.0
standard,P109,83,retained,0.8487865588052271,0.7372972972972973,5.385164807134504,2.2328222013679633,0.17750677506775067,1738,1476,ok,0.987895806640781,0.0,0.0,0.0
standard,P109,84,retained,0.8566025843050741,0.7491730981256891,5.0,2.094396461055139,0.145368492224476,1694,1479,ok,0.987895806640781,0.0,0.0,0.0
standard,P109,85,retained,0.8609608654152084,0.7558659217877095,5.0,2.041466666727428,0.12796208530805686,1666,1477,ok,0.987895806640781,0.0,0.0,0.0
standard,P109,86,retained,0.862531969309463,0.7582911748173131,5.0,1.9886938534338972,0.1078167115902965,1644,1484,ok,0.987895806640781,0.0,0.0,0.0
standard,P109,87,retained,0.8634615384615385,0.7597292724196277,5.0,1.9785272182923395,0.10526315789473684,1638,1482,ok,0.987895806640781,0.0,0.0,0.0
standard,P109,88,retained,0.8624440179142674,0.7581552305961755,5.0,1.9894001544217401,0.10505050505050505,1641,1485,ok,0.987895806640781,0.0,0.0,0.0
standard,P109,89,retained,0.8622677770659833,0.7578828828828829,5.0,1.9960708835673204,0.10803511141120864,1641,1481,ok,0.987895806640781,0.0,0.0,0.0
standard,P109,90,retained,0.86144,0.7566048341765037,4.841640786499868,2.0086796011676697,0.10437710437710437,1640,1485,ok,0.987895806640781,0.0,0.0,0.0
standard,P109,91,retained,0.8593399551425825,0.753370786516854,5.0,2.040021159684118,0.10735989196488858,1640,1481,ok,0.987895806640781,0.0,0.0,0.0
standard,P109,92,retained,0.8586991348926626,0.7523862998315554,4.894427190999892,2.049451128541087,0.09744623655913978,1633,1488,ok,0.987895806640781,0.0,0.0,0.0
standard,P109,93,retained,0.8550305368048859,0.746771476698484,5.0,2.10067350866103,0.0963611859838275,1627,1484,ok,0.987895806640781,0.0,0.0,0.0
standard,P109,94,retained,0.8556701030927835,0.7477477477477478,5.0,2.0938024453897808,0.0930546190155091,1621,1483,ok,0.987895806640781,0.0,0.0,0.0
standard,P109,95,retained,0.8503225806451613,0.7396184062850729,5.0,2.1794554919758737,0.0847343644922663,1613,1487,ok,0.987895806640781,0.0,0.0,0.0
standard,P109,96,retained,0.8433029908972692,0.729061270376616,5.009901951359275,2.2783098122438994,0.07417397167902899,1593,1483,ok,0.987895806640781,0.0,0.0,0.0
standard,P109,97,retained,0.8397394136807818,0.7237507018528916,5.385164807134504,2.341400465579976,0.06455951580363148,1583,1487,ok,0.987895806640781,0.0,0.0,0.0
standard,P109,98,retained,0.8321884200196271,0.7126050420168067,5.830951894845301,2.4527704440715485,0.05581708137188971,1570,1487,ok,0.987895806640781,0.0,0.0,0.0
standard,P109,99,retained,0.825615763546798,0.7030201342281879,6.082762530298219,2.5586376251998617,0.04225352112676056,1554,1491,ok,0.987895806640781,0.0,0.0,0.0
standard,P109,100,retained,0.8184210526315789,0.6926503340757239,6.324555320336759,2.667406378141501,0.04576043068640646,1554,1486,ok,0.987895806640781,0.0,0.0,0.0
standard,P109,101,retained,0.8147416913458374,0.6873958911715713,6.324555320336759,2.7204029937962115,0.03959731543624161,1549,1490,ok,0.987895806640781,0.0,0.0,0.0
standard,P109,102,retained,0.8082460732984293,0.6781987918725975,6.708203932499369,2.852464125503737,0.031914893617021274,1552,1504,ok,0.987895806640781,0.0,0.0,0.0
standard,P109,103,retained,0.8007863695937091,0.66775956284153,6.708203932499369,2.942219003665145,0.02925531914893617,1548,1504,ok,0.987895806640781,0.0,0.0,0.0
standard,P109,104,retained,0.7930809399477807,0.6571119524067063,7.0710678118654755,3.0630517110299955,0.026455026455026454,1552,1512,ok,0.987895806640781,0.0,0.0,0.0
standard,P109,105,retained,0.7861573620633366,0.6476600322754169,7.211102550927978,3.178940203022564,0.03386454183266932,1557,1506,ok,0.987895806640781,0.0,0.0,0.0
standard,P109,106,retained,0.786692759295499,0.6483870967741936,7.0710678118654755,3.160734532850606,0.035856573705179286,1560,1506,ok,0.987895806640781,0.0,0.0,0.0
standard,P109,107,retained,0.7855515782622844,0.6468381564844587,7.0710678118654755,3.1832491811368553,0.04321808510638298,1569,1504,ok,0.987895806640781,0.0,0.0,0.0
standard,P109,108,retained,0.7933615359583469,0.6574973031283711,6.708203932499369,3.062456792254053,0.03779840848806366,1565,1508,ok,0.987895806640781,0.0,0.0,0.0
standard,P109,109,retained,0.8109696376101861,0.6820428336079077,6.324555320336759,2.795217634819385,0.03521594684385382,1558,1505,ok,0.987895806640781,0.0,0.0,0.0
standard,P109,110,retained,0.8208279430789134,0.696105320899616,5.873213921133976,2.6599884243899705,0.06133333333333333,1592,1500,ok,0.987895806640781,0.0,0.0,0.0
standard,P109,111,retained,0.8452342487883683,0.731952993844432,5.830951894845301,2.2877830485155397,0.06608811748998665,1597,1498,ok,0.987895806640781,0.0,0.0,0.0
standard,P109,112,retained,0.8668831168831169,0.7650429799426934,5.830951894845301,1.9439167792159557,0.06850235057085292,1591,1489,ok,0.987895806640781,0.0,0.0,0.0
standard,P109,113,retained,0.8835393623942746,0.7913752913752914,5.830951894845301,1.719619482045254,0.07282535401213756,1591,1483,ok,0.987895806640781,0.0,0.0,0.0
standard,P109,114,retained,0.8938948743062357,0.80814639905549,5.770017718971775,1.539389544843468,0.06680161943319839,1581,1482,ok,0.987895806640781,0.0,0.0,0.0
standard,P109,115,retained,0.8984096072703668,0.8155568650559811,5.656854249492381,1.4752479480864142,0.037698412698412696,1569,1512,ok,0.987895806640781,0.0,0.0,0.0
standard,P109,116,retained,0.8969970939618986,0.813231850117096,5.656854249492381,1.5102124036443918,0.04828042328042328,1585,1512,ok,0.987895806640781,0.0,0.0,0.0
standard,P109,117,retained,0.8904777380565486,0.8025776215582894,5.521009528313442,1.600443692368352,0.049966688874083946,1576,1501,ok,0.987895806640781,0.0,0.0,0.0
standard,P109,118,retained,0.8869223205506391,0.7968197879858657,5.054460732476027,1.655586065704435,0.06288032454361055,1572,1479,ok,0.987895806640781,0.0,0.0,0.0
standard,P109,119,retained,0.8806855636123929,0.7868080094228505,4.788854381999814,1.7479030060695722,0.07382091592617908,1571,1463,ok,0.987895806640781,0.0,0.0,0.0
standard,P109,120,retained,0.8658008658008658,0.7633587786259542,4.242640687119285,1.9600704603662298,0.0796398891966759,1559,1444,ok,0.987895806640781,0.0,0.0,0.0
standard,P109,121,retained,0.8525576730190572,0.743006993006993,4.242640687119285,2.144450698110251,0.07852675469075747,1552,1439,ok,0.987895806640781,0.0,0.0,0.0
standard,P109,122,retained,0.8357310137169622,0.717816091954023,5.0,2.3958660940845586,0.11087570621468927,1573,1416,ok,0.987895806640781,0.0,0.0,0.0
standard,P109,123,retained,0.8156574105051857,0.6887005649717514,5.0,2.7124020106815068,0.1441893830703013,1595,1394,ok,0.987895806640781,0.0,0.0,0.0
standard,P109,124,retained,0.7958707958707959,0.6609513274336283,5.656854249492381,3.055912406019781,0.16354466858789626,1615,1388,ok,0.987895806640781,0.0,0.0,0.0
standard,P109,125,retained,0.7890337679705784,0.6515737161789067,5.994628807889692,3.1650137261151894,0.18321167883211678,1621,1370,ok,0.987895806640781,0.0,0.0,0.0
standard,P109,126,retained,0.7819041188386225,0.6419068736141907,6.4031242374328485,3.2531988039247604,0.1989606533036377,1615,1347,ok,0.987895806640781,0.0,0.0,0.0
standard,P109,127,retained,0.7803722504230118,0.6398446170921198,6.4031242374328485,3.2535331218815067,0.2201352366641623,1624,1331,ok,0.987895806640781,0.0,0.0,0.0
standard,P109,128,retained,0.7768707482993197,0.6351501668520578,6.708203932499369,3.3146390023885055,0.2306525037936267,1622,1318,ok,0.987895806640781,0.0,0.0,0.0
standard,P109,129,retained,0.7823710283566792,0.6425364758698092,6.4031242374328485,3.221495395849033,0.24291187739463602,1622,1305,ok,0.987895806640781,0.0,0.0,0.0
standard,P109,130,retained,0.7853692201518289,0.6465909090909091,6.708203932499369,3.123892932170377,0.2676056338028169,1620,1278,ok,0.987895806640781,0.0,0.0,0.0
standard,P109,131,retained,0.7911479944674965,0.6544622425629291,6.708203932499369,3.028076279471029,0.2717989002356638,1619,1273,ok,0.987895806640781,0.0,0.0,0.0
standard,P109,132,retained,0.7974947807933194,0.6631944444444444,6.708203932499369,2.9251056969148603,0.2936951316839585,1621,1253,ok,0.987895806640781,0.0,0.0,0.0
standard,P109,133,retained,0.8106591865357644,0.6816037735849056,6.4031242374328485,2.710298781311289,0.31493506493506496,1620,1232,ok,0.987895806640781,0.0,0.0,0.0
standard,P109,134,retained,0.8123682361208714,0.6840236686390533,6.4031242374328485,2.6770080134805005,0.3270645952575634,1623,1223,ok,0.987895806640781,0.0,0.0,0.0
standard,P109,135,retained,0.821656050955414,0.6972972972972973,6.4031242374328485,2.5388672948676225,0.34717607973421927,1622,1204,ok,0.987895806640781,0.0,0.0,0.0
standard,P109,136,retained,0.8203677510608204,0.6954436450839329,6.4031242374328485,2.5571411536077635,0.3586321934945788,1629,1199,ok,0.987895806640781,0.0,0.0,0.0
standard,P109,137,retained,0.8190543903306079,0.6935580975316075,6.4031242374328485,2.552235330726236,0.38389830508474576,1633,1180,ok,0.987895806640781,0.0,0.0,0.0
standard,P109,138,retained,0.8104482880338864,0.6813056379821959,6.4031242374328485,2.6760795897054384,0.4151747655583973,1660,1173,ok,0.987895806640781,0.0,0.0,0.0
standard,P109,139,retained,0.8070921985815603,0.6765755053507729,6.4031242374328485,2.7181309952945174,0.4436741767764298,1666,1154,ok,0.987895806640781,0.0,0.0,0.0
standard,P109,140,retained,0.7960199004975125,0.6611570247933884,6.4031242374328485,2.85676938850176,0.4902654867256637,1684,1130,ok,0.987895806640781,0.0,0.0,0.0
standard,P109,141,retained,0.7887624466571835,0.6512037580739871,6.4031242374328485,2.9589504295550744,0.5219730941704036,1697,1115,ok,0.987895806640781,0.0,0.0,0.0
standard,P109,142,retained,0.7819602272727273,0.6419825072886297,6.4031242374328485,3.0681585296158995,0.5484162895927602,1711,1105,ok,0.987895806640781,0.0,0.0,0.0
standard,P109,143,retained,0.7784050811573747,0.6372039283651069,6.708203932499369,3.137426838769407,0.5647058823529412,1729,1105,ok,0.987895806640781,0.0,0.0,0.0
slim,P000,0,excluded,0.4924114671163575,0.32662192393736017,19.889444430272828,5.342937824645492,0.2959770114942529,245,348,ok,0.9233592447788533,0.0,0.0,0.0
slim,P000,1,excluded,0.32645403377110693,0.19506726457399104,24.770894965965898,7.217090174200977,0.436950146627566,192,341,ok,0.9233592447788533,0.0,0.0,0.0
slim,P000,2,excluded,0.4067796610169492,0.2553191489361702,25.732190048988226,6.831237575791636,0.3967391304347826,222,368,ok,0.9233592447788533,0.0,0.0,0.0
slim,P000,3,excluded,0.2661596958174905,0.15350877192982457,26.846592679078768,7.815589700093997,0.49283667621776506,177,349,ok,0.9233592447788533,0.0,0.0,0.0
slim,P000,4,excluded,0.26153846153846155,0.1504424778761062,28.319604517012593,8.196333722244537,0.5185185185185185,169,351,ok,0.9233592447788533,0.0,0.0,0.0
slim,P000,5,excluded,0.24504504504504504,0.13963039014373715,27.85692471541883,7.87701933684239,0.42776203966005666,202,353,ok,0.9233592447788533,0.0,0.0,0.0
slim,P000,6,excluded,0.24144144144144145,0.13729508196721313,27.85692471541883,7.862477650983883,0.4322033898305085,201,354,ok,0.9233592447788533,0.0,0.0,0.0
slim,P000,7,excluded,0.33700787401574805,0.20265151515151514,23.32595032742883,6.389973343632204,0.26975476839237056,268,367,ok,0.9233592447788533,0.0,0.0,0.0
slim,P000,8,excluded,0.44216691068814057,0.28383458646616544,20.893164606362948,5.394258118228193,0.13896457765667575,316,367,ok,0.9233592447788533,0.0,0.0,0.0
slim,P000,9,excluded,0.48861911987860396,0.3232931726907631,16.59804863470646,4.863300652651516,0.18956043956043955,295,364,ok,0.9233592447788533,0.0,0.0,0.0
slim,P000,10,excluded,0.49261083743842365,0.32679738562091504,20.615528128088304,5.438019928645664,0.31767955801104975,247,362,ok,0.9233592447788533,0.0,0.0,0.0
slim,P000,11,excluded,0.4514003294892916,0.29148936170212764,21.011889857137827,5.769155809089949,0.3324175824175824,243,364,ok,0.9233592447788533,0.0,0.0,0.0
slim,P000,12,excluded,0.45799011532125206,0.297008547008547,23.8179012142396,6.227493539258687,0.3770053475935829,233,374,ok,0.9233592447788533,0.0,0.0,0.0
slim,P000,13,excluded,0.4735202492211838,0.31020408163265306,20.285163870993756,5.584775933528979,0.3193717277486911,260,382,ok,0.9233592447788533,0.0,0.0,0.0
slim,P000,14,excluded,0.4935064935064935,0.3275862068965517,16.715302916391565,4.748097455583701,0.1906005221932115,310,383,ok,0.9233592447788533,0.0,0.0,0.0
slim,P000,15,excluded,0.47161572052401746,0.30857142857142855,17.046972703339,4.8680227518257375,0.17771883289124668,310,377,ok,0.9233592447788533,0.0,0.0,0.0
slim,P000,16,excluded,0.4966974900924703,0.3304042179261863,11.583858928080831,3.721144789173219,0.013123359580052493,376,381,ok,0.9233592447788533,0.0,0.0,0.0
slim,P000,17,excluded,0.48871181938911024,0.3233743409490334,11.557445202478846,3.779507870724011,0.028795811518324606,371,382,ok,0.9233592447788533,0.0,0.0,0.0
slim,P000,18,excluded,0.46074646074646075,0.2993311036789298,10.389669780137305,3.7767150279569677,0.05555555555555555,399,378,ok,0.9233592447788533,0.0,0.0,0.0
slim,P000,19,excluded,0.45588235294117646,0.29523809523809524,11.213682040370403,3.7254788239765655,0.10309278350515463,428,388,ok,0.9233592447788533,0.0,0.0,0.0
slim,P000,20,excluded,0.45348837209302323,0.2932330827067669,9.219544457292887,3.5971413092410165,0.21649484536082475,472,388,ok,0.9233592447788533,0.0,0.0,0.0
slim,P000,21,excluded,0.4496487119437939,0.29003021148036257,9.219544457292887,3.6093178108951602,0.21818181818181817,469,385,ok,0.9233592447788533,0.0,0.0,0.0
slim,P000,22,excluded,0.40312093628088425,0.252442996742671,8.581912734438841,3.3599099687978002,0.10109289617486339,403,366,ok,0.9233592447788533,0.0,0.0,0.0
slim,P000,23,excluded,0.359375,0.21904761904761905,9.5188839622481,3.877812559430565,0.03076923076923077,378,390,ok,0.9233592447788533,0.0,0.0,0.0
slim,P000,24,excluded,0.36666666666666664,0.22448979591836735,10.198039027185569,4.185873692668289,0.15384615384615385,330,390,ok,0.9233592447788533,0.0,0.0,0.0
slim,P000,25,excluded,0.30939226519337015,0.1830065359477124,25.444994862992317,7.348060331522616,0.5672823218997362,164,379,ok,0.9233592447788533,0.0,0.0,0.0
slim,P000,26,excluded,0.3187855787476281,0.18961625282167044,26.929500909760453,7.707849065021183,0.6204188481675392,145,382,ok,0.9233592447788533,0.0,0.0,0.0
slim,P000,27,excluded,0.4463087248322148,0.28725701943844495,23.30530092257251,6.415554181750076,0.4873096446700508,202,394,ok,0.9233592447788533,0.0,0.0,0.0
slim,P000,28,excluded,0.4934687953555878,0.32755298651252407,17.163825468877683,4.777751013338007,0.2817955112219451,288,401,ok,0.9233592447788533,0.0,0.0,0.0
slim,P000,29,excluded,0.5206258890469416,0.35192307692307695,16.579046904030367,4.564249266293417,0.3221957040572792,284,419,ok,0.9233592447788533,0.0,0.0,0.0
slim,P000,30,excluded,0.5225988700564972,0.35372848948374763,16.579046904030367,4.517961240321407,0.34579439252336447,280,428,ok,0.9233592447788533,0.0,0.0,0.0
slim,P000,31,excluded,0.5267857142857143,0.3575757575757576,19.332433300216174,5.159755189403999,0.43356643356643354,243,429,ok,0.9233592447788533,0.0,0.0,0.0
slim,P000,32,excluded,0.49319213313161875,0.3273092369477912,22.53355116611904,5.932283252533118,0.4769585253456221,227,434,ok,0.9233592447788533,0.0,0.0,0.0
slim,P000,33,excluded,0.4818181818181818,0.31736526946107785,25.232852419477727,6.716269630185774,0.5,220,440,ok,0.9233592447788533,0.0,0.0,0.0
slim,P000,34,excluded,0.4970588235294118,0.33072407045009783,23.51579823506593,6.235813450953996,0.4474885844748858,242,438,ok,0.9233592447788533,0.0,0.0,0.0
slim,P000,35,excluded,0.4945945945945946,0.32854578096947934,22.231989502336916,5.6362381220347535,0.34451901565995524,293,447,ok,0.9233592447788533,0.0,0.0,0.0
slim,P000,36,excluded,0.5035971223021583,0.33653846153846156,13.508126358879785,4.045404026613867,0.16299559471365638,380,454,ok,0.9233592447788533,0.0,0.0,0.0
slim,P000,37,excluded,0.4935897435897436,0.3276595744680851,9.219544457292887,3.5151860568005744,0.025974025974025976,474,462,ok,0.9233592447788533,0.0,0.0,0.0
slim,P000,38,excluded,0.4945164506480558,0.32847682119205296,9.219544457292887,3.533546435015782,0.125,531,472,ok,0.9233592447788533,0.0,0.0,0.0
slim,P000,39,excluded,0.5339805825242718,0.36423841059602646,7.835450483145835,3.207878271701397,0.14137214137214138,549,481,ok,0.9233592447788533,0.0,0.0,0.0
slim,P000,40,excluded,0.527117031398668,0.3578811369509044,8.0,3.3640608227814925,0.1492842535787321,562,489,ok,0.9233592447788533,0.0,0.0,0.0
slim,P000,41,excluded,0.5294117647058824,0.36,7.106076496631101,3.419122510883226,0.125,558,496,ok,0.9233592447788533,0.0,0.0,0.0
slim,P000,42,excluded,0.45558086560364464,0.2949852507374631,12.52320344695428,4.2694857462556985,0.250996015936255,376,502,ok,0.9233592447788533,0.0,0.0,0.0
slim,P000,43,excluded,0.41993637327677624,0.2657718120805369,12.0,4.261127557234675,0.15098039215686274,433,510,ok,0.9233592447788533,0.0,0.0,0.0
slim,P000,44,excluded,0.44842105263157894,0.28900949796472186,12.066380675153123,4.17855291624058,0.14814814814814814,437,513,ok,0.9233592447788533,0.0,0.0,0.0
slim,P000,45,excluded,0.450261780104712,0.2905405405405405,12.060184151062915,4.129941266857175,0.1528046421663443,438,517,ok,0.9233592447788533,0.0,0.0,0.0
slim,P000,46,excluded,0.4489795918367347,0.2894736842105263,14.317821063276353,4.723978004683544,0.4342105263157895,301,532,ok,0.9233592447788533,0.0,0.0,0.0
slim,P000,47,excluded,0.4444444444444444,0.2857142857142857,15.14590510762677,4.76578716261645,0.43843283582089554,301,536,ok,0.9233592447788533,0.0,0.0,0.0
slim,P000,48,excluded,0.44970414201183434,0.2900763358778626,15.03318648760539,4.782747472307548,0.43807763401109057,304,541,ok,0.9233592447788533,0.0,0.0,0.0
slim,P000,49,excluded,0.4217016029593095,0.2671875,15.463483047373435,4.983972308712464,0.5200729927007299,263,548,ok,0.9233592447788533,0.0,0.0,0.0
slim,P000,50,excluded,0.42424242424242425,0.2692307692307692,16.614206952766946,5.084084652185966,0.4972677595628415,276,549,ok,0.9233592447788533,0.0,0.0,0.0
slim,P000,51,excluded,0.4723092998955068,0.3091655266757866,15.376622651117433,4.48734691963497,0.2880143112701252,398,559,ok,0.9233592447788533,0.0,0.0,0.0
slim,P000,52,excluded,0.4827586206896552,0.3181818181818182,15.288842911260513,4.3786389722501475,0.41725352112676056,331,568,ok,0.9233592447788533,0.0,0.0,0.0
slim,P000,53,excluded,0.47919010123734535,0.3150887573964497,15.297058540778355,4.373360227227072,0.4293286219081272,323,566,ok,0.9233592447788533,0.0,0.0,0.0
slim,P000,54,excluded,0.48997772828507796,0.32448377581120946,15.512818888485938,4.372106295889695,0.43826086956521737,323,575,ok,0.9233592447788533,0.0,0.0,0.0
slim,P000,55,excluded,0.45352400408580185,0.29326287978863935,15.538653216689832,4.377230430702357,0.27336860670194,412,567,ok,0.9233592447788533,0.0,0.0,0.0
slim,P000,56,excluded,0.4390735146022155,0.2812903225806452,12.912044662188405,4.200192421437227,0.22994652406417113,432,561,ok,0.9233592447788533,0.0,0.0,0.0
slim,P000,57,excluded,0.408,0.2562814070351759,14.159769318686187,4.565714232424833,0.24253075571177504,431,569,ok,0.9233592447788533,0.0,0.0,0.0
slim,P000,58,excluded,0.3760848601735776,0.23159144893111638,13.448026047926339,4.701915259830994,0.18388791593695272,466,571,ok,0.9233592447788533,0.0,0.0,0.0
slim,P000,59,excluded,0.44132397191574724,0.28314028314028317,10.770329614269007,4.2535854647915325,0.3438538205980066,395,602,ok,0.9233592447788533,0.0,0.0,0.0
slim,P000,60,excluded,0.49010367577756836,0.32459425717852686,10.0,4.154987995554065,0.25779967159277506,452,609,ok,0.9233592447788533,0.0,0.0,0.0
slim,P000,61,excluded,0.3883129123468426,0.2409356725146199,13.30392053889425,4.543018485840944,0.24046434494195687,458,603,ok,0.9233592447788533,0.0,0.0,0.0
slim,P000,62,excluded,0.3967935871743487,0.2475,10.700237713501828,3.821232962597941,0.3954983922829582,376,622,ok,0.9233592447788533,0.0,0.0,0.0
slim,P000,63,excluded,0.36666666666666664,0.22448979591836735,13.92838827718412,4.573035693346471,0.4,360,600,ok,0.9233592447788533,0.0,0.0,0.0
slim,P000,64,excluded,0.35577889447236183,0.21638141809290953,13.038404810405298,4.484014941455311,0.3741830065359477,383,612,ok,0.9233592447788533,0.0,0.0,0.0
slim,P000,65,excluded,0.44253490870032225,0.28413793103448276,11.180339887498949,4.47794602023835,0.4861788617886179,316,615,ok,0.9233592447788533,0.0,0.0,0.0
slim,P000,66,excluded,0.4247020585048754,0.2696011004126547,12.79594154601839,5.031045277365365,0.4918300653594771,311,612,ok,0.9233592447788533,0.0,0.0,0.0
slim,P000,67,excluded,0.2970059880239521,0.17440225035161744,22.029619099583567,7.51674470738371,0.5919055649241147,242,593,ok,0.9233592447788533,0.0,0.0,0.0
slim,P000,68,excluded,0.27742749054224464,0.16105417276720352,22.416442414621066,7.6179492501553066,0.6256499133448874,216,577,ok,0.9233592447788533,0.0,0.0,0.0
slim,P000,69,excluded,0.3153846153846154,0.1872146118721461,22.444323734432647,7.308339117100849,0.6170212765957447,216,564,ok,0.9233592447788533,0.0,0.0,0.0
slim,P000,70,excluded,0.2914285714285714,0.1705685618729097,18.681541692269406,7.12119198946863,0.7108655616942909,157,543,ok,0.9233592447788533,0.0,0.0,0.0
slim,P000,71,excluded,0.3314917127071823,0.1986754966887417,18.43365765421222,6.424587772845242,0.6517690875232774,187,537,ok,0.9233592447788533,0.0,0.0,0.0
slim,P000,72,excluded,0.3617300131061599,0.2208,17.606962445691604,6.214845844317401,0.5974264705882353,219,544,ok,0.9233592447788533,0.0,0.0,0.0
slim,P000,73,excluded,0.3496143958868895,0.2118380062305296,19.176699162463496,6.50864948173202,0.5724770642201835,233,545,ok,0.9233592447788533,0.0,0.0,0.0
slim,P000,74,excluded,0.42460796139927626,0.26952526799387444,17.46424919657298,5.735730956957558,0.4533582089552239,293,536,ok,0.9233592447788533,0.0,0.0,0.0
slim,P000,75,excluded,0.49667405764966743,0.3303834808259587,15.183473122038448,5.185562557294481,0.3570127504553734,353,549,ok,0.9233592447788533,0.0,0.0,0.0
slim,P000,76,excluded,0.538860103626943,0.36879432624113473,13.001920240520265,4.356670727786295,0.23905109489051096,417,548,ok,0.9233592447788533,0.0,0.0,0.0
slim,P000,77,excluded,0.5368852459016393,0.36694677871148457,13.416407864998739,4.408768721193131,0.2446043165467626,420,556,ok,0.9233592447788533,0.0,0.0,0.0
slim,P000,78,excluded,0.5400593471810089,0.3699186991869919,12.377349237317418,4.248348634723014,0.18165467625899281,455,556,ok,0.9233592447788533,0.0,0.0,0.0
slim,P000,79,excluded,0.5470249520153551,0.3764861294583884,11.661903789690601,4.090260569972346,0.1392857142857143,482,560,ok,0.9233592447788533,0.0,0.0,0.0
slim,P000,80,excluded,0.5550239234449761,0.3841059602649007,11.293703207261885,4.102222574108926,0.13059033989266547,486,559,ok,0.9233592447788533,0.0,0.0,0.0
slim,P000,81,excluded,0.5377990430622009,0.36780104712041883,11.2870347766876,4.23481759038362,0.14056939501779359,483,562,ok,0.9233592447788533,0.0,0.0,0.0
slim,P000,82,excluded,0.5281473899692938,0.3588317107093185,12.806248474865697,4.3648756613745565,0.19074074074074074,437,540,ok,0.9233592447788533,0.0,0.0,0.0
slim,P000,83,excluded,0.5281473899692938,0.3588317107093185,12.543778305577872,4.337719213425802,0.19074074074074074,437,540,ok,0.9233592447788533,0.0,0.0,0.0
slim,P000,84,excluded,0.514018691588785,0.34591194968553457,11.596866405015795,4.510668186431935,0.08243727598566308,512,558,ok,0.9233592447788533,0.0,0.0,0.0
slim,P000,85,excluded,0.5105527638190954,0.3427800269905533,11.661903789690601,4.3374145236382695,0.17095588235294118,451,544,ok,0.9233592447788533,0.0,0.0,0.0
slim,P000,86,excluded,0.5062166962699822,0.3388822829964328,11.313708498984761,4.6628826838453135,0.014311270125223614,567,559,ok,0.9233592447788533,0.0,0.0,0.0
slim,P000,87,excluded,0.5123239436619719,0.34437869822485206,11.313708498984761,4.644810222435237,0.02857142857142857,576,560,ok,0.9233592447788533,0.0,0.0,0.0
slim,P000,88,excluded,0.5695142378559463,0.3981264637002342,10.295630140987,4.083857574773353,0.12834224598930483,633,561,ok,0.9233592447788533,0.0,0.0,0.0
slim,P000,89,excluded,0.561163387510693,0.39001189060642094,10.295630140987,4.190939836063477,0.10251798561151079,613,556,ok,0.9233592447788533,0.0,0.0,0.0
slim,P000,90,excluded,0.5218216318785579,0.35301668806161746,10.81202140517967,4.349830659058798,0.029906542056074768,519,535,ok,0.9233592447788533,0.0,0.0,0.0
slim,P000,91,excluded,0.562874251497006,0.39166666666666666,10.563702056396211,4.237781559998977,0.0875,609,560,ok,0.9233592447788533,0.0,0.0,0.0
slim,P000,92,excluded,0.56,0.3888888888888889,10.389669780137305,4.270036269034704,0.07597173144876325,609,566,ok,0.9233592447788533,0.0,0.0,0.0
slim,P000,93,excluded,0.5313092979127134,0.36175710594315247,10.763320424192289,4.298221111600379,0.04814814814814815,514,540,ok,0.9233592447788533,0.0,0.0,0.0
slim,P000,94,excluded,0.5258215962441315,0.35668789808917195,10.770329614269007,4.382278849138708,0.042279411764705885,521,544,ok,0.9233592447788533,0.0,0.0,0.0
slim,P000,95,excluded,0.49761677788369874,0.33121827411167515,11.313708498984761,4.624515522139349,0.06099815157116451,508,541,ok,0.9233592447788533,0.0,0.0,0.0
slim,P000,96,excluded,0.537121906507791,0.36716791979949875,10.295630140987,4.272545991621291,0.03776978417266187,535,556,ok,0.9233592447788533,0.0,0.0,0.0
slim,P000,97,excluded,0.5500910746812386,0.3793969849246231,9.476262610815432,4.053518831435913,0.018050541516245487,544,554,ok,0.9233592447788533,0.0,0.0,0.0
slim,P000,98,excluded,0.563963963963964,0.39272271016311167,9.433981132056603,3.9575883533068845,0.042328042328042326,543,567,ok,0.9233592447788533,0.0,0.0,0.0
slim,P000,99,excluded,0.5821428571428572,0.4105793450881612,9.433981132056603,3.7709712997856495,0.07228915662650602,539,581,ok,0.9233592447788533,0.0,0.0,0.0
slim,P000,100,excluded,0.6062222222222222,0.43494897959183676,8.94427190999916,3.532412409289818,0.08673469387755102,537,588,ok,0.9233592447788533,0.0,0.0,0.0
slim,P000,101,excluded,0.6058458813108946,0.43456162642947904,8.94427190999916,3.571568869150661,0.09932659932659933,535,594,ok,0.9233592447788533,0.0,0.0,0.0
slim,P000,102,excluded,0.645602049530316,0.4766708701134931,7.810249675906654,3.19558087916518,0.045075125208681135,572,599,ok,0.9233592447788533,0.0,0.0,0.0
slim,P000,103,excluded,0.631578947368421,0.46153846153846156,8.06225774829855,3.3174210921734106,0.1185064935064935,543,616,ok,0.9233592447788533,0.0,0.0,0.0
slim,P000,104,excluded,0.6616541353383458,0.4943820224719101,9.192017202563507,3.251511763880303,0.14705882352941177,551,646,ok,0.9233592447788533,0.0,0.0,0.0
slim,P000,105,excluded,0.6525285481239804,0.48426150121065376,7.810249675906654,3.3630888991720282,0.1196319018404908,574,652,ok,0.9233592447788533,0.0,0.0,0.0
slim,P000,106,excluded,0.6530612244897959,0.48484848484848486,7.615773105863909,3.349468243400832,0.09486780715396578,582,643,ok,0.9233592447788533,0.0,0.0,0.0
slim,P000,107,excluded,0.649712879409352,0.48116646415552855,7.800525847404515,3.350759226430173,0.08934169278996865,581,638,ok,0.9233592447788533,0.0,0.0,0.0
slim,P000,108,excluded,0.5970409051348999,0.42555831265508687,8.54400374531753,3.630809343984249,0.15569823434991975,526,623,ok,0.9233592447788533,0.0,0.0,0.0
slim,P000,109,excluded,0.576544315129812,0.4050314465408805,8.6536172634861,3.6876938966398325,0.1537190082644628,512,605,ok,0.9233592447788533,0.0,0.0,0.0
slim,P000,110,excluded,0.5934455270150576,0.42191435768261965,8.94427190999916,3.5982792619279156,0.09612141652613827,536,593,ok,0.9233592447788533,0.0,0.0,0.0
slim,P000,111,excluded,0.6008658008658009,0.42945544554455445,8.985562792093212,3.6281842701322295,0.07820299500831947,554,601,ok,0.9233592447788533,0.0,0.0,0.0
slim,P000,112,excluded,0.623175965665236,0.45261845386533667,8.06225774829855,3.2988171948240397,0.022569444444444444,589,576,ok,0.9233592447788533,0.0,0.0,0.0
slim,P000,113,excluded,0.65,0.48148148148148145,8.94427190999916,3.2582606047536804,0.13333333333333333,680,600,ok,0.9233592447788533,0.0,0.0,0.0
slim,P000,114,excluded,0.6365054602184087,0.4668192219679634,9.848857801796104,3.39814526007718,0.11900826446280992,677,605,ok,0.9233592447788533,0.0,0.0,0.0
slim,P000,115,excluded,0.6222961730449251,0.45169082125603865,8.602325267042627,3.312706397703057,0.15412186379928317,644,558,ok,0.9233592447788533,0.0,0.0,0.0
slim,P000,116,excluded,0.6244796003330558,0.4539951573849879,8.94427190999916,3.2962249077649064,0.1561938958707361,644,557,ok,0.9233592447788533,0.0,0.0,0.0
slim,P000,117,excluded,0.6146095717884131,0.44363636363636366,8.596493114870116,3.379346590031449,0.08947368421052632,621,570,ok,0.9233592447788533,0.0,0.0,0.0
slim,P000,118,excluded,0.6079593564775614,0.4367396593673966,9.433981132056603,3.3798818868528464,0.151183970856102,632,549,ok,0.9233592447788533,0.0,0.0,0.0
slim,P000,119,excluded,0.6040955631399317,0.43276283618581907,9.433981132056603,3.377393265823544,0.17037037037037037,632,540,ok,0.9233592447788533,0.0,0.0,0.0
slim,P000,120,excluded,0.6061093247588425,0.4348327566320646,10.161598439229726,3.6201676686175666,0.21746880570409982,683,561,ok,0.9233592447788533,0.0,0.0,0.0
slim,P000,121,excluded,0.6063912704598597,0.43512304250559286,11.057336805529962,3.70261441246767,0.315884476534296,729,554,ok,0.9233592447788533,0.0,0.0,0.0
slim,P000,122,excluded,0.6081504702194357,0.4369369369369369,11.324259223769024,3.666863338620624,0.3412844036697248,731,545,ok,0.9233592447788533,0.0,0.0,0.0
slim,P000,123,excluded,0.636144578313253,0.4664310954063604,9.962214450449025,3.3413106435828186,0.3446327683615819,714,531,ok,0.9233592447788533,0.0,0.0,0.0
slim,P000,124,excluded,0.6489533011272142,0.4803337306317044,9.164658342969666,3.1863058414948027,0.3042671614100185,703,539,ok,0.9233592447788533,0.0,0.0,0.0
slim,P000,125,excluded,0.6427990235964198,0.473621103117506,9.380371963365674,3.225637698836905,0.3365019011406844,703,526,ok,0.9233592447788533,0.0,0.0,0.0
slim,P000,126,excluded,0.6327474560592045,0.462787550744249,9.433981132056603,3.228186285455045,0.1237721021611002,572,509,ok,0.9233592447788533,0.0,0.0,0.0
slim,P000,127,excluded,0.5853211009174312,0.41374837872892345,9.316040960936556,3.617891326895022,0.010948905109489052,542,548,ok,0.9233592447788533,0.0,0.0,0.0
slim,P000,128,excluded,0.6208251473477406,0.45014245014245013,7.615773105863909,3.0718401238671578,0.11131725417439703,479,539,ok,0.9233592447788533,0.0,0.0,0.0
slim,P000,129,excluded,0.697282099343955,0.5352517985611511,6.708203932499369,2.5834870905070475,0.12478031634446397,498,569,ok,0.9233592447788533,0.0,0.0,0.0
slim,P000,130,excluded,0.7373271889400922,0.583941605839416,6.082762530298219,2.1879167964481225,0.12931034482758622,505,580,ok,0.9233592447788533,0.0,0.0,0.0
slim,P000,131,excluded,0.7421150278293135,0.5899705014749262,6.28828640183097,2.1423266479616134,0.12521739130434784,503,575,ok,0.9233592447788533,0.0,0.0,0.0
slim,P000,132,excluded,0.753731343283582,0.6047904191616766,6.28828640183097,2.064936917130993,0.12259194395796848,501,571,ok,0.9233592447788533,0.0,0.0,0.0
slim,P000,133,excluded,0.7675276752767528,0.6227544910179641,7.802775637731995,1.99680921725129,0.12780656303972365,505,579,ok,0.9233592447788533,0.0,0.0,0.0
slim,P000,134,excluded,0.7726829268292683,0.629570747217806,8.94427190999916,1.9737056762282839,0.12614259597806216,478,547,ok,0.9233592447788533,0.0,0.0,0.0
slim,P000,135,excluded,0.7543520309477756,0.6055900621118012,10.285871029606856,2.2009095312600944,0.14028776978417265,478,556,ok,0.9233592447788533,0.0,0.0,0.0
slim,P000,136,excluded,0.8107109879963066,0.6816770186335404,8.722987232804474,1.693459783299736,0.06951871657754011,522,561,ok,0.9233592447788533,0.0,0.0,0.0
slim,P000,137,excluded,0.7518248175182481,0.6023391812865497,9.26775813927783,2.2299234359289906,0.08726003490401396,523,573,ok,0.9233592447788533,0.0,0.0,0.0
slim,P000,138,excluded,0.740673339399454,0.588150289017341,9.26087697212806,2.3159712418320595,0.05830388692579505,533,566,ok,0.9233592447788533,0.0,0.0,0.0
slim,P000,139,excluded,0.7698042870456664,0.6257575757575757,10.539313440518091,2.0988312343915165,0.041970802919708027,525,548,ok,0.9233592447788533,0.0,0.0,0.0
slim,P000,140,excluded,0.746551724137931,0.5955983493810179,8.06225774829855,2.3425241403675843,0.04225352112676056,592,568,ok,0.9233592447788533,0.0,0.0,0.0
slim,P000,141,excluded,0.7442258340461934,0.5926430517711172,7.9810249675906615,2.3587998818009903,0.047285464098073555,598,571,ok,0.9233592447788533,0.0,0.0,0.0
slim,P000,142,excluded,0.7281021897810219,0.5724533715925395,11.180339887498949,2.5163956375337113,0.007272727272727273,546,550,ok,0.9233592447788533,0.0,0.0,0.0
slim,P000,143,excluded,0.7236954662104362,0.5670241286863271,8.159018936169593,2.4880224856367326,0.058098591549295774,601,568,ok,0.9233592447788533,0.0,0.0,0.0
slim,P000,144,excluded,0.6993755575379126,0.5377229080932785,11.40175425099138,2.7920953827600146,0.008880994671403197,558,563,ok,0.9233592447788533,0.0,0.0,0.0
slim,P000,145,excluded,0.7105038428693424,0.5509933774834437,6.909363379870801,2.491986037830653,0.061619718309859156,603,568,ok,0.9233592447788533,0.0,0.0,0.0
slim,P000,146,excluded,0.69009009009009,0.5268225584594223,11.180339887498949,2.8167330771141246,0.045774647887323945,542,568,ok,0.9233592447788533,0.0,0.0,0.0
slim,P001,0,retained,0.7458279845956355,0.5946775844421699,32.52823723651248,6.157426701477958,0.5129032258064516,1876,1240,ok,0.9407941452227521,0.0,0.0,0.0
slim,P001,1,retained,0.8352293577981651,0.7170762444864525,5.0,2.2538836497150503,0.20113085621970922,1487,1238,ok,0.9407941452227521,0.0,0.0,0.0
slim,P001,2,retained,0.8469539375928677,0.7345360824742269,4.47213595499958,2.074712411258914,0.17271993543179984,1453,1239,ok,0.9407941452227521,0.0,0.0,0.0
slim,P001,3,retained,0.833211944646759,0.714107365792759,5.0,2.273327935548957,0.21451612903225806,1506,1240,ok,0.9407941452227521,0.0,0.0,0.0
slim,P001,4,retained,0.8338762214983714,0.7150837988826816,5.0,2.249436832896318,0.20686900958466453,1511,1252,ok,0.9407941452227521,0.0,0.0,0.0
slim,P001,5,retained,0.832556471853711,0.7131449631449631,5.0,2.2749816894101356,0.22941646682653877,1538,1251,ok,0.9407941452227521,0.0,0.0,0.0
slim,P001,6,retained,0.840270366417645,0.7245398773006135,5.0,2.1616567779054807,0.22037914691943128,1545,1266,ok,0.9407941452227521,0.0,0.0,0.0
slim,P001,7,retained,0.848041010618821,0.7361729179910999,4.47213595499958,2.0477538829707234,0.18654923939151322,1482,1249,ok,0.9407941452227521,0.0,0.0,0.0
slim,P001,8,retained,0.8438538205980066,0.7298850574712644,4.47213595499958,2.112097460132429,0.17765273311897106,1465,1244,ok,0.9407941452227521,0.0,0.0,0.0
slim,P001,9,retained,0.8430879712746858,0.728739913097455,5.0,2.1559107239265556,0.19984202211690363,1519,1266,ok,0.9407941452227521,0.0,0.0,0.0
slim,P001,10,retained,0.7534516765285996,0.6044303797468354,30.019805085167086,5.777950197631467,0.45718901453957994,1804,1238,ok,0.9407941452227521,0.0,0.0,0.0
slim,P001,11,retained,0.7282471626733922,0.5726326227069906,30.804194541007334,5.789536648701374,0.529505582137161,1918,1254,ok,0.9407941452227521,0.0,0.0,0.0
slim,P001,12,retained,0.7152605459057072,0.5567358763882182,30.72743741149718,5.9249584953140895,0.5709728867623605,1970,1254,ok,0.9407941452227521,0.0,0.0,0.0
slim,P001,13,retained,0.8457675753228121,0.7327532628962088,5.0,2.1382262583340377,0.1952755905511811,1518,1270,ok,0.9407941452227521,0.0,0.0,0.0
slim,P001,14,retained,0.856937970598781,0.7496863237139272,4.47213595499958,1.989400284437893,0.1721183800623053,1505,1284,ok,0.9407941452227521,0.0,0.0,0.0
slim,P001,15,retained,0.7417810405362273,0.5895484525621512,30.50307439468045,5.9076060461418685,0.48848292295472595,1874,1259,ok,0.9407941452227521,0.0,0.0,0.0
slim,P001,16,retained,0.85360524399126,0.7445997458703939,4.47213595499958,2.0172926442094257,0.17418844022169439,1483,1263,ok,0.9407941452227521,0.0,0.0,0.0
slim,P001,17,retained,0.8601449275362318,0.7546090273363001,4.47213595499958,1.938716789862664,0.15456674473067916,1479,1281,ok,0.9407941452227521,0.0,0.0,0.0
slim,P001,18,retained,0.8553868402024585,0.7473152242577384,5.0,2.0143169893541057,0.14918414918414918,1479,1287,ok,0.9407941452227521,0.0,0.0,0.0
slim,P001,19,retained,0.851878612716763,0.7419760855884204,5.0,2.0669497861535855,0.15744349181605613,1485,1283,ok,0.9407941452227521,0.0,0.0,0.0
slim,P001,20,retained,0.849009009009009,0.7376330619912336,5.0,2.132256675156771,0.16796875,1495,1280,ok,0.9407941452227521,0.0,0.0,0.0
slim,P001,21,retained,0.8484203052893149,0.7367447595561035,5.0,2.1612846030213095,0.150381679389313,1507,1310,ok,0.9407941452227521,0.0,0.0,0.0
slim,P001,22,retained,0.8481788676523621,0.736380713838447,5.0,2.136790378790294,0.14462490332559938,1480,1293,ok,0.9407941452227521,0.0,0.0,0.0
slim,P001,23,retained,0.8488120950323974,0.7373358348968105,5.0,2.1188532365306205,0.17711598746081506,1502,1276,ok,0.9407941452227521,0.0,0.0,0.0
slim,P001,24,retained,0.8329314502239064,0.7136953955135773,5.425918223488179,2.4012272145174376,0.21941896024464833,1595,1308,ok,0.9407941452227521,0.0,0.0,0.0
slim,P001,25,retained,0.8434812521499828,0.7293277810826889,5.656854249492381,2.2459072475769597,0.22247706422018348,1599,1308,ok,0.9407941452227521,0.0,0.0,0.0
slim,P001,26,retained,0.843631342768381,0.7295522388059702,5.656854249492381,2.270629672028651,0.22333077513430544,1594,1303,ok,0.9407941452227521,0.0,0.0,0.0
slim,P001,27,retained,0.8518005540166205,0.7418576598311218,5.656854249492381,2.178853196597679,0.20795107033639143,1580,1308,ok,0.9407941452227521,0.0,0.0,0.0
slim,P001,28,retained,0.8490107601527247,0.7376357056694813,6.324555320336759,2.2360987274987787,0.18754745634016703,1564,1317,ok,0.9407941452227521,0.0,0.0,0.0
slim,P001,29,retained,0.8489710498779212,0.7375757575757576,6.324555320336759,2.270954824169165,0.2003069838833461,1564,1303,ok,0.9407941452227521,0.0,0.0,0.0
slim,P001,30,retained,0.8522766770941953,0.7425802543912781,6.4031242374328485,2.2165762093268304,0.2029096477794793,1571,1306,ok,0.9407941452227521,0.0,0.0,0.0
slim,P001,31,retained,0.8500345542501728,0.7391826923076923,6.324555320336759,2.2585898701640774,0.21932515337423314,1590,1304,ok,0.9407941452227521,0.0,0.0,0.0
slim,P001,32,retained,0.8613895610093328,0.7565270188221008,5.0,2.0499221110296344,0.2083969465648855,1583,1310,ok,0.9407941452227521,0.0,0.0,0.0
slim,P001,33,retained,0.8586242654683719,0.7522713506965475,5.0,2.066793254932953,0.22367409684857803,1592,1301,ok,0.9407941452227521,0.0,0.0,0.0
slim,P001,34,retained,0.853021978021978,0.7437125748502994,5.0,2.1463493406909477,0.22970903522205208,1606,1306,ok,0.9407941452227521,0.0,0.0,0.0
slim,P001,35,retained,0.8515057113187954,0.7414104882459313,4.47213595499958,2.1376425002631136,0.21549079754601227,1585,1304,ok,0.9407941452227521,0.0,0.0,0.0
slim,P001,36,retained,0.8396193161790624,0.7235722964763062,5.0,2.289225145987403,0.19242658423493045,1543,1294,ok,0.9407941452227521,0.0,0.0,0.0
slim,P001,37,retained,0.8359133126934984,0.7180851063829787,5.0,2.3783672194485455,0.21064638783269962,1592,1315,ok,0.9407941452227521,0.0,0.0,0.0
slim,P001,38,retained,0.8212927756653993,0.6967741935483871,5.385164807134504,2.613367840759621,0.24263565891472869,1603,1290,ok,0.9407941452227521,0.0,0.0,0.0
slim,P001,39,retained,0.80600068189567,0.6750428326670475,6.708203932499369,2.8527742331002224,0.2789432789432789,1646,1287,ok,0.9407941452227521,0.0,0.0,0.0
slim,P001,40,retained,0.7971114167812929,0.6626643796455117,7.615773105863909,2.9579278011313064,0.27899686520376177,1632,1276,ok,0.9407941452227521,0.0,0.0,0.0
slim,P001,41,retained,0.7836818649297224,0.6443066516347238,8.06225774829855,3.1713711471841797,0.27890625,1637,1280,ok,0.9407941452227521,0.0,0.0,0.0
slim,P001,42,retained,0.765082574991574,0.6195414847161572,9.848857801796104,3.532009543476228,0.33254716981132076,1695,1272,ok,0.9407941452227521,0.0,0.0,0.0
slim,P001,43,retained,0.7615176151761518,0.6148796498905909,9.848857801796104,3.5522390302500177,0.33175355450236965,1686,1266,ok,0.9407941452227521,0.0,0.0,0.0
slim,P001,44,retained,0.7454855195911414,0.5942422596414992,10.0,3.8208462232065523,0.32936507936507936,1675,1260,ok,0.9407941452227521,0.0,0.0,0.0
slim,P001,45,retained,0.7273954116059379,0.5715800636267232,10.63014581273465,4.124037402011239,0.36363636363636365,1710,1254,ok,0.9407941452227521,0.0,0.0,0.0
slim,P001,46,retained,0.7250250584697627,0.5686582809224319,12.020797289396148,4.164183308468941,0.39057507987220447,1741,1252,ok,0.9407941452227521,0.0,0.0,0.0
slim,P001,47,retained,0.7235313640889479,0.5668226729069162,12.727922061357855,4.2380951142472645,0.40654952076677314,1761,1252,ok,0.9407941452227521,0.0,0.0,0.0
slim,P001,48,retained,0.7340674007340674,0.5798629414865577,12.35912728604015,4.061391583210374,0.39951961569255406,1748,1249,ok,0.9407941452227521,0.0,0.0,0.0
slim,P001,49,retained,0.7417619367854741,0.589524318546232,12.0,3.908907958930402,0.4100486223662885,1740,1234,ok,0.9407941452227521,0.0,0.0,0.0
slim,P001,50,retained,0.7417085427135678,0.5894568690095847,11.180339887498949,3.8859519121856754,0.4111470113085622,1747,1238,ok,0.9407941452227521,0.0,0.0,0.0
slim,P001,51,retained,0.7440273037542662,0.592391304347826,10.522812285250165,3.854444718407014,0.39967239967239965,1709,1221,ok,0.9407941452227521,0.0,0.0,0.0
slim,P001,52,retained,0.7759601706970128,0.6339337594421848,8.052919086053764,3.3644503346613286,0.2992641046606705,1589,1223,ok,0.9407941452227521,0.0,0.0,0.0
slim,P001,53,retained,0.805319541928334,0.6740878169449598,6.324555320336759,2.8420028861379705,0.22615131578947367,1491,1216,ok,0.9407941452227521,0.0,0.0,0.0
slim,P001,54,retained,0.8302025782688766,0.7096977329974811,5.830951894845301,2.4456797916740873,0.21451876019575855,1489,1226,ok,0.9407941452227521,0.0,0.0,0.0
slim,P001,55,retained,0.8306780288995924,0.7103929024081115,6.324555320336759,2.4153198962158005,0.22506183017312448,1486,1213,ok,0.9407941452227521,0.0,0.0,0.0
slim,P001,56,retained,0.8373471656168952,0.7202039515615042,6.324555320336759,2.3157822009400766,0.24355777223607647,1496,1203,ok,0.9407941452227521,0.0,0.0,0.0
slim,P001,57,retained,0.838158871566444,0.721405750798722,5.8563091106185015,2.293803972062656,0.231980115990058,1487,1207,ok,0.9407941452227521,0.0,0.0,0.0
slim,P001,58,retained,0.8422641509433962,0.727509778357236,5.453087167723973,2.2424155079766264,0.21017514595496248,1451,1199,ok,0.9407941452227521,0.0,0.0,0.0
slim,P001,59,retained,0.8344880677444187,0.7159841479524438,5.0990195135927845,2.3602714194589067,0.16319733555370525,1397,1201,ok,0.9407941452227521,0.0,0.0,0.0
slim,P001,60,retained,0.8572545952287838,0.7501711156741958,4.47213595499958,2.0069537479550514,0.12199170124481327,1352,1205,ok,0.9407941452227521,0.0,0.0,0.0
slim,P001,61,retained,0.8661971830985915,0.7639751552795031,4.123105625617661,1.8737090851266822,0.11940298507462686,1350,1206,ok,0.9407941452227521,0.0,0.0,0.0
slim,P001,62,retained,0.8688460023631351,0.7681058495821727,4.123105625617661,1.831153248386682,0.12646566164154105,1345,1194,ok,0.9407941452227521,0.0,0.0,0.0
slim,P001,63,retained,0.8788115715402658,0.7838214783821479,3.605551275463989,1.6802852604303435,0.12106135986733002,1352,1206,ok,0.9407941452227521,0.0,0.0,0.0
slim,P001,64,retained,0.8688783570300158,0.7681564245810056,4.123105625617661,1.811045857358398,0.10824313072439634,1331,1201,ok,0.9407941452227521,0.0,0.0,0.0
slim,P001,65,retained,0.868074930251096,0.7669014084507042,4.200803415593714,1.8507138132005843,0.10486577181208054,1317,1192,ok,0.9407941452227521,0.0,0.0,0.0
slim,P001,66,retained,0.8602322787344814,0.7547434996486296,4.182873156368473,1.9432621418782423,0.11073541842772612,1314,1183,ok,0.9407941452227521,0.0,0.0,0.0
slim,P001,67,retained,0.8383473726434015,0.7216850828729282,4.47213595499958,2.281558085514083,0.14543889845094665,1331,1162,ok,0.9407941452227521,0.0,0.0,0.0
slim,P001,68,retained,0.834069907593411,0.715368711233632,5.0,2.314156150831605,0.1605902777777778,1337,1152,ok,0.9407941452227521,0.0,0.0,0.0
slim,P001,69,retained,0.8495361032674466,0.738429172510519,4.47213595499958,2.085279458964529,0.13522825150732126,1318,1161,ok,0.9407941452227521,0.0,0.0,0.0
slim,P001,70,retained,0.8447048974466304,0.731159420289855,5.0,2.083479929576285,0.1311329170383586,1268,1121,ok,0.9407941452227521,0.0,0.0,0.0
slim,P001,71,retained,0.8438677270824613,0.7299058653149891,5.0,2.156424747580286,0.13303571428571428,1269,1120,ok,0.9407941452227521,0.0,0.0,0.0
slim,P001,72,retained,0.8414889167712254,0.7263537906137184,5.156248572301125,2.1724329062273804,0.14824797843665768,1278,1113,ok,0.9407941452227521,0.0,0.0,0.0
slim,P001,73,retained,0.830950378469302,0.7107913669064748,5.0990195135927845,2.2951555770526406,0.13273542600896862,1263,1115,ok,0.9407941452227521,0.0,0.0,0.0
slim,P001,74,retained,0.8155172413793104,0.6885007278020379,5.830951894845301,2.531184928243523,0.1206581352833638,1226,1094,ok,0.9407941452227521,0.0,0.0,0.0
slim,P001,75,retained,0.8118556701030928,0.6832971800433839,5.385164807134504,2.546685222006775,0.10488245931283906,1222,1106,ok,0.9407941452227521,0.0,0.0,0.0
slim,P001,76,retained,0.8106734434561627,0.6816239316239316,5.385164807134504,2.5947060338842323,0.12702702702702703,1251,1110,ok,0.9407941452227521,0.0,0.0,0.0
slim,P001,77,retained,0.8096446700507615,0.6801705756929638,5.0198039027185555,2.608713655370735,0.11449016100178891,1246,1118,ok,0.9407941452227521,0.0,0.0,0.0
slim,P001,78,retained,0.8030625265844321,0.6709310589907604,5.385164807134504,2.709733082727828,0.13727272727272727,1251,1100,ok,0.9407941452227521,0.0,0.0,0.0
slim,P001,79,retained,0.78839590443686,0.6507042253521127,5.830951894845301,2.9260087222783677,0.14652014652014653,1252,1092,ok,0.9407941452227521,0.0,0.0,0.0
slim,P001,80,retained,0.7794561933534743,0.6386138613861386,6.17947964631363,3.0566337551194214,0.14338575393154487,1236,1081,ok,0.9407941452227521,0.0,0.0,0.0
slim,P001,81,retained,0.7629796839729119,0.6167883211678832,7.534838994876704,3.288967349133608,0.0995260663507109,1160,1055,ok,0.9407941452227521,0.0,0.0,0.0
slim,P001,82,retained,0.7647820457488131,0.6191474493361285,6.340269103755976,3.2851471633468567,0.12179487179487179,1225,1092,ok,0.9407941452227521,0.0,0.0,0.0
slim,P001,83,retained,0.7607305936073059,0.6138540899042004,7.950636587689889,3.3207509479519213,0.062146892655367235,1128,1062,ok,0.9407941452227521,0.0,0.0,0.0
slim,P001,84,retained,0.7676579925650557,0.6229260935143288,7.5753060503703065,3.1609404411845063,0.055396370582617004,1105,1047,ok,0.9407941452227521,0.0,0.0,0.0
slim,P001,85,retained,0.7685009487666035,0.6240369799691834,8.54400374531753,3.1398275236145152,0.028873917228103944,1069,1039,ok,0.9407941452227521,0.0,0.0,0.0
slim,P001,86,retained,0.7766544117647058,0.6348610067618332,7.5150741408888875,3.0091295858885827,0.03554724041159962,1107,1069,ok,0.9407941452227521,0.0,0.0,0.0
slim,P001,87,retained,0.7701260911736179,0.6261829652996845,8.06225774829855,3.0191254475667706,0.015399422521655439,1023,1039,ok,0.9407941452227521,0.0,0.0,0.0
slim,P001,88,retained,0.7556874381800198,0.6073131955484896,8.558584125748805,3.216462578584805,0.0311587147030185,995,1027,ok,0.9407941452227521,0.0,0.0,0.0
slim,P001,89,retained,0.7447122479094933,0.5932601880877743,9.433981132056603,3.430610608444605,0.004906771344455349,1014,1019,ok,0.9407941452227521,0.0,0.0,0.0
slim,P001,90,retained,0.745273631840796,0.5939730372720063,9.433981132056603,3.390957552120815,0.021653543307086614,994,1016,ok,0.9407941452227521,0.0,0.0,0.0
slim,P001,91,retained,0.7505070993914807,0.6006493506493507,9.688689622631125,3.317388405224579,0.05330700888450148,959,1013,ok,0.9407941452227521,0.0,0.0,0.0
slim,P001,92,retained,0.7576227390180879,0.6098169717138103,9.85849528301415,3.2312707216717675,0.07654075546719682,929,1006,ok,0.9407941452227521,0.0,0.0,0.0
slim,P001,93,retained,0.7628973423658155,0.6166807076663858,9.724394800874249,3.1093369445858,0.07715430861723446,921,998,ok,0.9407941452227521,0.0,0.0,0.0
slim,P001,94,retained,0.7652901202300052,0.619813717188823,10.37808748764077,3.155009510988261,0.08316633266533066,915,998,ok,0.9407941452227521,0.0,0.0,0.0
slim,P001,95,retained,0.7647983237297015,0.6191687871077184,10.546516894797737,3.1976561695429004,0.079476861167002,915,994,ok,0.9407941452227521,0.0,0.0,0.0
slim,P001,96,retained,0.7733887733887734,0.6305084745762712,9.95465734053883,3.037089571603765,0.0486815415821501,938,986,ok,0.9407941452227521,0.0,0.0,0.0
slim,P001,97,retained,0.7768508863399375,0.6351236146632566,9.724394800874249,2.961876051850432,0.05476673427991886,932,986,ok,0.9407941452227521,0.0,0.0,0.0
slim,P001,98,retained,0.7697993664202746,0.6257510729613734,9.964823227814081,3.0472342312583924,0.04742268041237113,924,970,ok,0.9407941452227521,0.0,0.0,0.0
slim,P001,99,retained,0.7661122661122661,0.6208930075821398,9.219544457292887,3.0677408424023915,0.0,962,962,ok,0.9407941452227521,0.0,0.0,0.0
slim,P001,100,retained,0.7668553782810088,0.6218697829716193,8.818351983630198,3.036201519175017,0.00513347022587269,969,974,ok,0.9407941452227521,0.0,0.0,0.0
slim,P001,101,retained,0.7625383828045036,0.6162117452440034,7.885852097624225,3.0199345324615234,0.031185031185031187,992,962,ok,0.9407941452227521,0.0,0.0,0.0
slim,P001,102,retained,0.746314184036604,0.5952960259529603,9.476262610815429,3.2152903091155376,0.06400839454354669,1014,953,ok,0.9407941452227521,0.0,0.0,0.0
slim,P001,103,retained,0.6266609515645092,0.45630461922596754,37.53173099098272,8.704606193732793,0.44549266247379454,1379,954,ok,0.9407941452227521,0.0,0.0,0.0
slim,P001,104,retained,0.6192324277705907,0.44846970643347905,37.04588444861279,8.665701162217696,0.44105263157894736,1369,950,ok,0.9407941452227521,0.0,0.0,0.0
slim,P001,105,retained,0.6163682864450127,0.4454713493530499,38.15219539741135,8.750364725241996,0.4694736842105263,1396,950,ok,0.9407941452227521,0.0,0.0,0.0
slim,P001,106,retained,0.7314112291350531,0.5765550239234449,10.295630140987,3.491906518989958,0.08544303797468354,1029,948,ok,0.9407941452227521,0.0,0.0,0.0
slim,P001,107,retained,0.6310845431255337,0.4610106051154086,38.69589919069489,8.723383684591036,0.4941427050053248,1403,939,ok,0.9407941452227521,0.0,0.0,0.0
slim,P001,108,retained,0.7474949899799599,0.5968,9.433981132056603,3.273933713027432,0.10105263157894737,1046,950,ok,0.9407941452227521,0.0,0.0,0.0
slim,P001,109,retained,0.7501256913021619,0.6001609010458568,9.848857801796104,3.3480137834374863,0.09368421052631579,1039,950,ok,0.9407941452227521,0.0,0.0,0.0
slim,P001,110,retained,0.759467758444217,0.6122112211221122,8.756201256373062,3.0729206188845795,0.012358393408856848,983,971,ok,0.9407941452227521,0.0,0.0,0.0
slim,P001,111,retained,0.6028097062579821,0.43144424131627057,38.32726715370813,8.82492686477156,0.498936170212766,1409,940,ok,0.9407941452227521,0.0,0.0,0.0
slim,P001,112,retained,0.7506374298827129,0.6008163265306122,9.473468554344523,3.2322678815998622,0.07293868921775898,1015,946,ok,0.9407941452227521,0.0,0.0,0.0
slim,P001,113,retained,0.5868011769651114,0.41522903033908387,42.390952773432616,9.960752668334647,0.5281615302869288,1438,941,ok,0.9407941452227521,0.0,0.0,0.0
slim,P001,114,retained,0.7403598971722365,0.5877551020408164,9.595440426892432,3.3853492806258605,0.034518828451882845,989,956,ok,0.9407941452227521,0.0,0.0,0.0
slim,P001,115,retained,0.5644018340975406,0.39314750290360045,39.57251616459523,9.414686949344189,0.5767991407089151,1468,931,ok,0.9407941452227521,0.0,0.0,0.0
slim,P001,116,retained,0.5673400673400674,0.39600470035252644,39.534611069206264,9.346107527272364,0.5658747300215983,1450,926,ok,0.9407941452227521,0.0,0.0,0.0
slim,P001,117,retained,0.5780984719864176,0.4065671641791045,40.11944525662862,9.487647620739956,0.5580890336590663,1435,921,ok,0.9407941452227521,0.0,0.0,0.0
slim,P001,118,retained,0.5120567375886524,0.34413727359389895,68.6942376149281,18.263985993450152,0.9809725158562368,1874,946,ok,0.9407941452227521,0.0,0.0,0.0
slim,P001,119,retained,0.5261299435028248,0.3569717297556301,67.98527819235613,18.21566446382165,0.95,1872,960,ok,0.9407941452227521,0.0,0.0,0.0
slim,P001,120,retained,0.7367336424523442,0.5831973898858075,9.186712593461795,3.3871676565802042,0.04746835443037975,993,948,ok,0.9407941452227521,0.0,0.0,0.0
slim,P001,121,retained,0.7301750772399588,0.5750202757502028,10.08691647263706,3.5417291143426888,0.05938494167550371,999,943,ok,0.9407941452227521,0.0,0.0,0.0
slim,P001,122,retained,0.5579503863359089,0.38691483361534124,49.5839699327026,12.090288101311934,0.6555075593952484,1533,926,ok,0.9407941452227521,0.0,0.0,0.0
slim,P001,123,retained,0.5756802721088435,0.40417910447761196,40.96331079759409,9.895151402258895,0.5565217391304348,1432,920,ok,0.9407941452227521,0.0,0.0,0.0
slim,P001,124,retained,0.5865546218487395,0.4149821640903686,47.254515780941226,11.272035795071716,0.5646551724137931,1452,928,ok,0.9407941452227521,0.0,0.0,0.0
slim,P001,125,retained,0.73389651531151,0.5796497080900751,8.94427190999916,3.3597336675159837,0.049783549783549784,970,924,ok,0.9407941452227521,0.0,0.0,0.0
slim,P001,126,retained,0.7322175732217573,0.5775577557755776,9.211336491335112,3.4473258181220268,0.0737527114967462,990,922,ok,0.9407941452227521,0.0,0.0,0.0
slim,P001,127,retained,0.4880418535127055,0.3227879387048937,71.28122873913023,20.03622131523399,0.9374313940724479,1765,911,ok,0.9407941452227521,0.0,0.0,0.0
slim,P001,128,retained,0.7162740899357601,0.5579649708090075,9.914533005062582,3.6699303684496236,0.00644468313641246,937,931,ok,0.9407941452227521,0.0,0.0,0.0
slim,P001,129,retained,0.699523052464229,0.5378973105134475,12.433575760568452,4.149409686787942,0.007446808510638298,947,940,ok,0.9407941452227521,0.0,0.0,0.0
slim,P001,130,retained,0.7136752136752137,0.5548172757475083,9.490583018850923,3.6723762322056217,0.017241379310344827,944,928,ok,0.9407941452227521,0.0,0.0,0.0
slim,P001,131,retained,0.591971768857521,0.42042606516290726,49.040799340956916,12.234202254453526,0.4803063457330416,1353,914,ok,0.9407941452227521,0.0,0.0,0.0
slim,P001,132,retained,0.702534919813761,0.5414673046251993,11.518821543406027,3.9886341751194356,0.1056644880174292,1015,918,ok,0.9407941452227521,0.0,0.0,0.0
slim,P001,133,retained,0.581174438687392,0.40961655508216677,41.5349679862387,10.044614981376874,0.545054945054945,1406,910,ok,0.9407941452227521,0.0,0.0,0.0
slim,P001,134,retained,0.5206143896523848,0.3519125683060109,42.92088856813765,10.67551514617522,0.7337016574585635,1569,905,ok,0.9407941452227521,0.0,0.0,0.0
slim,P001,135,retained,0.5155993431855501,0.3473451327433628,43.13002694822756,10.803844088607933,0.7309417040358744,1544,892,ok,0.9407941452227521,0.0,0.0,0.0
slim,P001,136,retained,0.5934558493948902,0.4219247928616954,40.597366061871945,10.36965925369823,0.43293347873500543,1314,917,ok,0.9407941452227521,0.0,0.0,0.0
slim,P001,137,retained,0.6853075749872903,0.5212683681361175,14.666330106860338,4.681290297042049,0.14972677595628414,1052,915,ok,0.9407941452227521,0.0,0.0,0.0
slim,P001,138,retained,0.6767830045523521,0.5114678899082569,19.72308292331602,5.253445668339621,0.17014270032930845,1066,911,ok,0.9407941452227521,0.0,0.0,0.0
slim,P001,139,retained,0.5902503293807642,0.41869158878504675,50.45096550591556,12.516019058066318,0.5132450331125827,1371,906,ok,0.9407941452227521,0.0,0.0,0.0
slim,P001,140,retained,0.44382801664355065,0.28520499108734404,69.97855062456797,18.910401382143498,1.2661381653454133,2001,883,ok,0.9407941452227521,0.0,0.0,0.0
slim,P001,141,retained,0.5662751677852349,0.39496781743709775,48.180378675102,12.076040870371667,0.6371681415929203,1480,904,ok,0.9407941452227521,0.0,0.0,0.0
slim,P001,142,retained,0.472640218878249,0.30944917151813706,72.17819052530163,18.92837621529825,1.2561247216035634,2026,898,ok,0.9407941452227521,0.0,0.0,0.0
slim,P001,143,retained,0.47705146036161333,0.3132420091324201,69.9270852618429,18.24932800551203,1.143169398907104,1961,915,ok,0.9407941452227521,0.0,0.0,0.0
slim,P011,0,retained,0.7721238938053098,0.6288288288288288,15.0,4.371193645968279,0.3810359964881475,1573,1139,ok,0.9868507514258171,0.0,0.0,0.0
slim,P011,1,retained,0.7842415316642121,0.6450635978195033,14.04977645840111,4.096757016177273,0.4078014184397163,1588,1128,ok,0.9868507514258171,0.0,0.0,0.0
slim,P011,2,retained,0.7897435897435897,0.652542372881356,14.872765309952582,4.078972131693536,0.40316901408450706,1594,1136,ok,0.9868507514258171,0.0,0.0,0.0
slim,P011,3,retained,0.7908351810790836,0.6540342298288508,14.604197800704917,3.9736065392803748,0.43345323741007197,1594,1112,ok,0.9868507514258171,0.0,0.0,0.0
slim,P011,4,retained,0.7940298507462686,0.6584158415841584,14.670164833920778,3.8972655422070126,0.4474885844748858,1585,1095,ok,0.9868507514258171,0.0,0.0,0.0
slim,P011,5,retained,0.7979002624671916,0.6637554585152838,13.9391300356065,3.7624134419318023,0.43561643835616437,1572,1095,ok,0.9868507514258171,0.0,0.0,0.0
slim,P011,6,retained,0.7989497374343586,0.665209244222361,13.701102881551583,3.675683028007552,0.4369287020109689,1572,1094,ok,0.9868507514258171,0.0,0.0,0.0
slim,P011,7,retained,0.7998486568293606,0.6664564943253468,13.44941518467781,3.6326823408281954,0.4700934579439252,1573,1070,ok,0.9868507514258171,0.0,0.0,0.0
slim,P011,8,retained,0.802875520242149,0.6706700379266751,12.22718872423571,3.485467033878473,0.4724041159962582,1574,1069,ok,0.9868507514258171,0.0,0.0,0.0
slim,P011,9,retained,0.8054607508532423,0.6742857142857143,12.110795063055898,3.4417783198330496,0.46448598130841123,1567,1070,ok,0.9868507514258171,0.0,0.0,0.0
slim,P011,10,retained,0.8027366020524516,0.6704761904761904,12.37414379544733,3.520120675828082,0.47973609802073514,1570,1061,ok,0.9868507514258171,0.0,0.0,0.0
slim,P011,11,retained,0.7989337395277989,0.6651870640456563,11.426237921249273,3.532326341193212,0.49619771863117873,1574,1052,ok,0.9868507514258171,0.0,0.0,0.0
slim,P011,12,retained,0.79265493496557,0.6565272496831432,11.551315688243534,3.6242524106447336,0.5110470701248799,1573,1041,ok,0.9868507514258171,0.0,0.0,0.0
slim,P011,13,retained,0.7921928817451206,0.655893536121673,11.224622760197432,3.592957381634745,0.5173410404624278,1575,1038,ok,0.9868507514258171,0.0,0.0,0.0
slim,P011,14,retained,0.7836078130984298,0.6442065491183879,10.514309846769365,3.7021487910891064,0.5473170731707317,1586,1025,ok,0.9868507514258171,0.0,0.0,0.0
slim,P011,15,retained,0.7803379416282642,0.6397984886649875,10.059411708155674,3.7069160450734757,0.562992125984252,1588,1016,ok,0.9868507514258171,0.0,0.0,0.0
slim,P011,16,retained,0.778544061302682,0.6373902132998746,10.192582403567252,3.743389534570174,0.5688976377952756,1594,1016,ok,0.9868507514258171,0.0,0.0,0.0
slim,P011,17,retained,0.7803177063153817,0.6397712833545108,9.414658342969666,3.6278006787638333,0.5630585898709036,1574,1007,ok,0.9868507514258171,0.0,0.0,0.0
slim,P011,18,retained,0.7817614964925955,0.6417146513115803,9.338769596696203,3.623599526295334,0.5583250249252243,1563,1003,ok,0.9868507514258171,0.0,0.0,0.0
slim,P011,19,retained,0.7795677799607073,0.6387636831938184,8.272001872658766,3.5976959129854036,0.5655241935483871,1553,992,ok,0.9868507514258171,0.0,0.0,0.0
slim,P011,20,retained,0.7794994040524433,0.638671875,8.154234499766936,3.600470784334746,0.5631364562118126,1535,982,ok,0.9868507514258171,0.0,0.0,0.0
slim,P011,21,retained,0.7774244833068362,0.635890767230169,8.0,3.6706910615017425,0.5725971370143149,1538,978,ok,0.9868507514258171,0.0,0.0,0.0
slim,P011,22,retained,0.781766841468334,0.6417218543046358,8.723768369574007,3.5951391291961503,0.5477903391572456,1506,973,ok,0.9868507514258171,0.0,0.0,0.0
slim,P011,23,retained,0.7730753728335349,0.6300919842312747,8.06225774829855,3.6975902602518578,0.579002079002079,1519,962,ok,0.9868507514258171,0.0,0.0,0.0
slim,P011,24,retained,0.7701056051990252,0.6261558784676354,8.06225774829855,3.731251112495949,0.5861344537815126,1510,952,ok,0.9868507514258171,0.0,0.0,0.0
slim,P011,25,retained,0.7574059247397918,0.6095360824742269,8.54400374531753,3.952416394761537,0.6294736842105263,1548,950,ok,0.9868507514258171,0.0,0.0,0.0
slim,P011,26,retained,0.7614826752618856,0.6148340923877684,8.526387033993842,3.859689560791527,0.6181434599156118,1534,948,ok,0.9868507514258171,0.0,0.0,0.0
slim,P011,27,retained,0.7732128184059162,0.6302746148693905,8.006225774829852,3.6098789445273782,0.5811240721102863,1491,943,ok,0.9868507514258171,0.0,0.0,0.0
slim,P011,28,retained,0.762684124386252,0.6164021164021164,8.54400374531753,3.7951632617652025,0.6223175965665236,1512,932,ok,0.9868507514258171,0.0,0.0,0.0
slim,P011,29,retained,0.7821698906644239,0.6422651933701657,8.270118263535638,3.4176068799243735,0.556989247311828,1448,930,ok,0.9868507514258171,0.0,0.0,0.0
slim,P011,30,retained,0.8091268100043879,0.6794399410464259,7.810249675906654,2.862058739359717,0.46645021645021645,1355,924,ok,0.9868507514258171,0.0,0.0,0.0
slim,P011,31,retained,0.8405797101449275,0.725,6.4031242374328485,2.2513410808672165,0.3428258488499452,1226,913,ok,0.9868507514258171,0.0,0.0,0.0
slim,P011,32,retained,0.8452935694315005,0.7320419693301049,6.359911333029999,2.163689805702805,0.35049288061336253,1233,913,ok,0.9868507514258171,0.0,0.0,0.0
slim,P011,33,retained,0.8313582497721057,0.7113884555382215,7.0710678118654755,2.4224509147668702,0.3978142076502732,1279,915,ok,0.9868507514258171,0.0,0.0,0.0
slim,P011,34,retained,0.8234234234234235,0.6998468606431854,7.0710678118654755,2.584970948746198,0.4288840262582057,1306,914,ok,0.9868507514258171,0.0,0.0,0.0
slim,P011,35,retained,0.8059964726631393,0.6750369276218612,7.27665952236289,2.9232485615100763,0.4814004376367615,1354,914,ok,0.9868507514258171,0.0,0.0,0.0
slim,P011,36,retained,0.7894051237516283,0.6520803443328551,7.810249675906654,3.2571153169618485,0.5335533553355336,1394,909,ok,0.9868507514258171,0.0,0.0,0.0
slim,P011,37,retained,0.7853131749460043,0.6465149359886202,8.06225774829855,3.365336250192937,0.5467546754675467,1406,909,ok,0.9868507514258171,0.0,0.0,0.0
slim,P011,38,retained,0.7861471861471861,0.6476462196861626,8.06225774829855,3.3517476370111914,0.5412541254125413,1401,909,ok,0.9868507514258171,0.0,0.0,0.0
slim,P011,39,retained,0.7816291161178509,0.6415362731152204,8.863201123595253,3.5097748697650033,0.5530973451327433,1404,904,ok,0.9868507514258171,0.0,0.0,0.0
slim,P011,40,retained,0.7848761408083442,0.6459227467811158,8.484445246501092,3.401330917609751,0.5453539823008849,1397,904,ok,0.9868507514258171,0.0,0.0,0.0
slim,P011,41,retained,0.78894251864853,0.6514492753623189,8.484445246501092,3.3056703242292214,0.5322222222222223,1379,900,ok,0.9868507514258171,0.0,0.0,0.0
slim,P011,42,retained,0.7889182058047494,0.6514161220043573,8.484445246501092,3.2998507438899454,0.532293986636971,1376,898,ok,0.9868507514258171,0.0,0.0,0.0
slim,P011,43,retained,0.7877984084880637,0.649890590809628,8.875882581407856,3.2860276769344763,0.5273743016759777,1367,895,ok,0.9868507514258171,0.0,0.0,0.0
slim,P011,44,retained,0.7884187082405345,0.6507352941176471,9.178504627504019,3.2737668305468377,0.5224719101123596,1355,890,ok,0.9868507514258171,0.0,0.0,0.0
slim,P011,45,retained,0.7894501564595441,0.6521418020679468,10.039900496896713,3.3628621047218985,0.507847533632287,1345,892,ok,0.9868507514258171,0.0,0.0,0.0
slim,P011,46,retained,0.7865771812080536,0.6482300884955752,9.992442890089803,3.3730988382440517,0.4972067039106145,1340,895,ok,0.9868507514258171,0.0,0.0,0.0
slim,P011,47,retained,0.7905282331511839,0.6536144578313253,8.06225774829855,3.144601922088828,0.4897959183673469,1314,882,ok,0.9868507514258171,0.0,0.0,0.0
slim,P011,48,retained,0.7811659192825112,0.6409124356144223,7.713011390885281,3.3136672456421095,0.519774011299435,1345,885,ok,0.9868507514258171,0.0,0.0,0.0
slim,P011,49,retained,0.7785714285714286,0.6374269005847953,7.810249675906654,3.341706667546254,0.5339366515837104,1356,884,ok,0.9868507514258171,0.0,0.0,0.0
slim,P011,50,retained,0.7817531305903399,0.6417033773861968,8.06225774829855,3.2881622600143836,0.5380249716231555,1355,881,ok,0.9868507514258171,0.0,0.0,0.0
slim,P011,51,retained,0.7883408071748879,0.6506291635825314,7.810249675906654,3.1787151954973485,0.5254813137032842,1347,883,ok,0.9868507514258171,0.0,0.0,0.0
slim,P011,52,retained,0.7876620473848904,0.6497050147492626,8.497025848454362,3.2865202890977296,0.536281179138322,1355,882,ok,0.9868507514258171,0.0,0.0,0.0
slim,P011,53,retained,0.7826863007585899,0.6429618768328446,9.211336491335112,3.3922119875502688,0.5523917995444191,1363,878,ok,0.9868507514258171,0.0,0.0,0.0
slim,P011,54,retained,0.7808157776781712,0.6404411764705882,10.2381370758263,3.443191529446665,0.5584862385321101,1359,872,ok,0.9868507514258171,0.0,0.0,0.0
slim,P011,55,retained,0.7829213483146067,0.6432791728212703,9.121048865799601,3.294322161773215,0.545766590389016,1351,874,ok,0.9868507514258171,0.0,0.0,0.0
slim,P011,56,retained,0.7815884476534296,0.6414814814814814,9.353188718899013,3.2995017419171226,0.5559400230680508,1349,867,ok,0.9868507514258171,0.0,0.0,0.0
slim,P011,57,retained,0.7695729537366548,0.6254519161243673,9.848857801796104,3.505365638557179,0.5958429561200924,1382,866,ok,0.9868507514258171,0.0,0.0,0.0
slim,P011,58,retained,0.7669039145907474,0.6219336219336219,9.848857801796104,3.534166893170443,0.6048667439165701,1385,863,ok,0.9868507514258171,0.0,0.0,0.0
slim,P011,59,retained,0.768064228367529,0.6234612599565532,10.360734506552596,3.4821167021014205,0.5919075144508671,1377,865,ok,0.9868507514258171,0.0,0.0,0.0
slim,P011,60,retained,0.7625,0.6161616161616161,10.198039027185569,3.55937165340599,0.6107226107226107,1382,858,ok,0.9868507514258171,0.0,0.0,0.0
slim,P011,61,retained,0.7612672913877733,0.6145533141210374,10.12395732415323,3.57908917240229,0.6149358226371062,1384,857,ok,0.9868507514258171,0.0,0.0,0.0
slim,P011,62,retained,0.7620332883490778,0.6155523255813954,10.770329614269007,3.544100381281687,0.6091549295774648,1371,852,ok,0.9868507514258171,0.0,0.0,0.0
slim,P011,63,retained,0.7613483146067416,0.6146589259796807,10.770329614269007,3.557792003129541,0.6115023474178404,1373,852,ok,0.9868507514258171,0.0,0.0,0.0
slim,P011,64,retained,0.7598017124831005,0.6126453488372093,10.770329614269007,3.5764112581846663,0.6167452830188679,1371,848,ok,0.9868507514258171,0.0,0.0,0.0
slim,P011,65,retained,0.7593679458239277,0.6120815138282387,10.770329614269007,3.588840391525991,0.6182033096926713,1369,846,ok,0.9868507514258171,0.0,0.0,0.0
slim,P011,66,retained,0.7621205256003625,0.6156661786237189,10.44030650891055,3.573061416164741,0.6087470449172577,1361,846,ok,0.9868507514258171,0.0,0.0,0.0
slim,P011,67,retained,0.7587143503847895,0.611232676878191,10.770329614269007,3.623317597105636,0.6204033214709371,1366,843,ok,0.9868507514258171,0.0,0.0,0.0
slim,P011,68,retained,0.7573696145124716,0.6094890510948905,10.44030650891055,3.655928808053161,0.625,1365,840,ok,0.9868507514258171,0.0,0.0,0.0
slim,P011,69,retained,0.7583710407239819,0.6107871720116618,10.44030650891055,3.639760578705406,0.6247030878859857,1368,842,ok,0.9868507514258171,0.0,0.0,0.0
slim,P011,70,retained,0.759963768115942,0.6128560993425858,10.554210091205004,3.584251683302333,0.6192170818505338,1365,843,ok,0.9868507514258171,0.0,0.0,0.0
slim,P011,71,retained,0.7582467239042024,0.6106259097525473,10.908131845707596,3.6230659890288526,0.6313912009512486,1372,841,ok,0.9868507514258171,0.0,0.0,0.0
slim,P011,72,retained,0.754054054054054,0.6052060737527115,10.770329614269007,3.7007563157665566,0.6460071513706794,1381,839,ok,0.9868507514258171,0.0,0.0,0.0
slim,P011,73,retained,0.7509025270758123,0.6011560693641619,11.180339887498949,3.7610150603931634,0.657074340527578,1382,834,ok,0.9868507514258171,0.0,0.0,0.0
slim,P011,74,retained,0.7570009033423668,0.6090116279069767,10.382435961741125,3.652475878017463,0.6357142857142857,1374,840,ok,0.9868507514258171,0.0,0.0,0.0
slim,P011,75,retained,0.7566331198536139,0.6085356880058866,11.0,3.647785479691298,0.6369119420989143,1357,829,ok,0.9868507514258171,0.0,0.0,0.0
slim,P011,76,retained,0.7579617834394905,0.6102564102564103,10.718252056394777,3.631238708893664,0.6323353293413174,1363,835,ok,0.9868507514258171,0.0,0.0,0.0
slim,P011,77,retained,0.7624713958810069,0.6161242603550295,11.0,3.590806741585825,0.6167664670658682,1350,835,ok,0.9868507514258171,0.0,0.0,0.0
slim,P011,78,retained,0.7602393005062126,0.6132145508537491,11.08585467828077,3.6137663732109835,0.6243961352657005,1345,828,ok,0.9868507514258171,0.0,0.0,0.0
slim,P011,79,retained,0.7654205607476635,0.6199848599545799,11.018144406874903,3.6000752191590317,0.6065773447015834,1319,821,ok,0.9868507514258171,0.0,0.0,0.0
slim,P011,80,retained,0.7670083876980429,0.6220710506424793,11.0,3.6073796161884917,0.6043689320388349,1322,824,ok,0.9868507514258171,0.0,0.0,0.0
slim,P011,81,retained,0.7714150496923805,0.6278890600924499,10.307059393961808,3.4840777022147993,0.5894607843137255,1297,816,ok,0.9868507514258171,0.0,0.0,0.0
slim,P011,82,retained,0.7660180351210252,0.6207692307692307,11.0,3.613008428316758,0.5884520884520884,1293,814,ok,0.9868507514258171,0.0,0.0,0.0
slim,P011,83,retained,0.7575035731300619,0.6096625766871165,13.0,3.7326455164913366,0.6009913258983891,1292,807,ok,0.9868507514258171,0.0,0.0,0.0
slim,P011,84,retained,0.7780499755022048,0.6367281475541299,12.764982043070834,3.404123749309716,0.5166461159062885,1230,811,ok,0.9868507514258171,0.0,0.0,0.0
slim,P011,85,retained,0.7834743653558984,0.644026186579378,12.858989225842494,3.3158541137462088,0.47718865598027127,1198,811,ok,0.9868507514258171,0.0,0.0,0.0
slim,P011,86,retained,0.7812655705032386,0.6410466067048242,12.027036476214992,3.34489450423396,0.4565483476132191,1190,817,ok,0.9868507514258171,0.0,0.0,0.0
slim,P011,87,retained,0.7740336967294351,0.6313662085691188,11.496427842267952,3.394965098305476,0.4821648216482165,1205,813,ok,0.9868507514258171,0.0,0.0,0.0
slim,P011,88,retained,0.7700640078778926,0.6261008807045636,11.117220926874312,3.431557056530344,0.48592411260709917,1214,817,ok,0.9868507514258171,0.0,0.0,0.0
slim,P011,89,retained,0.7685459940652819,0.6240963855421687,10.753470549345435,3.411594488265041,0.4749082007343941,1205,817,ok,0.9868507514258171,0.0,0.0,0.0
slim,P011,90,retained,0.7752864972595914,0.6330349877949553,10.029925372672531,3.294696499177328,0.45054945054945056,1188,819,ok,0.9868507514258171,0.0,0.0,0.0
slim,P011,91,retained,0.7757757757757757,0.633687653311529,9.939543120718437,3.2658703569180485,0.4306569343065693,1176,822,ok,0.9868507514258171,0.0,0.0,0.0
slim,P011,92,retained,0.7733199598796389,0.6304170073589533,9.924428900898052,3.2603185490265205,0.416969696969697,1169,825,ok,0.9868507514258171,0.0,0.0,0.0
slim,P011,93,retained,0.7704590818363274,0.6266233766233766,10.111314251087418,3.326556697852094,0.40865384615384615,1172,832,ok,0.9868507514258171,0.0,0.0,0.0
slim,P011,94,retained,0.7634354595680563,0.6173842404549147,10.804780172128652,3.4238957032687485,0.41041162227602906,1165,826,ok,0.9868507514258171,0.0,0.0,0.0
slim,P011,95,retained,0.7661290322580645,0.6209150326797386,11.01587635601554,3.4123252961624857,0.4077669902912621,1160,824,ok,0.9868507514258171,0.0,0.0,0.0
slim,P011,96,retained,0.7658512231652521,0.6205501618122977,11.0,3.467012455482142,0.4190821256038647,1175,828,ok,0.9868507514258171,0.0,0.0,0.0
slim,P011,97,retained,0.7692307692307693,0.625,11.0,3.4197669772470696,0.4335748792270531,1187,828,ok,0.9868507514258171,0.0,0.0,0.0
slim,P011,98,retained,0.7697662854301343,0.6257073565076798,11.0,3.4062570483547026,0.42289156626506025,1181,830,ok,0.9868507514258171,0.0,0.0,0.0
slim,P011,99,retained,0.773067331670823,0.6300813008130082,11.011340254296815,3.36687055276786,0.41566265060240964,1175,830,ok,0.9868507514258171,0.0,0.0,0.0
slim,P011,100,retained,0.779,0.638001638001638,10.064691961727354,3.2154567898773974,0.37247924080664296,1157,843,ok,0.9868507514258171,0.0,0.0,0.0
slim,P011,101,retained,0.7867536377320622,0.6484698097601324,9.121048865799601,3.0609655659846853,0.3530106257378985,1146,847,ok,0.9868507514258171,0.0,0.0,0.0
slim,P011,102,retained,0.7889447236180904,0.6514522821576764,8.977605878440638,3.021948704458953,0.34946871310507677,1143,847,ok,0.9868507514258171,0.0,0.0,0.0
slim,P011,103,retained,0.7845084409136047,0.6454248366013072,8.977605878440638,3.0787319891384772,0.36384976525821594,1162,852,ok,0.9868507514258171,0.0,0.0,0.0
slim,P011,104,retained,0.7720156555772995,0.6286852589641434,9.848857801796104,3.3292714524369345,0.39906103286384975,1192,852,ok,0.9868507514258171,0.0,0.0,0.0
slim,P011,105,retained,0.7589545014520813,0.6115444617784711,9.960977222864635,3.544838803451562,0.42488262910798125,1214,852,ok,0.9868507514258171,0.0,0.0,0.0
slim,P011,106,retained,0.7558979297063072,0.6075851393188855,10.839607805437122,3.6590487103704348,0.4349355216881594,1224,853,ok,0.9868507514258171,0.0,0.0,0.0
slim,P011,107,retained,0.7570183930300097,0.6090342679127726,10.719313659514931,3.569575597941837,0.42488262910798125,1214,852,ok,0.9868507514258171,0.0,0.0,0.0
slim,P011,108,retained,0.7636887608069164,0.6177156177156177,10.160998175669398,3.4307609930274263,0.4322429906542056,1226,856,ok,0.9868507514258171,0.0,0.0,0.0
slim,P011,109,retained,0.7569346497414199,0.6089258698940998,10.160998175669398,3.58091210863131,0.4848130841121495,1271,856,ok,0.9868507514258171,0.0,0.0,0.0
slim,P011,110,retained,0.753514526710403,0.6045112781954888,10.859126028197409,3.6613340215119554,0.5224586288416075,1288,846,ok,0.9868507514258171,0.0,0.0,0.0
slim,P011,111,retained,0.7574074074074074,0.6095380029806259,9.812655319667,3.5914900951256645,0.5411764705882353,1310,850,ok,0.9868507514258171,0.0,0.0,0.0
slim,P011,112,retained,0.7634011090573013,0.617339312406577,9.486832980505138,3.509604087061807,0.5458823529411765,1314,850,ok,0.9868507514258171,0.0,0.0,0.0
slim,P011,113,retained,0.7712839392544869,0.6277153558052434,9.203128525377336,3.418586270732952,0.5326340326340326,1315,858,ok,0.9868507514258171,0.0,0.0,0.0
slim,P011,114,retained,0.7712177121771218,0.6276276276276276,9.211336491335112,3.428974330290425,0.5416178194607268,1315,853,ok,0.9868507514258171,0.0,0.0,0.0
slim,P011,115,retained,0.7725598526703499,0.6294073518379595,9.460104128183907,3.442527059575725,0.5463071512309496,1319,853,ok,0.9868507514258171,0.0,0.0,0.0
slim,P011,116,retained,0.7732478240952817,0.6303211351755041,9.219544457292887,3.405839105409163,0.5502336448598131,1327,856,ok,0.9868507514258171,0.0,0.0,0.0
slim,P011,117,retained,0.7747252747252747,0.6322869955156951,9.40664642354146,3.3902102656106563,0.5365853658536586,1323,861,ok,0.9868507514258171,0.0,0.0,0.0
slim,P011,118,retained,0.7720420283234354,0.6287202380952381,9.420010849702075,3.4262779251077555,0.5394431554524362,1327,862,ok,0.9868507514258171,0.0,0.0,0.0
slim,P011,119,retained,0.7711283691183188,0.6275092936802974,9.420010849702075,3.4351808070601964,0.5394431554524362,1327,862,ok,0.9868507514258171,0.0,0.0,0.0
slim,P011,120,retained,0.7747252747252747,0.6322869955156951,9.194920559419561,3.374673988751432,0.5190311418685121,1317,867,ok,0.9868507514258171,0.0,0.0,0.0
slim,P011,121,retained,0.7753789618741387,0.6331582895723931,9.194920559419561,3.360574375688792,0.510957324106113,1310,867,ok,0.9868507514258171,0.0,0.0,0.0
slim,P011,122,retained,0.7744602664216812,0.6319340329835083,9.047077367416803,3.3836339660883348,0.510957324106113,1310,867,ok,0.9868507514258171,0.0,0.0,0.0
slim,P011,123,retained,0.7753789618741387,0.6331582895723931,8.20942055064797,3.345992062559283,0.5022988505747127,1307,870,ok,0.9868507514258171,0.0,0.0,0.0
slim,P011,124,retained,0.7807780320366132,0.6403903903903904,8.484445246501092,3.268047293245264,0.48295454545454547,1305,880,ok,0.9868507514258171,0.0,0.0,0.0
slim,P011,125,retained,0.7750577367205542,0.6327300150829562,8.0,3.3082615474714476,0.47995418098510884,1292,873,ok,0.9868507514258171,0.0,0.0,0.0
slim,P011,126,retained,0.7728119180633147,0.629742033383915,7.980788655293191,3.2874430069698657,0.4576659038901602,1274,874,ok,0.9868507514258171,0.0,0.0,0.0
slim,P011,127,retained,0.7669811320754717,0.62203519510329,8.04980619863884,3.3352067777836165,0.4423963133640553,1252,868,ok,0.9868507514258171,0.0,0.0,0.0
slim,P011,128,retained,0.7594339622641509,0.6121673003802282,8.0,3.442271051748197,0.4284077892325315,1247,873,ok,0.9868507514258171,0.0,0.0,0.0
slim,P011,129,retained,0.7585227272727273,0.6109839816933639,7.9615773105863825,3.417518179977984,0.40820980615735464,1235,877,ok,0.9868507514258171,0.0,0.0,0.0
slim,P011,130,retained,0.7645665561345334,0.6188650306748467,7.980788655293191,3.3524507964731867,0.39071347678369195,1228,883,ok,0.9868507514258171,0.0,0.0,0.0
slim,P011,131,retained,0.7672536887196573,0.6223938223938223,8.003112887414929,3.3260245378576125,0.3793884484711212,1218,883,ok,0.9868507514258171,0.0,0.0,0.0
slim,P011,132,retained,0.7767175572519084,0.6349453978159126,7.615773105863909,3.208175102215936,0.36836158192090396,1211,885,ok,0.9868507514258171,0.0,0.0,0.0
slim,P011,133,retained,0.777937649880096,0.6365777080062794,7.3161043948165005,3.157188152827666,0.3506200676437429,1198,887,ok,0.9868507514258171,0.0,0.0,0.0
slim,P011,134,retained,0.7777777777777778,0.6363636363636364,6.708203932499369,3.1121248023571204,0.33557046979865773,1194,894,ok,0.9868507514258171,0.0,0.0,0.0
slim,P011,135,retained,0.7754906653901388,0.6333072713057076,7.27665952236289,3.184148081461191,0.3393057110862262,1196,893,ok,0.9868507514258171,0.0,0.0,0.0
slim,P011,136,retained,0.7787356321839081,0.6376470588235295,7.0,3.1057796740378594,0.3329608938547486,1193,895,ok,0.9868507514258171,0.0,0.0,0.0
slim,P011,137,retained,0.7771971496437055,0.6355866355866356,7.2696577854097635,3.1529209379379806,0.346711259754738,1208,897,ok,0.9868507514258171,0.0,0.0,0.0
slim,P011,138,retained,0.78240302743614,0.6425796425796426,6.998495035992258,3.0276603714568813,0.3436807095343681,1212,902,ok,0.9868507514258171,0.0,0.0,0.0
slim,P011,139,retained,0.7838345864661654,0.6445131375579598,7.615773105863909,3.023510248023273,0.375,1232,896,ok,0.9868507514258171,0.0,0.0,0.0
slim,P011,140,retained,0.7987012987012987,0.6648648648648648,8.20942055064797,2.8477031548765757,0.38495575221238937,1252,904,ok,0.9868507514258171,0.0,0.0,0.0
slim,P011,141,retained,0.797427652733119,0.6631016042780749,8.54400374531753,2.9014256568774113,0.4242761692650334,1279,898,ok,0.9868507514258171,0.0,0.0,0.0
slim,P011,142,retained,0.7949298325033952,0.6596543951915853,8.424886747684637,2.959090101154319,0.44629014396456257,1306,903,ok,0.9868507514258171,0.0,0.0,0.0
slim,P011,143,retained,0.7983688264612596,0.6644042232277526,8.841687917112196,2.9351843772659474,0.43329658213891953,1300,907,ok,0.9868507514258171,0.0,0.0,0.0
slim,P011,144,retained,0.815657715065999,0.6887009992313605,9.486832980505138,2.709632476867511,0.4196035242290749,1289,908,ok,0.9868507514258171,0.0,0.0,0.0
slim,P011,145,retained,0.8202348690153568,0.6952526799387443,9.919214038559772,2.650105053127512,0.4276315789473684,1302,912,ok,0.9868507514258171,0.0,0.0,0.0
slim,P011,146,retained,0.8158487167942369,0.6889733840304183,10.319172768048059,2.7509677183877232,0.43798024149286496,1310,911,ok,0.9868507514258171,0.0,0.0,0.0
slim,P011,147,retained,0.8090586145648313,0.6793437733035048,11.180339887498949,2.8965277053800738,0.4504896626768226,1333,919,ok,0.9868507514258171,0.0,0.0,0.0
slim,P011,148,retained,0.8085485307212823,0.6786248131539612,11.268905632895915,2.9247533955954723,0.4654226125137212,1335,911,ok,0.9868507514258171,0.0,0.0,0.0
slim,P011,149,retained,0.7923043288150415,0.6560463432295438,12.123525153307467,3.252113981220853,0.5131868131868131,1377,910,ok,0.9868507514258171,0.0,0.0,0.0
slim,P011,150,retained,0.7876414273281114,0.6496769562096195,12.463919345325019,3.297034382782496,0.528052805280528,1389,909,ok,0.9868507514258171,0.0,0.0,0.0
slim,P011,151,retained,0.7829089339663358,0.6432624113475177,12.09541783664485,3.336221341922814,0.5322404371584699,1402,915,ok,0.9868507514258171,0.0,0.0,0.0
slim,P011,152,retained,0.7795444778685002,0.6387323943661972,13.147219356587874,3.4821953568168684,0.5266015200868621,1406,921,ok,0.9868507514258171,0.0,0.0,0.0
slim,P011,153,retained,0.7774429616874731,0.6359154929577465,13.004950413727675,3.462018247871231,0.5387978142076503,1408,915,ok,0.9868507514258171,0.0,0.0,0.0
slim,P011,154,retained,0.7863097849934182,0.6478669558929863,12.07877372333354,3.253056048005071,0.48799126637554585,1363,916,ok,0.9868507514258171,0.0,0.0,0.0
slim,P011,155,retained,0.7948260481712757,0.6595114729829755,12.183240789735006,3.106492350352087,0.45027322404371584,1327,915,ok,0.9868507514258171,0.0,0.0,0.0
slim,P011,156,retained,0.7917967008470798,0.6553505535055351,12.056102566973092,3.1102038290863976,0.45673603504928806,1330,913,ok,0.9868507514258171,0.0,0.0,0.0
slim,P011,157,retained,0.7930419268510259,0.6570583887657059,12.24704178709905,3.1036030046473786,0.4583333333333333,1330,912,ok,0.9868507514258171,0.0,0.0,0.0
slim,P011,158,retained,0.796271637816245,0.661504424778761,12.26224217661185,3.0600527088918725,0.4436008676789588,1331,922,ok,0.9868507514258171,0.0,0.0,0.0
slim,P011,159,retained,0.7939876215738285,0.658357771260997,12.649110640673518,3.093806166276582,0.44805194805194803,1338,924,ok,0.9868507514258171,0.0,0.0,0.0
slim,P011,160,retained,0.7945685501533071,0.659156976744186,12.916552506059626,3.0792987778727734,0.45748116254036597,1354,929,ok,0.9868507514258171,0.0,0.0,0.0
slim,P011,161,retained,0.7982532751091703,0.6642441860465116,13.0,3.1041120335445127,0.465016146393972,1361,929,ok,0.9868507514258171,0.0,0.0,0.0
slim,P011,162,retained,0.7994780339277947,0.6659420289855073,13.0,3.079493846838678,0.4640943193997856,1366,933,ok,0.9868507514258171,0.0,0.0,0.0
slim,P011,163,retained,0.8008676789587853,0.6678726483357453,13.0,3.0316664709045873,0.46524064171123,1370,935,ok,0.9868507514258171,0.0,0.0,0.0
slim,P011,164,retained,0.8010403120936281,0.6681127982646421,12.947366596101016,3.020710605718397,0.46737967914438505,1372,935,ok,0.9868507514258171,0.0,0.0,0.0
slim,P011,165,retained,0.8053633217993079,0.6741491672700941,12.031195934094221,2.9233970036311168,0.4491525423728814,1368,944,ok,0.9868507514258171,0.0,0.0,0.0
slim,P011,166,retained,0.8078091106290672,0.6775836972343523,12.031195934094221,2.882329749572365,0.4417372881355932,1361,944,ok,0.9868507514258171,0.0,0.0,0.0
slim,P011,167,retained,0.8099389712292938,0.6805860805860806,12.031195934094221,2.8380406356689902,0.4275132275132275,1349,945,ok,0.9868507514258171,0.0,0.0,0.0
slim,P011,168,retained,0.8124180148666376,0.6840942562592047,12.029116205154606,2.7947080203856416,0.41244725738396626,1339,948,ok,0.9868507514258171,0.0,0.0,0.0
slim,P011,169,retained,0.8135444151275286,0.6856931060044478,11.795084971874736,2.747657829290551,0.3987341772151899,1326,948,ok,0.9868507514258171,0.0,0.0,0.0
slim,P011,170,retained,0.8143922773146117,0.6868985936343449,11.40175425099138,2.711287055058147,0.3964248159831756,1328,951,ok,0.9868507514258171,0.0,0.0,0.0
slim,P011,171,retained,0.8160211267605634,0.6892193308550186,11.03855686460917,2.6622026482059797,0.3865546218487395,1320,952,ok,0.9868507514258171,0.0,0.0,0.0
slim,P011,172,retained,0.8162544169611308,0.6895522388059702,11.040824915468534,2.6535392706415433,0.37815126050420167,1312,952,ok,0.9868507514258171,0.0,0.0,0.0
slim,P011,173,retained,0.8187444739168878,0.6931137724550899,10.168406345972626,2.618721457364975,0.36858638743455496,1307,955,ok,0.9868507514258171,0.0,0.0,0.0
slim,P011,174,retained,0.818342151675485,0.6925373134328359,10.168406345972626,2.6198850343797186,0.36990595611285265,1311,957,ok,0.9868507514258171,0.0,0.0,0.0
slim,P011,175,retained,0.8178603006189213,0.6918474195961107,10.183222686579098,2.6275592970641726,0.36858638743455496,1307,955,ok,0.9868507514258171,0.0,0.0,0.0
slim,P011,176,retained,0.8134097926775474,0.6855018587360595,10.175814516275862,2.686405971180939,0.36886102403343785,1310,957,ok,0.9868507514258171,0.0,0.0,0.0
slim,P011,177,retained,0.8110964332892999,0.6822222222222222,9.486832980505138,2.7133442496388027,0.3805031446540881,1317,954,ok,0.9868507514258171,0.0,0.0,0.0
slim,P011,178,retained,0.8133802816901409,0.685459940652819,9.486832980505138,2.6774490179436374,0.3691345151199166,1313,959,ok,0.9868507514258171,0.0,0.0,0.0
slim,P011,179,retained,0.8125830748781568,0.6843283582089552,10.121921020435677,2.7362447177537645,0.3808016877637131,1309,948,ok,0.9868507514258171,0.0,0.0,0.0
slim,P011,180,retained,0.8110557317625736,0.6821646341463414,11.303288904374089,2.77308470540794,0.3833693304535637,1281,926,ok,0.9868507514258171,0.0,0.0,0.0
slim,P011,181,retained,0.8089579524680073,0.6792018419033001,12.016637831516917,2.8180522955310465,0.40175631174533477,1277,911,ok,0.9868507514258171,0.0,0.0,0.0
slim,P011,182,retained,0.80439761795694,0.6727969348659004,13.153748828856846,2.970319569932375,0.4121546961325967,1278,905,ok,0.9868507514258171,0.0,0.0,0.0
slim,P011,183,retained,0.8057354301572618,0.6746707978311387,14.433034373659254,3.0488576740330764,0.42921348314606744,1272,890,ok,0.9868507514258171,0.0,0.0,0.0
slim,P011,184,retained,0.797196261682243,0.6627816627816627,14.106601717798213,3.2282123789647144,0.47113163972286376,1274,866,ok,0.9868507514258171,0.0,0.0,0.0
slim,P011,185,retained,0.8020784128483703,0.669558359621451,14.0,3.187761773343421,0.47313084112149534,1261,856,ok,0.9868507514258171,0.0,0.0,0.0
slim,P011,186,retained,0.801923076923077,0.6693418940609952,13.931968863324913,3.268462961631642,0.47324613555291317,1239,841,ok,0.9868507514258171,0.0,0.0,0.0
slim,P011,187,retained,0.8115365489806067,0.6828451882845188,13.240588203494164,3.0870886611390325,0.428743961352657,1183,828,ok,0.9868507514258171,0.0,0.0,0.0
slim,P011,188,retained,0.794425087108014,0.6589595375722543,14.099548913285847,3.297327001184237,0.452991452991453,1190,819,ok,0.9868507514258171,0.0,0.0,0.0
slim,P011,189,retained,0.791501976284585,0.6549468520032706,14.616948777408405,3.3480927960317235,0.4713064713064713,1205,819,ok,0.9868507514258171,0.0,0.0,0.0
slim,P011,190,retained,0.795465746673238,0.660392798690671,14.871320343559614,3.1700612883354324,0.4834761321909425,1212,817,ok,0.9868507514258171,0.0,0.0,0.0
slim,P011,191,retained,0.8035803083043263,0.6716541978387365,15.0,3.0407868747817823,0.4735547355473555,1198,813,ok,0.9868507514258171,0.0,0.0,0.0
slim,P011,192,retained,0.8049875311720698,0.6736227045075125,15.127773471819124,3.1004457423368956,0.4722564734895191,1194,811,ok,0.9868507514258171,0.0,0.0,0.0
slim,P011,193,retained,0.800792864222002,0.6677685950413224,14.136812284925313,3.093083636930007,0.4821648216482165,1205,813,ok,0.9868507514258171,0.0,0.0,0.0
slim,P011,194,retained,0.8001983143282102,0.6669421487603305,15.0,3.20328766130524,0.4839901477832512,1205,812,ok,0.9868507514258171,0.0,0.0,0.0
slim,P011,195,retained,0.8030226700251889,0.6708754208754208,14.159704167685485,3.063651051897751,0.4658385093167702,1180,805,ok,0.9868507514258171,0.0,0.0,0.0
slim,P011,196,retained,0.8014112903225806,0.6686291000841043,14.150919895708222,3.0839826598895717,0.46766169154228854,1180,804,ok,0.9868507514258171,0.0,0.0,0.0
slim,P011,197,retained,0.797583081570997,0.6633165829145728,14.185028842544414,3.1762542696038722,0.4794007490636704,1185,801,ok,0.9868507514258171,0.0,0.0,0.0
slim,P011,198,retained,0.7955689828801611,0.6605351170568562,15.0,3.231939713486338,0.47322540473225405,1183,803,ok,0.9868507514258171,0.0,0.0,0.0
slim,P011,199,retained,0.7913956978489245,0.6548013245033113,15.0,3.320281499991187,0.4925187032418953,1197,802,ok,0.9868507514258171,0.0,0.0,0.0
slim,P012,0,retained,0.7947431302270012,0.6593973037272006,9.219544457292887,3.864013486449853,0.2415966386554622,1805,2380,ok,0.9824033199664903,0.0,0.0,0.0
slim,P012,1,retained,0.8040748637763563,0.6723454833597464,9.219544457292887,3.664798453710717,0.2390488110137672,1824,2397,ok,0.9824033199664903,0.0,0.0,0.0
slim,P012,2,retained,0.8183755623964006,0.6925851703406813,8.94427190999916,3.389419358610756,0.24041666666666667,1823,2400,ok,0.9824033199664903,0.0,0.0,0.0
slim,P012,3,retained,0.839580908032596,0.7235152487961477,7.810249675906654,2.9857721448619667,0.20217664294683968,1906,2389,ok,0.9824033199664903,0.0,0.0,0.0
slim,P012,4,retained,0.840498003288701,0.7248784440842788,7.810249675906654,2.9735400167414014,0.2068239258635215,1883,2374,ok,0.9824033199664903,0.0,0.0,0.0
slim,P012,5,retained,0.8454566581454799,0.7322866344605475,7.211102550927978,2.8315488711417722,0.20108695652173914,1911,2392,ok,0.9824033199664903,0.0,0.0,0.0
slim,P012,6,retained,0.8489474901688642,0.737540192926045,7.190097340068606,2.7851816762784525,0.20696806304437992,1912,2411,ok,0.9824033199664903,0.0,0.0,0.0
slim,P012,7,retained,0.837931833990262,0.7210694333599361,7.211102550927978,2.967152800969032,0.20739817123857024,1907,2406,ok,0.9824033199664903,0.0,0.0,0.0
slim,P012,8,retained,0.8295985060690944,0.7088153171120861,7.0710678118654755,3.1221838284643226,0.21202003338898165,1888,2396,ok,0.9824033199664903,0.0,0.0,0.0
slim,P012,9,retained,0.8366869443144596,0.7192276749798874,7.056854249492377,2.9616925473192786,0.2102177554438861,1886,2388,ok,0.9824033199664903,0.0,0.0,0.0
slim,P012,10,retained,0.8036380597014925,0.6717348927875244,8.0342417615642,3.5951563460086984,0.24549918166939444,1844,2444,ok,0.9824033199664903,0.0,0.0,0.0
slim,P012,11,retained,0.8008289201013125,0.6678187403993856,8.126641474326423,3.661618337598643,0.2607128554265118,1846,2497,ok,0.9824033199664903,0.0,0.0,0.0
slim,P012,12,retained,0.8157113496232017,0.6887774778249133,8.0,3.3979948383665644,0.21701954397394138,1923,2456,ok,0.9824033199664903,0.0,0.0,0.0
slim,P012,13,retained,0.8180796042275692,0.6921613394216134,8.018677324489563,3.3958216762201303,0.2360174533915113,1926,2521,ok,0.9824033199664903,0.0,0.0,0.0
slim,P012,14,retained,0.8263658482636584,0.7041085563513004,8.06225774829855,3.280545101516677,0.21374950612406163,1990,2531,ok,0.9824033199664903,0.0,0.0,0.0
slim,P012,15,retained,0.8367302213456059,0.7192916352675207,8.06225774829855,3.05388427235535,0.19928966061562747,2029,2534,ok,0.9824033199664903,0.0,0.0,0.0
slim,P012,16,retained,0.8437163181720199,0.7296793437733035,7.810249675906654,2.939454795454478,0.18292205248726986,2086,2553,ok,0.9824033199664903,0.0,0.0,0.0
slim,P012,17,retained,0.8577512776831345,0.7509321401938852,7.0,2.671293466214546,0.15770890545311886,2147,2549,ok,0.9824033199664903,0.0,0.0,0.0
slim,P012,18,retained,0.8609215017064846,0.7558052434456929,7.0,2.5985082874931527,0.13227091633466134,2178,2510,ok,0.9824033199664903,0.0,0.0,0.0
slim,P012,19,retained,0.8618434929339802,0.757227575982209,7.0,2.5761774472815713,0.11416070007955449,2227,2514,ok,0.9824033199664903,0.0,0.0,0.0
slim,P012,20,retained,0.8613471502590674,0.7564615944666909,6.766563145999475,2.6470436061616818,0.09664694280078895,2290,2535,ok,0.9824033199664903,0.0,0.0,0.0
slim,P012,21,retained,0.8567906307787138,0.7494608195542775,7.0,2.7600119598117816,0.07932123125493291,2333,2534,ok,0.9824033199664903,0.0,0.0,0.0
slim,P012,22,retained,0.851555929352397,0.7414866349322592,7.498290980059714,2.8687533840129156,0.07215241183623834,2289,2467,ok,0.9824033199664903,0.0,0.0,0.0
slim,P012,23,retained,0.8477898248540451,0.7357944263481723,8.0,2.957404014027865,0.0653489310205728,2317,2479,ok,0.9824033199664903,0.0,0.0,0.0
slim,P012,24,retained,0.8466076696165191,0.7340153452685422,7.933587386567325,2.9739480959489293,0.059689288634505316,2300,2446,ok,0.9824033199664903,0.0,0.0,0.0
slim,P012,25,retained,0.8442105263157895,0.7304189435336976,8.0,3.030812662385758,0.0580539656582175,2304,2446,ok,0.9824033199664903,0.0,0.0,0.0
slim,P012,26,retained,0.8565573770491803,0.7491039426523297,6.708203932499369,2.8284903001364574,0.0274858528698464,2406,2474,ok,0.9824033199664903,0.0,0.0,0.0
slim,P012,27,retained,0.8524790859008365,0.7428876244665719,7.0,2.8959874351875863,0.03488372093023256,2407,2494,ok,0.9824033199664903,0.0,0.0,0.0
slim,P012,28,retained,0.8300597779675492,0.7094890510948905,8.06225774829855,3.311865449939718,0.07084019769357495,2256,2428,ok,0.9824033199664903,0.0,0.0,0.0
slim,P012,29,retained,0.8271894310675474,0.7053052325581395,8.0,3.367298337845656,0.06234516928158547,2271,2422,ok,0.9824033199664903,0.0,0.0,0.0
slim,P012,30,retained,0.8236802735627271,0.700218023255814,8.06225774829855,3.4279689899282872,0.06332781456953643,2263,2416,ok,0.9824033199664903,0.0,0.0,0.0
slim,P012,31,retained,0.822429906542056,0.6984126984126984,8.06225774829855,3.477132385171474,0.04971002485501243,2294,2414,ok,0.9824033199664903,0.0,0.0,0.0
slim,P012,32,retained,0.8195679796696315,0.6942949407965554,8.48528137423857,3.5487636354827847,0.05278350515463918,2297,2425,ok,0.9824033199664903,0.0,0.0,0.0
slim,P012,33,retained,0.8216262239250745,0.6972543352601156,8.06225774829855,3.4983152306100007,0.04412989175686927,2296,2402,ok,0.9824033199664903,0.0,0.0,0.0
slim,P012,34,retained,0.8311850311850312,0.7111348274635361,7.0710678118654755,3.312254771303031,0.036734693877551024,2360,2450,ok,0.9824033199664903,0.0,0.0,0.0
slim,P012,35,retained,0.8348948573808037,0.7165832737669764,7.0710678118654755,3.249551976723096,0.03558282208588957,2358,2445,ok,0.9824033199664903,0.0,0.0,0.0
slim,P012,36,retained,0.8335763382628619,0.7146428571428571,7.1340834444435925,3.2843696508529643,0.03237704918032787,2361,2440,ok,0.9824033199664903,0.0,0.0,0.0
slim,P012,37,retained,0.8209680828577468,0.6963069200430262,8.21861822579481,3.526873644539125,0.034482758620689655,2324,2407,ok,0.9824033199664903,0.0,0.0,0.0
slim,P012,38,retained,0.8188235294117647,0.6932270916334662,8.246211251235321,3.5462156930388202,0.030749789385004212,2301,2374,ok,0.9824033199664903,0.0,0.0,0.0
slim,P012,39,retained,0.8195100988397078,0.6942118674918093,8.06225774829855,3.51411058031704,0.039595619208087615,2280,2374,ok,0.9824033199664903,0.0,0.0,0.0
slim,P012,40,retained,0.8263602861478431,0.7041004802364241,8.009338662244781,3.371506259478077,0.025256849315068493,2277,2336,ok,0.9824033199664903,0.0,0.0,0.0
slim,P012,41,retained,0.8187540698936401,0.693127526644616,8.06225774829855,3.4947050350653805,0.04788135593220339,2247,2360,ok,0.9824033199664903,0.0,0.0,0.0
slim,P012,42,retained,0.8196362042515889,0.6943928704047531,8.258164757385472,3.4550145645624437,0.05581593523647209,2216,2347,ok,0.9824033199664903,0.0,0.0,0.0
slim,P012,43,retained,0.8201851035698545,0.6951811729548002,8.06225774829855,3.4240023278825475,0.06646783127396677,2191,2347,ok,0.9824033199664903,0.0,0.0,0.0
slim,P012,44,retained,0.8265081461911052,0.7043151969981238,8.0,3.294036240021832,0.05648267008985879,2205,2337,ok,0.9824033199664903,0.0,0.0,0.0
slim,P012,45,retained,0.8410300063843371,0.7256702166727874,6.708203932499369,3.0579457950550126,0.030595138306789605,2313,2386,ok,0.9824033199664903,0.0,0.0,0.0
slim,P012,46,retained,0.8401585204755614,0.724373576309795,7.359630857274427,3.0145508280831392,0.05231560891938251,2210,2332,ok,0.9824033199664903,0.0,0.0,0.0
slim,P012,47,retained,0.8505949757602468,0.7400306748466258,7.211102550927978,2.798617097676549,0.051524259338772006,2209,2329,ok,0.9824033199664903,0.0,0.0,0.0
slim,P012,48,retained,0.861466325660699,0.7566454511418944,6.0,2.636734000215872,0.020253164556962026,2322,2370,ok,0.9824033199664903,0.0,0.0,0.0
slim,P012,49,retained,0.8664244496687327,0.7643288084464555,5.830951894845301,2.516455168531922,0.025738396624472575,2309,2370,ok,0.9824033199664903,0.0,0.0,0.0
slim,P012,50,retained,0.8701022146507666,0.7700716170373162,5.0,2.459225282870283,0.018565400843881856,2326,2370,ok,0.9824033199664903,0.0,0.0,0.0
slim,P012,51,retained,0.8774551665243382,0.7816660327120578,5.0,2.313631812315967,0.01609487505294367,2323,2361,ok,0.9824033199664903,0.0,0.0,0.0
slim,P012,52,retained,0.880248833592535,0.7861111111111111,6.4031242374328485,2.1957320598058367,0.0674109059682267,2172,2329,ok,0.9824033199664903,0.0,0.0,0.0
slim,P012,53,retained,0.8812886142983231,0.7877712031558185,5.656854249492381,2.202634744361749,0.03894418000865426,2221,2311,ok,0.9824033199664903,0.0,0.0,0.0
slim,P012,54,retained,0.8826666666666667,0.7899761336515513,5.385164807134504,2.177068719092004,0.027181060938185005,2219,2281,ok,0.9824033199664903,0.0,0.0,0.0
slim,P012,55,retained,0.8742869216141982,0.7766516516516516,5.0,2.393241562114665,0.0004224757076468103,2366,2367,ok,0.9824033199664903,0.0,0.0,0.0
slim,P012,56,retained,0.8726182830229073,0.7740220281048233,5.0,2.4302805582033775,0.0012853470437017994,2337,2334,ok,0.9824033199664903,0.0,0.0,0.0
slim,P012,57,retained,0.87502679528403,0.7778201219512195,5.0,2.3709764821943917,0.0241423125794155,2304,2361,ok,0.9824033199664903,0.0,0.0,0.0
slim,P012,58,retained,0.87322733132789,0.7749809305873379,5.0,2.4028844399105798,0.022939677145284623,2300,2354,ok,0.9824033199664903,0.0,0.0,0.0
slim,P012,59,retained,0.8700345423143351,0.7699656094764998,5.439502695606061,2.454631901458462,0.018819503849443968,2294,2338,ok,0.9824033199664903,0.0,0.0,0.0
slim,P012,60,retained,0.8648049645390071,0.761811792268645,5.385164807134504,2.5415907818397456,0.03569873748367436,2215,2297,ok,0.9824033199664903,0.0,0.0,0.0
slim,P012,61,retained,0.8582105957353264,0.751636503658067,5.656854249492381,2.6723126801696777,0.024750325662179766,2246,2303,ok,0.9824033199664903,0.0,0.0,0.0
slim,P012,62,retained,0.8602620087336245,0.7547892720306514,5.830951894845301,2.6686544899825617,0.014737754659731253,2273,2307,ok,0.9824033199664903,0.0,0.0,0.0
slim,P012,63,retained,0.8608042421564295,0.7556245151280062,5.385164807134504,2.593926305201201,0.024443474465298997,2235,2291,ok,0.9824033199664903,0.0,0.0,0.0
slim,P012,64,retained,0.8642523883581427,0.7609546165884195,5.385164807134504,2.4961128612953702,0.03706934147405146,2208,2293,ok,0.9824033199664903,0.0,0.0,0.0
slim,P012,65,retained,0.8643729189789123,0.7611415168100079,5.656854249492381,2.505873800742852,0.03275109170305677,2215,2290,ok,0.9824033199664903,0.0,0.0,0.0
slim,P012,66,retained,0.8701442841287459,0.7701375245579568,5.0,2.38786197037825,0.030170529077393964,2218,2287,ok,0.9824033199664903,0.0,0.0,0.0
slim,P012,67,retained,0.8678071539657853,0.7664835164835165,5.385164807134504,2.425851745003481,0.040487592511972134,2204,2297,ok,0.9824033199664903,0.0,0.0,0.0
slim,P012,68,retained,0.8743853375055879,0.7768069896743447,5.0,2.2733755409639325,0.04115586690017513,2190,2284,ok,0.9824033199664903,0.0,0.0,0.0
slim,P012,69,retained,0.8688230008984726,0.7680698967434472,5.0,2.3712408979286965,0.03008849557522124,2192,2260,ok,0.9824033199664903,0.0,0.0,0.0
slim,P012,70,retained,0.8685999093792478,0.7677212655186223,5.0,2.3655418941262325,0.06742556917688267,2130,2284,ok,0.9824033199664903,0.0,0.0,0.0
slim,P012,71,retained,0.8595480726628267,0.7536907536907537,5.0,2.5766699845074768,0.05598621877691645,2192,2322,ok,0.9824033199664903,0.0,0.0,0.0
slim,P012,72,retained,0.8635419071807896,0.7598537180008127,5.385164807134504,2.4458054860000518,0.10376532399299475,2047,2284,ok,0.9824033199664903,0.0,0.0,0.0
slim,P012,73,retained,0.8641037103263299,0.760724124360488,5.385164807134504,2.4590849014867637,0.07982832618025751,2144,2330,ok,0.9824033199664903,0.0,0.0,0.0
slim,P012,74,retained,0.8652988403211418,0.7625786163522013,5.0990195135927845,2.4461370625371326,0.07718696397941681,2152,2332,ok,0.9824033199664903,0.0,0.0,0.0
slim,P012,75,retained,0.8676437429537768,0.7662285941855834,5.830951894845301,2.3964545937989183,0.09493127147766323,2107,2328,ok,0.9824033199664903,0.0,0.0,0.0
slim,P012,76,retained,0.8733485193621868,0.7751718560452892,5.656854249492381,2.277606909093125,0.1053085886922745,2073,2317,ok,0.9824033199664903,0.0,0.0,0.0
slim,P012,77,retained,0.8681776133209991,0.7670617082141398,5.656854249492381,2.351344088279509,0.09347442680776014,2056,2268,ok,0.9824033199664903,0.0,0.0,0.0
slim,P012,78,retained,0.8700302255289467,0.7699588477366255,5.656854249492381,2.327561038954955,0.10612065169528842,2030,2271,ok,0.9824033199664903,0.0,0.0,0.0
slim,P012,79,retained,0.8681955061385221,0.7670896438804748,6.0,2.3933027669458866,0.11484716157205241,2027,2290,ok,0.9824033199664903,0.0,0.0,0.0
slim,P012,80,retained,0.8724677716390423,0.7737852184565128,5.830951894845301,2.3175166142435883,0.10222804718217562,2055,2289,ok,0.9824033199664903,0.0,0.0,0.0
slim,P012,81,retained,0.8733042078638767,0.7751020408163265,5.656854249492381,2.2998293420112064,0.09671772428884026,2064,2285,ok,0.9824033199664903,0.0,0.0,0.0
slim,P012,82,retained,0.8707328174783796,0.7710600564288593,5.830951894845301,2.3823306220380482,0.07449605609114812,2112,2282,ok,0.9824033199664903,0.0,0.0,0.0
slim,P012,83,retained,0.8651079136690647,0.7622820919175911,5.385164807134504,2.515717346492959,0.04826678367705134,2169,2279,ok,0.9824033199664903,0.0,0.0,0.0
slim,P012,84,retained,0.8623284639220894,0.757976653696498,5.0,2.613836636618075,0.012318521777386713,2245,2273,ok,0.9824033199664903,0.0,0.0,0.0
slim,P012,85,retained,0.8645444566410538,0.7614075792730085,5.0,2.5838230267031963,0.021285838401390096,2253,2302,ok,0.9824033199664903,0.0,0.0,0.0
slim,P012,86,retained,0.8598459845984598,0.7541489772288692,5.0,2.6780659345062037,0.006578947368421052,2265,2280,ok,0.9824033199664903,0.0,0.0,0.0
slim,P012,87,retained,0.8521929824561404,0.742453190676347,5.0,2.872792815194526,0.03208556149732621,2316,2244,ok,0.9824033199664903,0.0,0.0,0.0
slim,P012,88,retained,0.8551604509973981,0.746969696969697,5.0,2.8155050459612614,0.013094718463553033,2321,2291,ok,0.9824033199664903,0.0,0.0,0.0
slim,P012,89,retained,0.8571428571428571,0.75,5.656854249492381,2.81025128533989,0.019870410367170625,2361,2315,ok,0.9824033199664903,0.0,0.0,0.0
slim,P012,90,retained,0.8521511246997161,0.7423896499238964,5.385164807134504,2.8520953363232353,0.0021862702229995625,2292,2287,ok,0.9824033199664903,0.0,0.0,0.0
slim,P012,91,retained,0.8564593301435407,0.7489539748953975,5.385164807134504,2.779338129551316,0.005233318796336677,2305,2293,ok,0.9824033199664903,0.0,0.0,0.0
slim,P012,92,retained,0.8526930564568462,0.7432126696832579,5.0990195135927845,2.8843876598887954,0.02230971128608924,2337,2286,ok,0.9824033199664903,0.0,0.0,0.0
slim,P012,93,retained,0.8549155478562148,0.7465960665658093,5.0,2.849495595014337,0.024550635686102586,2337,2281,ok,0.9824033199664903,0.0,0.0,0.0
slim,P012,94,retained,0.8588903451288772,0.7526799387442573,5.0,2.725184583763995,0.008775778850372971,2299,2279,ok,0.9824033199664903,0.0,0.0,0.0
slim,P012,95,retained,0.8631578947368421,0.7592592592592593,5.0,2.622830582929229,0.0,2280,2280,ok,0.9824033199664903,0.0,0.0,0.0
slim,P012,96,retained,0.8622965244170699,0.7579273008507347,5.0,2.6178833985067134,0.0026362038664323375,2270,2276,ok,0.9824033199664903,0.0,0.0,0.0
slim,P012,97,retained,0.8601583113456465,0.7546296296296297,5.313628483749074,2.67480188867754,0.004387889425186486,2269,2279,ok,0.9824033199664903,0.0,0.0,0.0
slim,P012,98,retained,0.8619026742656729,0.7573189522342064,5.0,2.636687229067102,0.007922535211267605,2290,2272,ok,0.9824033199664903,0.0,0.0,0.0
slim,P012,99,retained,0.8674383053068355,0.7659082144234477,5.0,2.535398942370244,0.014518257809062912,2306,2273,ok,0.9824033199664903,0.0,0.0,0.0
slim,P012,100,retained,0.869693148381673,0.7694310152473038,4.394112549695376,2.541751912156094,0.02468085106382979,2408,2350,ok,0.9824033199664903,0.0,0.0,0.0
slim,P012,101,retained,0.867404468573815,0.7658554572271387,5.0,2.622407382056166,0.04308873720136519,2445,2344,ok,0.9824033199664903,0.0,0.0,0.0
slim,P012,102,retained,0.8779095300834431,0.7823874755381605,4.47213595499958,2.3178222101272854,0.02515177797051171,2248,2306,ok,0.9824033199664903,0.0,0.0,0.0
slim,P012,103,retained,0.8784296230202989,0.7832140015910899,5.0,2.2456521933956375,0.056783701777199824,2176,2307,ok,0.9824033199664903,0.0,0.0,0.0
slim,P012,104,retained,0.8863985937156669,0.7959747434885557,4.47213595499958,2.0874321897045194,0.06010230179028133,2205,2346,ok,0.9824033199664903,0.0,0.0,0.0
slim,P012,105,retained,0.8793577981651376,0.784690953745395,4.47213595499958,2.1543888999601597,0.09523809523809523,2071,2289,ok,0.9824033199664903,0.0,0.0,0.0
slim,P012,106,retained,0.8762124711316397,0.7796958487464036,5.0,2.189213290241855,0.1050328227571116,2045,2285,ok,0.9824033199664903,0.0,0.0,0.0
slim,P012,107,retained,0.8786127167630058,0.7835051546391752,5.0,2.1479041445430465,0.12445793581960105,2019,2306,ok,0.9824033199664903,0.0,0.0,0.0
slim,P012,108,retained,0.8812296227293899,0.787676935886761,5.0,2.0851610608697606,0.13060513713539398,1997,2297,ok,0.9824033199664903,0.0,0.0,0.0
slim,P012,109,retained,0.896327289632729,0.8121314237573716,4.182873156368473,1.8056677515580772,0.12956521739130436,2002,2300,ok,0.9824033199664903,0.0,0.0,0.0
slim,P012,110,retained,0.8943580218249362,0.8089038219235616,4.242640687119285,1.8494915129081997,0.1314533622559653,2002,2305,ok,0.9824033199664903,0.0,0.0,0.0
slim,P012,111,retained,0.8995103753788762,0.8173728813559322,5.0,1.754277342016488,0.12952464020933274,1996,2293,ok,0.9824033199664903,0.0,0.0,0.0
slim,P012,112,retained,0.8909261871180065,0.8033064857990674,5.0,1.9087262366883164,0.14559721011333915,1960,2294,ok,0.9824033199664903,0.0,0.0,0.0
slim,P012,113,retained,0.8858405022087886,0.7950751252086812,5.313628483749074,2.0341886056339624,0.14532125916343253,1982,2319,ok,0.9824033199664903,0.0,0.0,0.0
slim,P012,114,retained,0.8716528162511542,0.7725040916530278,6.0,2.319275045401658,0.13195342820181113,2013,2319,ok,0.9824033199664903,0.0,0.0,0.0
slim,P012,115,retained,0.882219190541155,0.789259560618389,6.0,2.147883908176034,0.12131567706108501,2057,2341,ok,0.9824033199664903,0.0,0.0,0.0
slim,P012,116,retained,0.8774341351660939,0.7816326530612245,6.4031242374328485,2.2433162436118845,0.12821612349914235,2033,2332,ok,0.9824033199664903,0.0,0.0,0.0
slim,P012,117,retained,0.8667595171773445,0.7648504711183941,6.708203932499369,2.410181446936531,0.12205754141238012,2014,2294,ok,0.9824033199664903,0.0,0.0,0.0
slim,P012,118,retained,0.8834131873146247,0.7911728647323253,7.0,2.1449259166342913,0.12049742710120069,2051,2332,ok,0.9824033199664903,0.0,0.0,0.0
slim,P012,119,retained,0.883784398453491,0.7917685411572942,7.127081707490474,2.110823260849911,0.11772260273972603,2061,2336,ok,0.9824033199664903,0.0,0.0,0.0
slim,P012,120,retained,0.889237668161435,0.8005651998385144,7.235255119351368,2.032723747923795,0.10615711252653928,2105,2355,ok,0.9824033199664903,0.0,0.0,0.0
slim,P012,121,retained,0.8897355445988346,0.8013726281792491,7.235255119351368,2.024994844094066,0.10530785562632697,2107,2355,ok,0.9824033199664903,0.0,0.0,0.0
slim,P012,122,retained,0.8853631284916201,0.7943063352044908,7.211102550927978,2.0891957637305185,0.09978768577494693,2120,2355,ok,0.9824033199664903,0.0,0.0,0.0
slim,P012,123,retained,0.8864648263579697,0.7960815673730508,6.726347126467658,2.058711346935471,0.09256900212314224,2137,2355,ok,0.9824033199664903,0.0,0.0,0.0
slim,P012,124,retained,0.8860871488608715,0.795472597299444,6.070348150753488,2.0642642053210887,0.08025477707006369,2166,2355,ok,0.9824033199664903,0.0,0.0,0.0
slim,P012,125,retained,0.8884963568116582,0.7993643226062773,6.082762530298219,2.004825409451274,0.07685774946921443,2174,2355,ok,0.9824033199664903,0.0,0.0,0.0
slim,P012,126,retained,0.8834110592938041,0.7911694510739857,6.324555320336759,2.0817611837203582,0.0682110682110682,2172,2331,ok,0.9824033199664903,0.0,0.0,0.0
slim,P012,127,retained,0.8881026094648385,0.7987271280827367,6.082762530298219,1.9862408083084184,0.07983014861995753,2167,2355,ok,0.9824033199664903,0.0,0.0,0.0
slim,P012,128,retained,0.882039911308204,0.7889726299087664,5.830951894845301,2.077928406488749,0.0660377358490566,2178,2332,ok,0.9824033199664903,0.0,0.0,0.0
slim,P012,129,retained,0.8930170098478066,0.8067124949454104,6.0324555320336835,1.8953399926959933,0.07993124194241513,2141,2327,ok,0.9824033199664903,0.0,0.0,0.0
slim,P012,130,retained,0.8897813476126729,0.8014469453376206,6.324555320336759,1.9587736551472532,0.09681528662420383,2127,2355,ok,0.9824033199664903,0.0,0.0,0.0
slim,P012,131,retained,0.8895828686147669,0.8011249497790277,6.324555320336759,1.9533945608936818,0.09639065817409767,2128,2355,ok,0.9824033199664903,0.0,0.0,0.0
slim,P012,132,retained,0.8816621499548328,0.7883683360258481,5.385164807134504,2.07428885253444,0.08062418725617686,2121,2307,ok,0.9824033199664903,0.0,0.0,0.0
slim,P012,133,retained,0.8790067720090293,0.7841320982682239,5.385164807134504,2.1192934105702164,0.07975726051148678,2123,2307,ok,0.9824033199664903,0.0,0.0,0.0
slim,P012,134,retained,0.8781264211005002,0.782732063234698,6.08113883008419,2.136211199833031,0.09114583333333333,2094,2304,ok,0.9824033199664903,0.0,0.0,0.0
slim,P012,135,retained,0.8882339605531625,0.7989396411092985,6.344197549610781,2.0000060620332194,0.12696390658174098,2056,2355,ok,0.9824033199664903,0.0,0.0,0.0
slim,P012,136,retained,0.8830223031406463,0.7905460472697636,6.795742752749545,2.1159511373099438,0.13418259023354565,2039,2355,ok,0.9824033199664903,0.0,0.0,0.0
slim,P012,137,retained,0.874913614374568,0.7776412776412777,6.824922359499615,2.2423667149115825,0.15668789808917197,1986,2355,ok,0.9824033199664903,0.0,0.0,0.0
slim,P012,138,retained,0.88,0.7857142857142857,6.494648145952791,2.152973058089162,0.14225053078556263,2020,2355,ok,0.9824033199664903,0.0,0.0,0.0
slim,P012,139,retained,0.8771205868867492,0.7811351572070233,6.708203932499369,2.1746405586693083,0.14777070063694267,2007,2355,ok,0.9824033199664903,0.0,0.0,0.0
slim,P012,140,retained,0.8781157100388749,0.7827150428047289,7.0,2.14796832113513,0.12799657534246575,2037,2336,ok,0.9824033199664903,0.0,0.0,0.0
slim,P012,141,retained,0.8774902679184795,0.7817217462260302,7.0,2.170027904306622,0.1305650684931507,2031,2336,ok,0.9824033199664903,0.0,0.0,0.0
slim,P012,142,retained,0.8738221098598024,0.7759183673469388,7.085071285771729,2.247315794318693,0.13741438356164384,2015,2336,ok,0.9824033199664903,0.0,0.0,0.0
slim,P012,143,retained,0.8721010332950632,0.7732084690553745,7.211102550927978,2.2673897288552824,0.13250428816466553,2023,2332,ok,0.9824033199664903,0.0,0.0,0.0
slim,P012,144,retained,0.8721597429423915,0.7733007733007733,7.2041008139748435,2.2759451199393825,0.13164665523156088,2025,2332,ok,0.9824033199664903,0.0,0.0,0.0
slim,P012,145,retained,0.8681849551414769,0.7670731707317073,7.615773105863909,2.359175527184098,0.15414012738853503,1992,2355,ok,0.9824033199664903,0.0,0.0,0.0
slim,P012,146,retained,0.8698265895953757,0.7696399345335515,7.895637321748647,2.3490727679220793,0.145368782161235,1993,2332,ok,0.9824033199664903,0.0,0.0,0.0
slim,P019,0,excluded,0.749822316986496,0.5997725980670836,14.182110408811065,3.6379825417414486,0.21673003802281368,1236,1578,ok,0.9744277286985829,0.0,0.0,0.0
slim,P019,1,excluded,0.7312295973884657,0.5763293310463122,13.519447038430114,3.8551730891039027,0.2166882276843467,1211,1546,ok,0.9744277286985829,0.0,0.0,0.0
slim,P019,2,excluded,0.7376398412125587,0.584333905088622,13.468408693239878,3.7539809416025283,0.2180064308681672,1216,1555,ok,0.9744277286985829,0.0,0.0,0.0
slim,P019,3,excluded,0.7483777937995674,0.597926267281106,13.0591657722387,3.603711584204548,0.21262886597938144,1222,1552,ok,0.9744277286985829,0.0,0.0,0.0
slim,P019,4,excluded,0.7592926741248647,0.6119837114601513,13.10068769590555,3.455765749168748,0.20414776409591703,1228,1543,ok,0.9744277286985829,0.0,0.0,0.0
slim,P019,5,excluded,0.7730061349693251,0.63,12.310828904858527,3.280192136732511,0.18295081967213114,1246,1525,ok,0.9744277286985829,0.0,0.0,0.0
slim,P019,6,excluded,0.7804704205274412,0.6399766218585622,12.529964086141668,3.1619430598443823,0.1719869706840391,1271,1535,ok,0.9744277286985829,0.0,0.0,0.0
slim,P019,7,excluded,0.7770098217533649,0.6353361094586556,11.825299337503507,3.168441796520468,0.17584605175846052,1242,1507,ok,0.9744277286985829,0.0,0.0,0.0
slim,P019,8,excluded,0.788538266231411,0.6508982035928144,12.099330941721782,3.0034159987098072,0.18618421052631579,1237,1520,ok,0.9744277286985829,0.0,0.0,0.0
slim,P019,9,excluded,0.794300328827183,0.6587878787878788,12.316125571818503,2.9120833355269307,0.18741721854304635,1227,1510,ok,0.9744277286985829,0.0,0.0,0.0
slim,P019,10,excluded,0.8104196816208393,0.681265206812652,12.041594578792296,2.66675866189391,0.19109947643979058,1236,1528,ok,0.9744277286985829,0.0,0.0,0.0
slim,P019,11,excluded,0.8250460405156538,0.7021943573667712,11.518821543406027,2.446823465789381,0.17294751009421266,1229,1486,ok,0.9744277286985829,0.0,0.0,0.0
slim,P019,12,excluded,0.825164594001463,0.7023661270236613,11.240355762667562,2.4319238887579155,0.1675603217158177,1242,1492,ok,0.9744277286985829,0.0,0.0,0.0
slim,P019,13,excluded,0.8247422680412371,0.7017543859649122,11.04032842905872,2.442544239992171,0.15864406779661017,1241,1475,ok,0.9744277286985829,0.0,0.0,0.0
slim,P019,14,excluded,0.8239617787578096,0.700625,11.313708498984761,2.4756122538083933,0.1514945652173913,1249,1472,ok,0.9744277286985829,0.0,0.0,0.0
slim,P019,15,excluded,0.8194189040088268,0.6940809968847352,11.00610529017218,2.4812925759974966,0.1338366506520247,1262,1457,ok,0.9744277286985829,0.0,0.0,0.0
slim,P019,16,excluded,0.8225806451612904,0.6986301369863014,10.732725220246166,2.482270446899994,0.13533834586466165,1265,1463,ok,0.9744277286985829,0.0,0.0,0.0
slim,P019,17,excluded,0.8234859675036927,0.6999372253609542,10.987771961331433,2.4598248751038505,0.15405589638718473,1241,1467,ok,0.9744277286985829,0.0,0.0,0.0
slim,P019,18,excluded,0.8226164079822617,0.6986817325800376,10.556141983689486,2.470522387069187,0.15290102389078497,1241,1465,ok,0.9744277286985829,0.0,0.0,0.0
slim,P019,19,excluded,0.8274842999630587,0.7057340894770007,9.969848480983499,2.429859578324391,0.1496924128503076,1244,1463,ok,0.9744277286985829,0.0,0.0,0.0
slim,P019,20,excluded,0.8206078576723499,0.6957888120678818,9.736565105017384,2.524899017580018,0.1457044673539519,1243,1455,ok,0.9744277286985829,0.0,0.0,0.0
slim,P019,21,excluded,0.8127077946065755,0.6845052893590542,9.783116485472899,2.6813918975407764,0.14461960246744346,1248,1459,ok,0.9744277286985829,0.0,0.0,0.0
slim,P019,22,excluded,0.815418828762046,0.688360450563204,9.729507316781971,2.6446394161407,0.1328719723183391,1253,1445,ok,0.9744277286985829,0.0,0.0,0.0
slim,P019,23,excluded,0.8008948545861297,0.667910447761194,9.219544457292887,2.837859575302733,0.11259676284306826,1261,1421,ok,0.9744277286985829,0.0,0.0,0.0
slim,P019,24,excluded,0.8011913626209978,0.6683229813664596,9.194920559419561,2.8393001763233165,0.13212795549374132,1248,1438,ok,0.9744277286985829,0.0,0.0,0.0
slim,P019,25,excluded,0.786946736684171,0.6487322201607916,9.197590011563593,3.030861879211068,0.12253521126760564,1246,1420,ok,0.9744277286985829,0.0,0.0,0.0
slim,P019,26,excluded,0.7949479940564635,0.6596794081381011,9.219544457292887,2.9897373997188557,0.11748251748251748,1262,1430,ok,0.9744277286985829,0.0,0.0,0.0
slim,P019,27,excluded,0.7923250564334086,0.6560747663551402,9.194920559419561,2.9837854820114695,0.1294862772695285,1237,1421,ok,0.9744277286985829,0.0,0.0,0.0
slim,P019,28,excluded,0.7793893129770992,0.6385240775484677,9.0,3.155963748024256,0.13523131672597866,1215,1405,ok,0.9744277286985829,0.0,0.0,0.0
slim,P019,29,excluded,0.7826417967263037,0.642901813633521,9.219544457292887,3.1230148290097675,0.1395184135977337,1215,1412,ok,0.9744277286985829,0.0,0.0,0.0
slim,P019,30,excluded,0.7763358778625954,0.6344354335620711,8.491153611346464,3.2189333247383627,0.12186379928315412,1225,1395,ok,0.9744277286985829,0.0,0.0,0.0
slim,P019,31,excluded,0.7709454265949269,0.6272670419011882,8.622209003690477,3.3216259812227973,0.14142857142857143,1202,1400,ok,0.9744277286985829,0.0,0.0,0.0
slim,P019,32,excluded,0.7688769643541586,0.6245330012453301,8.48528137423857,3.357077786934069,0.1324266284896206,1212,1397,ok,0.9744277286985829,0.0,0.0,0.0
slim,P019,33,excluded,0.7619047619047619,0.6153846153846154,8.036931687685293,3.448603807864978,0.1239193083573487,1216,1388,ok,0.9744277286985829,0.0,0.0,0.0
slim,P019,34,excluded,0.7595228934205464,0.6122828784119106,8.06155281280883,3.5147085971962957,0.11666666666666667,1219,1380,ok,0.9744277286985829,0.0,0.0,0.0
slim,P019,35,excluded,0.7581951407635943,0.6105590062111801,8.02179021190449,3.5391511650280525,0.13184438040345822,1205,1388,ok,0.9744277286985829,0.0,0.0,0.0
slim,P019,36,excluded,0.760184473481937,0.6131432114073155,8.48528137423857,3.509656462888979,0.1240086517664023,1215,1387,ok,0.9744277286985829,0.0,0.0,0.0
slim,P019,37,excluded,0.751257253384913,0.6016109045848823,8.48528137423857,3.6159114866280677,0.12952243125904486,1203,1382,ok,0.9744277286985829,0.0,0.0,0.0
slim,P019,38,excluded,0.7489328676755918,0.5986352357320099,8.252618379971553,3.6501703610398155,0.12718023255813954,1201,1376,ok,0.9744277286985829,0.0,0.0,0.0
slim,P019,39,excluded,0.7390625,0.5861214374225526,7.810249675906654,3.841323056166582,0.12179016874541453,1197,1363,ok,0.9744277286985829,0.0,0.0,0.0
slim,P019,40,excluded,0.7347097779509154,0.5806650246305419,7.810249675906654,3.894096234609047,0.10972017673048601,1209,1358,ok,0.9744277286985829,0.0,0.0,0.0
slim,P019,41,excluded,0.7217054263565892,0.564584596725288,7.810249675906654,4.13704278038035,0.1154127100073046,1211,1369,ok,0.9744277286985829,0.0,0.0,0.0
slim,P019,42,excluded,0.7276249515691593,0.571863580998782,7.0710678118654755,4.049199182012734,0.0952029520295203,1226,1355,ok,0.9744277286985829,0.0,0.0,0.0
slim,P019,43,excluded,0.7158958414302371,0.5575060532687651,7.0710678118654755,4.266512583534789,0.10390567428150331,1216,1357,ok,0.9744277286985829,0.0,0.0,0.0
slim,P019,44,excluded,0.708252615265401,0.5482903419316136,7.211102550927978,4.4191286101705245,0.10220588235294117,1221,1360,ok,0.9744277286985829,0.0,0.0,0.0
slim,P019,45,excluded,0.7085271317829457,0.5486194477791116,7.0710678118654755,4.425145188255581,0.09734513274336283,1224,1356,ok,0.9744277286985829,0.0,0.0,0.0
slim,P019,46,excluded,0.6948429623885227,0.5323826500297089,7.615773105863909,4.674501222029475,0.08537490720118783,1232,1347,ok,0.9744277286985829,0.0,0.0,0.0
slim,P019,47,excluded,0.6787785079242366,0.5137507314218841,8.48528137423857,4.9642773736182635,0.0837037037037037,1237,1350,ok,0.9744277286985829,0.0,0.0,0.0
slim,P019,48,excluded,0.6687140115163148,0.5023068050749712,9.369650129627486,5.103693582217612,0.05160807778608826,1268,1337,ok,0.9744277286985829,0.0,0.0,0.0
slim,P019,49,excluded,0.665641813989239,0.4988479262672811,9.433981132056603,5.154488236487085,0.045078888054094664,1271,1331,ok,0.9744277286985829,0.0,0.0,0.0
slim,P019,50,excluded,0.6669242658423493,0.5002898550724638,9.776452837537894,5.133821623526453,0.06576980568011959,1250,1338,ok,0.9744277286985829,0.0,0.0,0.0
slim,P019,51,excluded,0.6581096849474912,0.49043478260869566,9.848857801796104,5.169527066375841,0.059622641509433964,1246,1325,ok,0.9744277286985829,0.0,0.0,0.0
slim,P019,52,excluded,0.6606156274664562,0.493223335297584,8.552751973576294,4.768869594443951,0.09616829451540196,1203,1331,ok,0.9744277286985829,0.0,0.0,0.0
slim,P019,53,excluded,0.6523939275982873,0.48411322934719814,9.104632933884051,4.505002748526602,0.06259426847662142,1243,1326,ok,0.9744277286985829,0.0,0.0,0.0
slim,P019,54,excluded,0.6641074856046065,0.49712643678160917,9.041538853603063,4.3356933235689095,0.033962264150943396,1280,1325,ok,0.9744277286985829,0.0,0.0,0.0
slim,P019,55,excluded,0.7319277108433735,0.5771971496437055,8.739103924225232,3.769340497614245,0.007558578987150416,1333,1323,ok,0.9744277286985829,0.0,0.0,0.0
slim,P019,56,excluded,0.7472359893252002,0.5964698721850273,9.219544457292887,3.589578496696706,0.017384731670445956,1300,1323,ok,0.9744277286985829,0.0,0.0,0.0
slim,P019,57,excluded,0.7627443464929091,0.6164807930607187,8.581912734438841,3.3605310946584113,0.01596958174904943,1294,1315,ok,0.9744277286985829,0.0,0.0,0.0
slim,P019,58,excluded,0.75,0.6,9.0,3.48965311745922,0.03508771929824561,1265,1311,ok,0.9744277286985829,0.0,0.0,0.0
slim,P019,59,excluded,0.7334924423229913,0.5791457286432161,9.0,3.468790821117819,0.07944996180290298,1205,1309,ok,0.9744277286985829,0.0,0.0,0.0
slim,P019,60,excluded,0.7184231697506034,0.5605775266792216,9.071801070052958,3.57195398464262,0.10518292682926829,1174,1312,ok,0.9744277286985829,0.0,0.0,0.0
slim,P019,61,excluded,0.7210056772100568,0.5637285986049461,8.06225774829855,3.593938196555633,0.08540372670807453,1178,1288,ok,0.9744277286985829,0.0,0.0,0.0
slim,P019,62,excluded,0.7445141065830722,0.5930087390761548,8.0,3.5195635565522085,0.017094017094017096,1265,1287,ok,0.9744277286985829,0.0,0.0,0.0
slim,P019,63,excluded,0.7461353486774305,0.5950684931506849,10.234191511020473,4.012418291887525,0.2618492618492618,1624,1287,ok,0.9744277286985829,0.0,0.0,0.0
slim,P019,64,excluded,0.7279511533242876,0.5722666666666667,10.862490369793976,4.302648667277672,0.3013270882123341,1667,1281,ok,0.9744277286985829,0.0,0.0,0.0
slim,P019,65,excluded,0.6963315217391305,0.5341323606044815,11.180339887498949,4.478711341181362,0.3309580364212193,1681,1263,ok,0.9744277286985829,0.0,0.0,0.0
slim,P019,66,excluded,0.6502395619438741,0.4817444219066937,10.65818257304152,4.274488727680375,0.30078740157480316,1652,1270,ok,0.9744277286985829,0.0,0.0,0.0
slim,P019,67,excluded,0.6379903647625602,0.46841839312784234,11.213552042022808,4.380733391124469,0.30269413629160064,1644,1262,ok,0.9744277286985829,0.0,0.0,0.0
slim,P019,68,excluded,0.6545951486163307,0.4865413915693245,10.934333723560975,4.383817628102584,0.32486100079428115,1668,1259,ok,0.9744277286985829,0.0,0.0,0.0
slim,P019,69,excluded,0.6741573033707865,0.5084745762711864,11.180339887498949,4.570112122834407,0.34397446129289705,1684,1253,ok,0.9744277286985829,0.0,0.0,0.0
slim,P019,70,excluded,0.6921529175050302,0.5292307692307693,12.083045973594572,5.126949127704444,0.3894230769230769,1734,1248,ok,0.9744277286985829,0.0,0.0,0.0
slim,P019,71,excluded,0.6497890295358649,0.48125,10.917494221876378,4.594677862313355,0.2991107518189167,1607,1237,ok,0.9744277286985829,0.0,0.0,0.0
slim,P019,72,excluded,0.6859305125558995,0.5219895287958115,12.161401106246345,5.139902773269684,0.36149471974004876,1676,1231,ok,0.9744277286985829,0.0,0.0,0.0
slim,P019,73,excluded,0.6835964310226493,0.5192909280500522,12.666655108639826,5.182244505322535,0.371033360455655,1685,1229,ok,0.9744277286985829,0.0,0.0,0.0
slim,P019,74,excluded,0.6750767132628708,0.5095213587236233,13.0,5.413657817192894,0.40804597701149425,1715,1218,ok,0.9744277286985829,0.0,0.0,0.0
slim,P019,75,excluded,0.6687054026503568,0.5022970903522205,13.601470508735444,5.545902882263341,0.4463840399002494,1740,1203,ok,0.9744277286985829,0.0,0.0,0.0
slim,P019,76,excluded,0.6650535776011062,0.4981874676333506,13.0,5.475348805529025,0.41083333333333333,1693,1200,ok,0.9744277286985829,0.0,0.0,0.0
slim,P019,77,excluded,0.6748080949057921,0.5092153765139548,12.083045973594572,5.2634674617673625,0.40234702430846603,1673,1193,ok,0.9744277286985829,0.0,0.0,0.0
slim,P019,78,excluded,0.681031437654539,0.516336368505624,11.479799112601134,5.164106721042128,0.3730092204526404,1638,1193,ok,0.9744277286985829,0.0,0.0,0.0
slim,P019,79,excluded,0.670028818443804,0.5037919826652221,11.180339887498949,5.246469419899288,0.34657650042265425,1593,1183,ok,0.9744277286985829,0.0,0.0,0.0
slim,P019,80,excluded,0.6904932094353109,0.527292576419214,10.834988443752765,4.964437435396366,0.37521222410865873,1620,1178,ok,0.9744277286985829,0.0,0.0,0.0
slim,P019,81,excluded,0.6841530054644809,0.5199335548172758,10.816653826391969,5.036925066844631,0.35218508997429304,1578,1167,ok,0.9744277286985829,0.0,0.0,0.0
slim,P019,82,excluded,0.7000360100828232,0.5385041551246538,11.072356791249597,4.849932566963509,0.3816466552315609,1611,1166,ok,0.9744277286985829,0.0,0.0,0.0
slim,P019,83,excluded,0.7102189781021898,0.5506508205998868,10.295630140987,4.6495235808832875,0.3681936041486603,1583,1157,ok,0.9744277286985829,0.0,0.0,0.0
slim,P019,84,excluded,0.7189542483660131,0.5612244897959183,10.295630140987,4.5740727161644426,0.388551604509974,1601,1153,ok,0.9744277286985829,0.0,0.0,0.0
slim,P019,85,excluded,0.7183406113537117,0.5604770017035775,10.295630140987,4.553940382158164,0.383347788378144,1595,1153,ok,0.9744277286985829,0.0,0.0,0.0
slim,P019,86,excluded,0.7177210506844247,0.5597230236583959,10.0,4.445769569570089,0.3524804177545692,1554,1149,ok,0.9744277286985829,0.0,0.0,0.0
slim,P019,87,excluded,0.7138145840967387,0.554985754985755,10.637155002811362,4.52243401951888,0.38132635253054104,1583,1146,ok,0.9744277286985829,0.0,0.0,0.0
slim,P019,88,excluded,0.7215007215007215,0.5643340857787811,10.63014581273465,4.458016453192394,0.404163052905464,1619,1153,ok,0.9744277286985829,0.0,0.0,0.0
slim,P019,89,excluded,0.7435431065842124,0.5917776491024899,9.230266291031063,4.078807273038718,0.3862847222222222,1597,1152,ok,0.9744277286985829,0.0,0.0,0.0
slim,P019,90,excluded,0.7509967379485321,0.6012768427161926,9.219544457292887,3.9535918145770155,0.3743545611015491,1597,1162,ok,0.9744277286985829,0.0,0.0,0.0
slim,P019,91,excluded,0.7587463556851312,0.6112742219612448,8.54400374531753,3.787226748194422,0.3393009377664109,1571,1173,ok,0.9744277286985829,0.0,0.0,0.0
slim,P019,92,excluded,0.7650471356055112,0.6194950088079859,8.48528137423857,3.6964762148220376,0.33136094674556216,1575,1183,ok,0.9744277286985829,0.0,0.0,0.0
slim,P019,93,excluded,0.7633644859813085,0.6172914147521161,8.06225774829855,3.6003905517942982,0.2592905405405405,1491,1184,ok,0.9744277286985829,0.0,0.0,0.0
slim,P019,94,excluded,0.7300380228136882,0.5748502994011976,7.810249675906654,3.7718963724614576,0.19349457881567975,1431,1199,ok,0.9744277286985829,0.0,0.0,0.0
slim,P019,95,excluded,0.7236994219653179,0.5670289855072463,7.971537451385991,3.7442755012607836,0.1697324414715719,1399,1196,ok,0.9744277286985829,0.0,0.0,0.0
slim,P019,96,excluded,0.7302325581395349,0.575091575091575,8.0,3.551345881681326,0.12171052631578948,1364,1216,ok,0.9744277286985829,0.0,0.0,0.0
slim,P019,97,excluded,0.6720257234726688,0.5060532687651331,8.06225774829855,4.112378934410464,0.03934426229508197,1268,1220,ok,0.9744277286985829,0.0,0.0,0.0
slim,P019,98,excluded,0.6642036124794746,0.4972341733251383,8.54400374531753,4.1721757410435965,0.003278688524590164,1216,1220,ok,0.9744277286985829,0.0,0.0,0.0
slim,P019,99,excluded,0.6913183279742765,0.5282555282555282,7.810249675906654,3.9859164048917166,0.017842660178426603,1255,1233,ok,0.9744277286985829,0.0,0.0,0.0
slim,P019,100,excluded,0.7066196631414022,0.5463355542095699,7.810249675906654,4.024212339142267,0.057211925866236905,1312,1241,ok,0.9744277286985829,0.0,0.0,0.0
slim,P019,101,excluded,0.7024275646045419,0.5413397706698854,7.810249675906654,4.168869551495328,0.048115477145148355,1307,1247,ok,0.9744277286985829,0.0,0.0,0.0
slim,P019,102,excluded,0.6963722397476341,0.5341802782819117,7.810249675906654,4.202050431159585,0.022328548644338118,1282,1254,ok,0.9744277286985829,0.0,0.0,0.0
slim,P019,103,excluded,0.7102877414268821,0.5507334963325183,7.231336078674756,3.972163789993962,0.00870942201108472,1274,1263,ok,0.9744277286985829,0.0,0.0,0.0
slim,P019,104,excluded,0.7377049180327869,0.5844155844155844,7.0710678118654755,3.6336113754565016,0.018912529550827423,1293,1269,ok,0.9744277286985829,0.0,0.0,0.0
slim,P019,105,excluded,0.7807949626131444,0.6404131697869593,5.830951894845301,2.982404237127352,0.02102803738317757,1257,1284,ok,0.9744277286985829,0.0,0.0,0.0
slim,P019,106,excluded,0.8265424912689173,0.7043650793650794,5.0,2.377537434986557,0.005417956656346749,1285,1292,ok,0.9744277286985829,0.0,0.0,0.0
slim,P019,107,excluded,0.8500581170089113,0.7392183288409704,5.0,2.0071558565406447,0.011556240369799691,1283,1298,ok,0.9744277286985829,0.0,0.0,0.0
slim,P019,108,excluded,0.8635312259059368,0.7598371777476255,4.47213595499958,1.856137586394484,0.024371667936024372,1281,1313,ok,0.9744277286985829,0.0,0.0,0.0
slim,P019,109,excluded,0.8749052312357847,0.7776280323450134,4.788854381999814,1.7472169760645417,0.006083650190114068,1323,1315,ok,0.9744277286985829,0.0,0.0,0.0
slim,P019,110,excluded,0.8877046060144652,0.7980835044490076,4.123105625617661,1.532511419083522,0.015861027190332326,1303,1324,ok,0.9744277286985829,0.0,0.0,0.0
slim,P019,111,excluded,0.8842752787389465,0.7925568573397657,4.242640687119285,1.55809030342018,0.05895522388059701,1261,1340,ok,0.9744277286985829,0.0,0.0,0.0
slim,P019,112,excluded,0.8858905165767155,0.7951557093425605,4.242640687119285,1.5342422216161917,0.06417910447761194,1254,1340,ok,0.9744277286985829,0.0,0.0,0.0
slim,P019,113,excluded,0.8877747782491323,0.7981969486823856,4.242640687119285,1.5193205356048187,0.08775811209439528,1237,1356,ok,0.9744277286985829,0.0,0.0,0.0
slim,P019,114,excluded,0.8725868725868726,0.773972602739726,4.47213595499958,1.7226924012436977,0.10256410256410256,1225,1365,ok,0.9744277286985829,0.0,0.0,0.0
slim,P019,115,excluded,0.8557137360523278,0.7478143913920645,5.0,1.9593654156541802,0.09037472446730345,1238,1361,ok,0.9744277286985829,0.0,0.0,0.0
slim,P019,116,excluded,0.8347425057647964,0.716358839050132,5.656854249492381,2.276942827483104,0.1144927536231884,1222,1380,ok,0.9744277286985829,0.0,0.0,0.0
slim,P019,117,excluded,0.8565906455353691,0.7491548343475322,5.656854249492381,1.9876317761236746,0.13884892086330936,1197,1390,ok,0.9744277286985829,0.0,0.0,0.0
slim,P019,118,excluded,0.8724216959511077,0.7737127371273713,5.0,1.7718990923494764,0.14194464158977999,1209,1409,ok,0.9744277286985829,0.0,0.0,0.0
slim,P019,119,excluded,0.8770585982382229,0.7810368349249659,4.47213595499958,1.6899225809568812,0.14427860696517414,1204,1407,ok,0.9744277286985829,0.0,0.0,0.0
slim,P019,120,excluded,0.8649903288201161,0.7620995228357191,5.0,1.8550958531000843,0.17314487632508835,1170,1415,ok,0.9744277286985829,0.0,0.0,0.0
slim,P019,121,excluded,0.8399528116397955,0.7240677966101695,6.4031242374328485,2.19418386331999,0.2091549295774648,1123,1420,ok,0.9744277286985829,0.0,0.0,0.0
slim,P020,0,retained,0.8940744625065548,0.8084400189663348,4.47213595499958,1.755548868976211,0.0717896865520728,1836,1978,ok,0.9895949141856488,0.0,0.0,0.0
slim,P020,1,retained,0.8977685521536066,0.8145009416195856,4.0,1.7055410923450605,0.05648008068582955,1871,1983,ok,0.9895949141856488,0.0,0.0,0.0
slim,P020,2,retained,0.8998178506375227,0.8178807947019867,3.1622776601683795,1.6645461859551556,0.045269582909460836,1877,1966,ok,0.9895949141856488,0.0,0.0,0.0
slim,P020,3,retained,0.903242542153048,0.8235572374645223,3.0,1.5945443423443773,0.02712384851586489,1901,1954,ok,0.9895949141856488,0.0,0.0,0.0
slim,P020,4,retained,0.9076449461262186,0.8309065288868013,3.1622776601683795,1.5406497520338844,0.007157464212678937,1942,1956,ok,0.9895949141856488,0.0,0.0,0.0
slim,P020,5,retained,0.9028629856850716,0.8229263746505125,3.605551275463989,1.632885373555327,0.004098360655737705,1960,1952,ok,0.9895949141856488,0.0,0.0,0.0
slim,P020,6,retained,0.9040041067761807,0.824824355971897,3.605551275463989,1.6164273377249727,0.006179196704428424,1954,1942,ok,0.9895949141856488,0.0,0.0,0.0
slim,P020,7,retained,0.8948048591367278,0.8096351730589336,3.605551275463989,1.7739540687789614,0.00977366255144033,1925,1944,ok,0.9895949141856488,0.0,0.0,0.0
slim,P020,8,retained,0.8852119958634953,0.7940630797773655,4.123105625617661,1.955284898319396,0.0031071983428275505,1937,1931,ok,0.9895949141856488,0.0,0.0,0.0
slim,P020,9,retained,0.87584767866458,0.7791183294663573,4.242640687119285,2.100743141618363,0.0062402496099844,1911,1923,ok,0.9895949141856488,0.0,0.0,0.0
slim,P020,10,retained,0.8681029952706253,0.7669452181987001,4.47213595499958,2.2461045328466076,0.02182952182952183,1882,1924,ok,0.9895949141856488,0.0,0.0,0.0
slim,P020,11,retained,0.8707234264821102,0.77104532839963,5.0,2.2077829979378,0.004689942678478374,1910,1919,ok,0.9895949141856488,0.0,0.0,0.0
slim,P020,12,retained,0.8675202508492291,0.7660359944623903,5.0,2.2753723602912657,0.0036515388628064684,1910,1917,ok,0.9895949141856488,0.0,0.0,0.0
slim,P020,13,retained,0.858183710642727,0.7515952597994531,5.0990195135927845,2.487510226946717,0.014150943396226415,1935,1908,ok,0.9895949141856488,0.0,0.0,0.0
slim,P020,14,retained,0.8506049447659126,0.740045766590389,5.385164807134504,2.5958040304290075,0.004217185028993147,1905,1897,ok,0.9895949141856488,0.0,0.0,0.0
slim,P020,15,retained,0.8405491024287223,0.7249544626593807,5.385164807134504,2.767596211697672,0.008412197686645636,1886,1902,ok,0.9895949141856488,0.0,0.0,0.0
slim,P020,16,retained,0.8326337880377754,0.7132584269662922,5.656854249492381,2.927662866837371,0.004206098843322818,1910,1902,ok,0.9895949141856488,0.0,0.0,0.0
slim,P020,17,retained,0.8260641093011035,0.7036705461056401,5.830951894845301,3.037951706446067,0.007383966244725738,1910,1896,ok,0.9895949141856488,0.0,0.0,0.0
slim,P020,18,retained,0.8177000529941706,0.6916181084715374,6.0,3.156785892537642,0.004248539564524694,1891,1883,ok,0.9895949141856488,0.0,0.0,0.0
slim,P020,19,retained,0.8151483050847458,0.6879749664729549,6.082762530298219,3.243364927369701,0.0010598834128245894,1889,1887,ok,0.9895949141856488,0.0,0.0,0.0
slim,P020,20,retained,0.820831084727469,0.6961098398169336,5.830951894845301,3.0906337462901217,0.03186404673393521,1823,1883,ok,0.9895949141856488,0.0,0.0,0.0
slim,P020,21,retained,0.8269441401971522,0.7049486461251168,5.0990195135927845,2.950537279368232,0.055378061767838126,1774,1878,ok,0.9895949141856488,0.0,0.0,0.0
slim,P020,22,retained,0.8683160415003991,0.767277856135402,4.47213595499958,2.2511076671271084,0.0048,1884,1875,ok,0.9895949141856488,0.0,0.0,0.0
slim,P020,23,retained,0.8857894736842106,0.7949929145016533,4.123105625617661,1.955275632379575,0.046311254711900916,1943,1857,ok,0.9895949141856488,0.0,0.0,0.0
slim,P020,24,retained,0.8976707668149699,0.8143399810066477,4.0,1.728006882239017,0.062061521856449,1968,1853,ok,0.9895949141856488,0.0,0.0,0.0
slim,P020,25,retained,0.9048111743404035,0.8261691072272083,4.0,1.6153660385480204,0.09085992428339643,2017,1849,ok,0.9895949141856488,0.0,0.0,0.0
slim,P020,26,retained,0.9050567595459237,0.8265786993402451,4.0,1.607856155359214,0.1111111111111111,2040,1836,ok,0.9895949141856488,0.0,0.0,0.0
slim,P020,27,retained,0.903242408646423,0.8235570154856875,4.0,1.6245527578100145,0.11886586695747,2052,1834,ok,0.9895949141856488,0.0,0.0,0.0
slim,P020,28,retained,0.9132653061224489,0.8403755868544601,4.0,1.4749554429263425,0.14207650273224043,2090,1830,ok,0.9895949141856488,0.0,0.0,0.0
slim,P020,29,retained,0.902420382165605,0.8221912720519963,4.0,1.6502989096956295,0.16134361233480177,2109,1816,ok,0.9895949141856488,0.0,0.0,0.0
slim,P020,30,retained,0.8986828774062816,0.8160073597056118,4.0,1.7051158491502085,0.15737704918032788,2118,1830,ok,0.9895949141856488,0.0,0.0,0.0
slim,P020,31,retained,0.9039235412474849,0.8246902248737953,3.7830532015051896,1.6259287156309352,0.1503515413737155,2127,1849,ok,0.9895949141856488,0.0,0.0,0.0
slim,P020,32,retained,0.9056224899598394,0.8275229357798165,3.605551275463989,1.6057712387544003,0.14308768154922,2125,1859,ok,0.9895949141856488,0.0,0.0,0.0
slim,P020,33,retained,0.9029175050301811,0.823016964695094,4.0,1.669375215695327,0.1284796573875803,2108,1868,ok,0.9895949141856488,0.0,0.0,0.0
slim,P020,34,retained,0.9061716006021073,0.828440366972477,3.605551275463989,1.6079581943659702,0.12247071352502663,2108,1878,ok,0.9895949141856488,0.0,0.0,0.0
slim,P020,35,retained,0.9082317831385227,0.8318906605922551,3.605551275463989,1.5792242267413334,0.12189973614775726,2126,1895,ok,0.9895949141856488,0.0,0.0,0.0
slim,P020,36,retained,0.9110725786475106,0.8366696997270245,3.1622776601683795,1.5246620050533737,0.13034300791556727,2142,1895,ok,0.9895949141856488,0.0,0.0,0.0
slim,P020,37,retained,0.911460895228726,0.8373248983280615,3.1622776601683795,1.5252522166935238,0.12768184196755625,2155,1911,ok,0.9895949141856488,0.0,0.0,0.0
slim,P020,38,retained,0.9118437118437118,0.8379712746858169,3.605551275463989,1.5165993806527396,0.12837837837837837,2171,1924,ok,0.9895949141856488,0.0,0.0,0.0
slim,P020,39,retained,0.9104151493080845,0.8355614973262032,3.605551275463989,1.5562745194326575,0.13641078838174273,2191,1928,ok,0.9895949141856488,0.0,0.0,0.0
slim,P020,40,retained,0.9130961026385863,0.8400890868596882,3.1622776601683795,1.505089546910292,0.12718846549948506,2189,1942,ok,0.9895949141856488,0.0,0.0,0.0
slim,P020,41,retained,0.9105769230769231,0.8358340688437775,3.1622776601683795,1.5582156983066175,0.12896622313203684,2206,1954,ok,0.9895949141856488,0.0,0.0,0.0
slim,P020,42,retained,0.9074384118631906,0.8305604203152365,3.605551275463989,1.6235328425810982,0.13971340839303992,2227,1954,ok,0.9895949141856488,0.0,0.0,0.0
slim,P020,43,retained,0.9087028693383922,0.8326814428509344,4.0,1.6106253816892462,0.13627152988855115,2243,1974,ok,0.9895949141856488,0.0,0.0,0.0
slim,P020,44,retained,0.9084005695301376,0.8321739130434782,4.0,1.6088503449941782,0.13367088607594937,2239,1975,ok,0.9895949141856488,0.0,0.0,0.0
slim,P020,45,retained,0.912106135986733,0.8384146341463414,4.0,1.5504120613952446,0.11578947368421053,2226,1995,ok,0.9895949141856488,0.0,0.0,0.0
slim,P020,46,retained,0.9141104294478528,0.8418079096045198,4.0,1.527182334139348,0.11160936721474839,2231,2007,ok,0.9895949141856488,0.0,0.0,0.0
slim,P020,47,retained,0.9102473498233216,0.8352788586251622,4.123105625617661,1.607374645138256,0.10879284649776454,2232,2013,ok,0.9895949141856488,0.0,0.0,0.0
slim,P020,48,retained,0.9132163742690058,0.8402927249246663,4.0,1.5645403872392059,0.1111111111111111,2250,2025,ok,0.9895949141856488,0.0,0.0,0.0
slim,P020,49,retained,0.9146056929538031,0.8426483233018057,4.0,1.5314529230732732,0.10925196850393701,2254,2032,ok,0.9895949141856488,0.0,0.0,0.0
slim,P020,50,retained,0.9181544168792024,0.8486926703814831,4.0,1.4951266060443302,0.10595703125,2265,2048,ok,0.9895949141856488,0.0,0.0,0.0
slim,P020,51,retained,0.9175377468060395,0.8476394849785408,4.0,1.4988097327217516,0.09897610921501707,2254,2051,ok,0.9895949141856488,0.0,0.0,0.0
slim,P020,52,retained,0.919280442804428,0.8506188647033718,4.0,1.4886605571262976,0.08863198458574181,2260,2076,ok,0.9895949141856488,0.0,0.0,0.0
slim,P020,53,retained,0.9193548387096774,0.8507462686567164,4.0,1.5039037823342387,0.08955223880597014,2263,2077,ok,0.9895949141856488,0.0,0.0,0.0
slim,P020,54,retained,0.9198717948717948,0.8516320474777448,4.123105625617661,1.4872882052839789,0.08297567954220315,2271,2097,ok,0.9895949141856488,0.0,0.0,0.0
slim,P020,55,retained,0.9205915813424346,0.852866779089376,4.043086968966177,1.4794216701767204,0.08392603129445235,2286,2109,ok,0.9895949141856488,0.0,0.0,0.0
slim,P020,56,retained,0.9180995475113122,0.848598912588875,4.123105625617661,1.5412238443890511,0.08294062205466542,2298,2122,ok,0.9895949141856488,0.0,0.0,0.0
slim,P020,57,retained,0.9162516976007243,0.8454469507101086,4.123105625617661,1.579532424505497,0.08199811498586239,2296,2122,ok,0.9895949141856488,0.0,0.0,0.0
slim,P020,58,retained,0.9162339128471438,0.8454166666666667,4.123105625617661,1.5772568226144899,0.07934272300469483,2299,2130,ok,0.9895949141856488,0.0,0.0,0.0
slim,P020,59,retained,0.9173237215589096,0.8472742405326675,4.123105625617661,1.5557775257199824,0.08013120899718838,2305,2134,ok,0.9895949141856488,0.0,0.0,0.0
slim,P020,60,retained,0.9189067088321663,0.8499791057250313,4.030776406404415,1.5090482034797985,0.08329411764705882,2302,2125,ok,0.9895949141856488,0.0,0.0,0.0
slim,P020,61,retained,0.9222071460877431,0.8556441460344104,4.0,1.4740898155116244,0.07800751879699248,2294,2128,ok,0.9895949141856488,0.0,0.0,0.0
slim,P020,62,retained,0.920951302378256,0.8534844668345928,4.0,1.4940602772670402,0.08549834671705243,2298,2117,ok,0.9895949141856488,0.0,0.0,0.0
slim,P020,63,retained,0.9235985533453888,0.8580428391432171,4.0,1.4502688790223148,0.08876298394711993,2306,2118,ok,0.9895949141856488,0.0,0.0,0.0
slim,P020,64,retained,0.919175911251981,0.8504398826979472,4.0,1.5161892429090993,0.10533841754051478,2319,2098,ok,0.9895949141856488,0.0,0.0,0.0
slim,P020,65,retained,0.9181365897783809,0.8486622073578596,4.0,1.540138045286679,0.10973282442748092,2326,2096,ok,0.9895949141856488,0.0,0.0,0.0
slim,P020,66,retained,0.9196550158874263,0.8512605042016806,4.0,1.511449859170994,0.0951022349025202,2303,2103,ok,0.9895949141856488,0.0,0.0,0.0
slim,P020,67,retained,0.9196713829301689,0.8512885509083228,4.0,1.5114017848092622,0.09464627151051626,2290,2092,ok,0.9895949141856488,0.0,0.0,0.0
slim,P020,68,retained,0.9135407136322049,0.840842105263158,4.0,1.616320121626443,0.10800385728061716,2298,2074,ok,0.9895949141856488,0.0,0.0,0.0
slim,P020,69,retained,0.9142988084326306,0.8421274799493457,4.0,1.616003929811379,0.09606147934678194,2282,2082,ok,0.9895949141856488,0.0,0.0,0.0
slim,P020,70,retained,0.9112995645198259,0.8370526315789474,4.0,1.6611315414183576,0.11488124091129423,2300,2063,ok,0.9895949141856488,0.0,0.0,0.0
slim,P020,71,retained,0.9068067610781179,0.8295027162557459,4.0,1.746659306281691,0.11191509889049686,2305,2073,ok,0.9895949141856488,0.0,0.0,0.0
slim,P020,72,retained,0.904391582799634,0.8254697286012526,4.0,1.799611450652508,0.11616650532429816,2306,2066,ok,0.9895949141856488,0.0,0.0,0.0
slim,P020,73,retained,0.8998849252013809,0.8179916317991632,4.110795063055892,1.8877466846700994,0.11951219512195121,2295,2050,ok,0.9895949141856488,0.0,0.0,0.0
slim,P020,74,retained,0.9037445439926487,0.8243922883487007,4.0,1.825413736078257,0.12445095168374817,2304,2049,ok,0.9895949141856488,0.0,0.0,0.0
slim,P020,75,retained,0.9030317056236982,0.8232067510548523,4.0,1.8160418665994884,0.13488142292490118,2297,2024,ok,0.9895949141856488,0.0,0.0,0.0
slim,P020,76,retained,0.9027291812456263,0.8227040816326531,4.0,1.8153139852263773,0.1201780415430267,2265,2022,ok,0.9895949141856488,0.0,0.0,0.0
slim,P020,77,retained,0.9003777148253069,0.8188063546586518,4.123105625617661,1.8463263437941195,0.10746268656716418,2226,2010,ok,0.9895949141856488,0.0,0.0,0.0
slim,P020,78,retained,0.9023166945306902,0.8220191470844213,4.42623690142351,1.7901345008722265,0.08204873197414221,2176,2011,ok,0.9895949141856488,0.0,0.0,0.0
slim,P020,79,retained,0.8939980638915779,0.8083150984682713,4.47213595499958,1.9323098194545596,0.05674464907914385,2123,2009,ok,0.9895949141856488,0.0,0.0,0.0
slim,P020,80,retained,0.88171513060621,0.7884530630233583,5.0,2.12713373900481,0.033066132264529056,2062,1996,ok,0.9895949141856488,0.0,0.0,0.0
slim,P020,81,retained,0.8766105054509415,0.780326422584914,5.0,2.207021734928214,0.02610441767068273,2044,1992,ok,0.9895949141856488,0.0,0.0,0.0
slim,P020,82,retained,0.8822794301424643,0.789355992844365,4.47213595499958,2.098860554730019,0.010552763819095477,2011,1990,ok,0.9895949141856488,0.0,0.0,0.0
slim,P020,83,retained,0.8767676767676768,0.7805755395683454,4.47213595499958,2.1915114060005165,0.006042296072507553,1974,1986,ok,0.9895949141856488,0.0,0.0,0.0
slim,P020,84,retained,0.879777271576816,0.7853592408495256,4.47213595499958,2.1404981990822844,0.008568548387096774,1967,1984,ok,0.9895949141856488,0.0,0.0,0.0
slim,P020,85,retained,0.8822182650725007,0.7892580791989076,4.242640687119285,2.0837826264864745,0.013643254168772108,1952,1979,ok,0.9895949141856488,0.0,0.0,0.0
slim,P020,86,retained,0.8833079654997463,0.7910040890504316,4.123105625617661,2.0789982047622075,0.0020273694880892043,1969,1973,ok,0.9895949141856488,0.0,0.0,0.0
slim,P020,87,retained,0.8890569843671206,0.8002723558783477,4.123105625617661,1.9791207395327615,0.0010090817356205853,1984,1982,ok,0.9895949141856488,0.0,0.0,0.0
slim,P020,88,retained,0.891742195367573,0.8046342571558383,4.123105625617661,1.934727111554723,0.006060606060606061,1992,1980,ok,0.9895949141856488,0.0,0.0,0.0
slim,P020,89,retained,0.8910288900152052,0.803473491773309,4.0,1.9151555516307757,0.005055611729019211,1968,1978,ok,0.9895949141856488,0.0,0.0,0.0
slim,P020,90,retained,0.8810936290946608,0.7874596588289534,4.123105625617661,2.1078878508154353,0.022947475777664456,1916,1961,ok,0.9895949141856488,0.0,0.0,0.0
slim,P020,91,retained,0.8826266804550155,0.7899120777417862,4.123105625617661,2.0511109793868383,0.040526849037487336,1894,1974,ok,0.9895949141856488,0.0,0.0,0.0
slim,P020,92,retained,0.883793642522147,0.7917833800186741,4.182873156368473,2.0211775353550823,0.04183673469387755,1878,1960,ok,0.9895949141856488,0.0,0.0,0.0
slim,P020,93,retained,0.8865710560625815,0.7962529274004684,4.242640687119285,1.979530343080368,0.04834605597964377,1870,1965,ok,0.9895949141856488,0.0,0.0,0.0
slim,P020,94,retained,0.8817991631799164,0.7885874649204865,4.242640687119285,2.056755914432831,0.045988758303525806,1867,1957,ok,0.9895949141856488,0.0,0.0,0.0
slim,P020,95,retained,0.8842494714587738,0.792515395547134,4.47213595499958,1.9834405535801425,0.06147540983606557,1832,1952,ok,0.9895949141856488,0.0,0.0,0.0
slim,P020,96,retained,0.8864721485411141,0.7960933777989518,4.47213595499958,1.9416446747882945,0.05970149253731343,1827,1943,ok,0.9895949141856488,0.0,0.0,0.0
slim,P020,97,retained,0.8832540940306391,0.7909176915799432,4.242640687119285,2.0255596597184415,0.05646817248459959,1838,1948,ok,0.9895949141856488,0.0,0.0,0.0
slim,P020,98,retained,0.8888888888888888,0.8,4.242640687119285,1.8995950878239927,0.05555555555555555,1836,1944,ok,0.9895949141856488,0.0,0.0,0.0
slim,P020,99,retained,0.8853944562899787,0.7943567670970827,5.0,1.9677271540694172,0.06198347107438017,1816,1936,ok,0.9895949141856488,0.0,0.0,0.0
slim,P020,100,retained,0.8815471394037067,0.7881844380403458,5.0,2.0105440546868705,0.07397827211588205,1790,1933,ok,0.9895949141856488,0.0,0.0,0.0
slim,P020,101,retained,0.8850605652759085,0.7938194109126026,5.0,1.9842598606504032,0.0711318795430945,1789,1926,ok,0.9895949141856488,0.0,0.0,0.0
slim,P020,102,retained,0.8837961714747911,0.7917874396135266,5.0,1.99459615211062,0.07424714434060228,1783,1926,ok,0.9895949141856488,0.0,0.0,0.0
slim,P021,0,retained,0.0,0.0,,,1.0,0,2088,a_empty,0.8649007553819835,0.5979899497487438,0.03015075376884422,0.615
slim,P021,1,retained,0.0,0.0,,,1.0,0,2085,a_empty,0.8649007553819835,0.5979899497487438,0.03015075376884422,0.615
slim,P021,2,retained,0.0,0.0,,,1.0,0,2080,a_empty,0.8649007553819835,0.5979899497487438,0.03015075376884422,0.615
slim,P021,3,retained,0.0,0.0,,,1.0,0,2080,a_empty,0.8649007553819835,0.5979899497487438,0.03015075376884422,0.615
slim,P021,4,retained,0.0,0.0,,,1.0,0,2080,a_empty,0.8649007553819835,0.5979899497487438,0.03015075376884422,0.615
slim,P021,5,retained,0.0,0.0,,,1.0,0,2076,a_empty,0.8649007553819835,0.5979899497487438,0.03015075376884422,0.615
slim,P021,6,retained,0.0,0.0,,,1.0,0,2076,a_empty,0.8649007553819835,0.5979899497487438,0.03015075376884422,0.615
slim,P021,7,retained,0.0,0.0,,,1.0,0,2082,a_empty,0.8649007553819835,0.5979899497487438,0.03015075376884422,0.615
slim,P021,8,retained,0.0,0.0,,,1.0,0,2082,a_empty,0.8649007553819835,0.5979899497487438,0.03015075376884422,0.615
slim,P021,9,retained,0.0,0.0,,,1.0,0,2075,a_empty,0.8649007553819835,0.5979899497487438,0.03015075376884422,0.615
slim,P021,10,retained,0.0,0.0,,,1.0,0,2076,a_empty,0.8649007553819835,0.5979899497487438,0.03015075376884422,0.615
slim,P021,11,retained,0.0,0.0,,,1.0,0,2081,a_empty,0.8649007553819835,0.5979899497487438,0.03015075376884422,0.615
slim,P021,12,retained,0.0,0.0,,,1.0,0,2072,a_empty,0.8649007553819835,0.5979899497487438,0.03015075376884422,0.615
slim,P021,13,retained,0.03081232492997199,0.015647226173541962,60.428864141258906,28.055251027417896,0.9652173913043478,72,2070,ok,0.8649007553819835,0.5979899497487438,0.03015075376884422,0.615
slim,P021,14,retained,0.045787545787545784,0.023430178069353328,59.53556126091089,26.700053882480745,0.9449275362318841,114,2070,ok,0.8649007553819835,0.5979899497487438,0.03015075376884422,0.615
slim,P021,15,retained,0.03867403314917127,0.01971830985915493,60.33935371095975,27.05600651755229,0.9507246376811594,102,2070,ok,0.8649007553819835,0.5979899497487438,0.03015075376884422,0.615
slim,P021,16,retained,0.03137978772496539,0.015939990623534926,60.968708835863154,27.472287242579927,0.9531400966183575,97,2070,ok,0.8649007553819835,0.5979899497487438,0.03015075376884422,0.615
slim,P021,17,retained,0.017641597028783658,0.008899297423887589,61.66842362360139,28.37193298338478,0.957405614714424,88,2066,ok,0.8649007553819835,0.5979899497487438,0.03015075376884422,0.615
slim,P021,18,retained,0.011121408711770158,0.005591798695246971,62.333747574642075,28.7985513587148,0.9615014436958614,80,2078,ok,0.8649007553819835,0.5979899497487438,0.03015075376884422,0.615
slim,P021,19,retained,0.0074418604651162795,0.003734827264239029,62.30485401991517,29.045747510210308,0.9648531535869042,73,2077,ok,0.8649007553819835,0.5979899497487438,0.03015075376884422,0.615
slim,P021,20,retained,0.0,0.0,,,1.0,0,2075,a_empty,0.8649007553819835,0.5979899497487438,0.03015075376884422,0.615
slim,P021,21,retained,0.0,0.0,,,1.0,0,2068,a_empty,0.8649007553819835,0.5979899497487438,0.03015075376884422,0.615
slim,P021,22,retained,0.0,0.0,,,1.0,0,2069,a_empty,0.8649007553819835,0.5979899497487438,0.03015075376884422,0.615
slim,P021,23,retained,0.0,0.0,,,1.0,0,2068,a_empty,0.8649007553819835,0.5979899497487438,0.03015075376884422,0.615
slim,P021,24,retained,0.0,0.0,,,1.0,0,2073,a_empty,0.8649007553819835,0.5979899497487438,0.03015075376884422,0.615
slim,P021,25,retained,0.0,0.0,,,1.0,0,2056,a_empty,0.8649007553819835,0.5979899497487438,0.03015075376884422,0.615
slim,P021,26,retained,0.0,0.0,107.16967873770123,81.64120674479038,0.9805919456574479,40,2061,ok,0.8649007553819835,0.5979899497487438,0.03015075376884422,0.615
slim,P021,27,retained,0.0,0.0,104.91806030427746,79.2893885298243,0.9675387596899225,67,2064,ok,0.8649007553819835,0.5979899497487438,0.03015075376884422,0.615
slim,P021,28,retained,0.0,0.0,104.91806030427746,79.14430801885204,0.9631782945736435,76,2064,ok,0.8649007553819835,0.5979899497487438,0.03015075376884422,0.615
slim,P021,29,retained,0.0,0.0,107.98421804740846,82.53162885449991,0.9820823244552058,37,2065,ok,0.8649007553819835,0.5979899497487438,0.03015075376884422,0.615
slim,P021,30,retained,0.0,0.0,,,1.0,0,2065,a_empty,0.8649007553819835,0.5979899497487438,0.03015075376884422,0.615
slim,P021,31,retained,0.0,0.0,,,1.0,0,2065,a_empty,0.8649007553819835,0.5979899497487438,0.03015075376884422,0.615
slim,P021,32,retained,0.0,0.0,,,1.0,0,2065,a_empty,0.8649007553819835,0.5979899497487438,0.03015075376884422,0.615
slim,P021,33,retained,0.008383791336748951,0.00420954162768943,62.08925368012658,28.94509429412733,0.9562469615945551,90,2057,ok,0.8649007553819835,0.5979899497487438,0.03015075376884422,0.615
slim,P021,34,retained,0.08144020574367766,0.04244861483467382,56.92082685784291,23.59076434681479,0.8751205400192864,259,2074,ok,0.8649007553819835,0.5979899497487438,0.03015075376884422,0.615
slim,P021,35,retained,0.1133805752396832,0.06009721608484313,53.00229133046525,21.743668212944446,0.8337384540593097,342,2057,ok,0.8649007553819835,0.5979899497487438,0.03015075376884422,0.615
slim,P021,36,retained,0.12325390304026294,0.06567425569176882,51.913120370977836,21.06585035728169,0.8178727537639631,375,2059,ok,0.8649007553819835,0.5979899497487438,0.03015075376884422,0.615
slim,P021,37,retained,0.14308811641067098,0.07705703090988246,50.97434937623769,20.18989555144136,0.7961070559610706,419,2055,ok,0.8649007553819835,0.5979899497487438,0.03015075376884422,0.615
slim,P021,38,retained,0.19384974698326196,0.10732758620689656,46.47014342962411,18.34374565790388,0.7480506822612085,517,2052,ok,0.8649007553819835,0.5979899497487438,0.03015075376884422,0.615
slim,P021,39,retained,0.2192090395480226,0.12309644670050761,45.50159920743887,17.931076124619175,0.706140350877193,603,2052,ok,0.8649007553819835,0.5979899497487438,0.03015075376884422,0.615
slim,P021,40,retained,0.24790375501275974,0.14148980441115272,45.27250735173748,17.44026549800006,0.6665046183762762,686,2057,ok,0.8649007553819835,0.5979899497487438,0.03015075376884422,0.615
slim,P021,41,retained,0.23688904744916162,0.13435855928773777,44.67066020647017,18.081879998863073,0.6386595434677028,744,2059,ok,0.8649007553819835,0.5979899497487438,0.03015075376884422,0.615
slim,P021,42,retained,0.2306064880112835,0.13033080908728578,44.846642286339076,18.183793752781074,0.6226323457989316,777,2059,ok,0.8649007553819835,0.5979899497487438,0.03015075376884422,0.615
slim,P021,43,retained,0.21420921099607282,0.11995201919232307,45.2465445515493,18.383214536835403,0.6329917032698877,752,2049,ok,0.8649007553819835,0.5979899497487438,0.03015075376884422,0.615
slim,P021,44,retained,0.220635487325955,0.1239967897271268,44.4631018843927,18.294849669775157,0.6276335129838314,760,2041,ok,0.8649007553819835,0.5979899497487438,0.03015075376884422,0.615
slim,P021,45,retained,0.22541277817659727,0.12702265372168284,43.758246849971336,18.085236514540547,0.6336439431093673,747,2039,ok,0.8649007553819835,0.5979899497487438,0.03015075376884422,0.615
slim,P021,46,retained,0.24048381358946994,0.13667610190052568,43.11610354019993,17.82681520800865,0.6213830308974988,772,2039,ok,0.8649007553819835,0.5979899497487438,0.03015075376884422,0.615
slim,P021,47,retained,0.255047821466525,0.146163215590743,42.515857506730384,17.388645280440596,0.6154977930358019,784,2039,ok,0.8649007553819835,0.5979899497487438,0.03015075376884422,0.615
slim,P021,48,retained,0.26022040526128687,0.14957090314671026,42.51115129579123,17.329782241446736,0.6204021579205493,774,2039,ok,0.8649007553819835,0.5979899497487438,0.03015075376884422,0.615
slim,P021,49,retained,0.2736842105263158,0.15853658536585366,41.689321998774595,16.627487428866974,0.5995085995085995,815,2035,ok,0.8649007553819835,0.5979899497487438,0.03015075376884422,0.615
slim,P021,50,retained,0.2869022869022869,0.16747572815533981,40.311288741492746,16.404578621061333,0.5818181818181818,851,2035,ok,0.8649007553819835,0.5979899497487438,0.03015075376884422,0.615
slim,P021,51,retained,0.30439223697650664,0.17951807228915662,39.32179543204926,15.7497916879025,0.5567567567567567,902,2035,ok,0.8649007553819835,0.5979899497487438,0.03015075376884422,0.615
slim,P021,52,retained,0.3137919349373094,0.18609324758842444,38.85464742213236,15.576539938511454,0.5527219225110348,912,2039,ok,0.8649007553819835,0.5979899497487438,0.03015075376884422,0.615
slim,P021,53,retained,0.3005819924683328,0.17687348912167608,39.63329501187599,15.844780385477716,0.5639134709931171,887,2034,ok,0.8649007553819835,0.5979899497487438,0.03015075376884422,0.615
slim,P021,54,retained,0.2998979938796328,0.1764,39.63329501187599,15.92130917159815,0.5540806293018682,907,2034,ok,0.8649007553819835,0.5979899497487438,0.03015075376884422,0.615
slim,P021,55,retained,0.28368314150304674,0.1652859960552268,40.37814177786482,16.418577175775955,0.5448275862068965,924,2030,ok,0.8649007553819835,0.5979899497487438,0.03015075376884422,0.615
slim,P021,56,retained,0.29624664879356566,0.17387883556254918,39.35733730830886,15.902056203747481,0.5386875612144956,942,2042,ok,0.8649007553819835,0.5979899497487438,0.03015075376884422,0.615
slim,P021,57,retained,0.3006403774856758,0.17691392304641015,39.26790042998455,15.7889912105117,0.5412979351032449,933,2034,ok,0.8649007553819835,0.5979899497487438,0.03015075376884422,0.615
slim,P021,58,retained,0.31035631035631034,0.18368151359873866,38.928130784001915,15.594150626166252,0.523598820058997,969,2034,ok,0.8649007553819835,0.5979899497487438,0.03015075376884422,0.615
slim,P021,59,retained,0.3131578947368421,0.1856474258970359,38.93519824323619,15.929786660242817,0.5119921683798335,997,2043,ok,0.8649007553819835,0.5979899497487438,0.03015075376884422,0.615
slim,P021,60,retained,0.29843801927550684,0.175390625,39.3878124274093,16.09254125182286,0.5329107752315944,958,2051,ok,0.8649007553819835,0.5979899497487438,0.03015075376884422,0.615
slim,P021,61,retained,0.2926504822081809,0.17140631086871835,39.756624776369826,16.287638079240818,0.5310210063507572,960,2047,ok,0.8649007553819835,0.5979899497487438,0.03015075376884422,0.615
slim,P021,62,retained,0.2925057774843183,0.17130703789636503,40.07435754691322,16.373447527145295,0.5202735710796287,982,2047,ok,0.8649007553819835,0.5979899497487438,0.03015075376884422,0.615
slim,P021,63,retained,0.30434782608695654,0.1794871794871795,40.11807405893398,16.16372684591143,0.5168539325842697,989,2047,ok,0.8649007553819835,0.5979899497487438,0.03015075376884422,0.615
slim,P021,64,retained,0.32205060795267826,0.1919310614962789,39.56225481285858,15.61547760206588,0.5148853099072719,994,2049,ok,0.8649007553819835,0.5979899497487438,0.03015075376884422,0.615
slim,P021,65,retained,0.3275862068965517,0.1958762886597938,39.17846355166027,15.447344038383221,0.5251833740831295,971,2045,ok,0.8649007553819835,0.5979899497487438,0.03015075376884422,0.615
slim,P021,66,retained,0.3278246205733558,0.19604679306171843,39.250206183237395,14.837475982553322,0.5465686274509803,925,2040,ok,0.8649007553819835,0.5979899497487438,0.03015075376884422,0.615
slim,P021,67,retained,0.3129901125127855,0.18552950687146322,39.516870230714275,15.2682848550967,0.5573044761436301,900,2033,ok,0.8649007553819835,0.5979899497487438,0.03015075376884422,0.615
slim,P021,68,retained,0.3107650643195667,0.18396793587174348,38.93327167965551,15.09455664530393,0.5555012224938876,909,2045,ok,0.8649007553819835,0.5979899497487438,0.03015075376884422,0.615
slim,P021,69,retained,0.30858310626702995,0.18244059605316149,39.57004787151608,15.181493143939045,0.5621939275220372,894,2042,ok,0.8649007553819835,0.5979899497487438,0.03015075376884422,0.615
slim,P021,70,retained,0.29318651066758433,0.1717741935483871,40.28695507959209,15.592915584403748,0.5768854064642507,864,2042,ok,0.8649007553819835,0.5979899497487438,0.03015075376884422,0.615
slim,P021,71,retained,0.26816426816426814,0.154843940008107,40.855769272897625,16.0964394766576,0.6047992164544564,807,2042,ok,0.8649007553819835,0.5979899497487438,0.03015075376884422,0.615
slim,P021,72,retained,0.2603423680456491,0.14965149651496515,40.90465178412329,16.21747454313326,0.62346588119784,767,2037,ok,0.8649007553819835,0.5979899497487438,0.03015075376884422,0.615
slim,P021,73,retained,0.24207072548304776,0.13770219825798424,41.60972042819172,16.379063380248688,0.654072620215898,705,2038,ok,0.8649007553819835,0.5979899497487438,0.03015075376884422,0.615
slim,P021,74,retained,0.2332597498160412,0.1320283215326947,41.59045848454865,16.407064143357136,0.6663395485770363,680,2038,ok,0.8649007553819835,0.5979899497487438,0.03015075376884422,0.615
slim,P021,75,retained,0.23872875092387288,0.1355434326479228,41.418310686931896,16.275630580984174,0.6683070866141733,674,2032,ok,0.8649007553819835,0.5979899497487438,0.03015075376884422,0.615
slim,P021,76,retained,0.25869565217391305,0.14856429463171036,39.886386706957325,15.788521583452521,0.6457311089303238,722,2038,ok,0.8649007553819835,0.5979899497487438,0.03015075376884422,0.615
slim,P021,77,retained,0.26506899055918665,0.1527835914608623,39.70378150878264,15.439570093268637,0.6440177252584933,723,2031,ok,0.8649007553819835,0.5979899497487438,0.03015075376884422,0.615
slim,P021,78,retained,0.27054545454545453,0.1564339781328848,40.855769272897625,15.419589570492326,0.6493123772102161,714,2036,ok,0.8649007553819835,0.5979899497487438,0.03015075376884422,0.615
slim,P021,79,retained,0.275937386239534,0.16005067567567569,40.88509877963302,15.424677940467566,0.6507858546168959,711,2036,ok,0.8649007553819835,0.5979899497487438,0.03015075376884422,0.615
slim,P021,80,retained,0.23306848278471434,0.13190578158458244,41.628982371834795,16.033772794965166,0.6909361069836553,624,2019,ok,0.8649007553819835,0.5979899497487438,0.03015075376884422,0.615
slim,P021,81,retained,0.21327196010740315,0.11936453413482181,41.72529209005013,16.36963925069576,0.7087667161961367,588,2019,ok,0.8649007553819835,0.5979899497487438,0.03015075376884422,0.615
slim,P021,82,retained,0.20248254460822343,0.11264566249460509,42.42994191418877,16.720336813803655,0.7231302625061912,559,2019,ok,0.8649007553819835,0.5979899497487438,0.03015075376884422,0.615
slim,P021,83,retained,0.16620055932880543,0.0906318082788671,43.848029720137454,17.437071497606357,0.7608910891089109,483,2020,ok,0.8649007553819835,0.5979899497487438,0.03015075376884422,0.615
slim,P021,84,retained,0.14594374235629842,0.07871591908531222,45.140408882089936,17.852944331939597,0.7844400396432111,435,2018,ok,0.8649007553819835,0.5979899497487438,0.03015075376884422,0.615
slim,P021,85,retained,0.12432656444260257,0.06628369421122404,46.1172185422905,18.711223647779104,0.8018867924528302,399,2014,ok,0.8649007553819835,0.5979899497487438,0.03015075376884422,0.615
slim,P021,86,retained,0.13382594417077176,0.07171139463264409,46.09772228646444,18.616336069171613,0.7922657411998016,419,2017,ok,0.8649007553819835,0.5979899497487438,0.03015075376884422,0.615
slim,P021,87,retained,0.1492295214922952,0.08063102541630149,45.34864302074031,18.209386319483908,0.7773921665840356,449,2017,ok,0.8649007553819835,0.5979899497487438,0.03015075376884422,0.615
slim,P021,88,retained,0.14659685863874344,0.07909604519774012,45.35965667218386,18.374530908274703,0.776847290640394,453,2030,ok,0.8649007553819835,0.5979899497487438,0.03015075376884422,0.615
slim,P021,89,retained,0.14659685863874344,0.07909604519774012,44.69450912895973,18.217686767731248,0.7720079129574678,461,2022,ok,0.8649007553819835,0.5979899497487438,0.03015075376884422,0.615
slim,P021,90,retained,0.16449189402926057,0.08961654459284792,44.73240429400016,17.883014698102567,0.7504940711462451,505,2024,ok,0.8649007553819835,0.5979899497487438,0.03015075376884422,0.615
slim,P021,91,retained,0.1858267716535433,0.10243055555555555,43.77405685757506,17.52649142710454,0.7450592885375494,516,2024,ok,0.8649007553819835,0.5979899497487438,0.03015075376884422,0.615
slim,P021,92,retained,0.20259128386336867,0.1127129750982962,43.53823677071253,17.404555199219327,0.7403560830860534,525,2022,ok,0.8649007553819835,0.5979899497487438,0.03015075376884422,0.615
slim,P021,93,retained,0.18949044585987262,0.10466138962181179,43.79639874291193,17.400903944462343,0.753349875930521,497,2015,ok,0.8649007553819835,0.5979899497487438,0.03015075376884422,0.615
slim,P021,94,retained,0.1833466773418735,0.10092551784927281,43.882069289008435,17.38576340306761,0.7639782285997031,477,2021,ok,0.8649007553819835,0.5979899497487438,0.03015075376884422,0.615
slim,P021,95,retained,0.1848605577689243,0.10184372256365233,43.841082513585725,17.450651512987687,0.7574257425742574,490,2020,ok,0.8649007553819835,0.5979899497487438,0.03015075376884422,0.615
slim,P021,96,retained,0.19618745035742652,0.1087626596213122,42.472780117100555,16.980177223619854,0.7528479445269936,499,2019,ok,0.8649007553819835,0.5979899497487438,0.03015075376884422,0.615
slim,P021,97,retained,0.15639222176251552,0.0848294434470377,42.911828487017026,17.44547692594305,0.7933100349475787,414,2003,ok,0.8649007553819835,0.5979899497487438,0.03015075376884422,0.615
slim,P021,98,retained,0.025616698292220113,0.012974531475252283,58.69412236331676,25.374970994146338,0.9533267130089375,94,2014,ok,0.8649007553819835,0.5979899497487438,0.03015075376884422,0.615
slim,P021,99,retained,0.0,0.0,,,1.0,0,2014,a_empty,0.8649007553819835,0.5979899497487438,0.03015075376884422,0.615
slim,P021,100,retained,0.0,0.0,,,1.0,0,2011,a_empty,0.8649007553819835,0.5979899497487438,0.03015075376884422,0.615
slim,P021,101,retained,0.0,0.0,,,1.0,0,2006,a_empty,0.8649007553819835,0.5979899497487438,0.03015075376884422,0.615
slim,P021,102,retained,0.0,0.0,,,1.0,0,2006,a_empty,0.8649007553819835,0.5979899497487438,0.03015075376884422,0.615
slim,P021,103,retained,0.0,0.0,,,1.0,0,2006,a_empty,0.8649007553819835,0.5979899497487438,0.03015075376884422,0.615
slim,P021,104,retained,0.0,0.0,,,1.0,0,2006,a_empty,0.8649007553819835,0.5979899497487438,0.03015075376884422,0.615
slim,P021,105,retained,0.0,0.0,,,1.0,0,2004,a_empty,0.8649007553819835,0.5979899497487438,0.03015075376884422,0.615
slim,P021,106,retained,0.0,0.0,,,1.0,0,2004,a_empty,0.8649007553819835,0.5979899497487438,0.03015075376884422,0.615
slim,P021,107,retained,0.0,0.0,,,1.0,0,2004,a_empty,0.8649007553819835,0.5979899497487438,0.03015075376884422,0.615
slim,P021,108,retained,0.0,0.0,,,1.0,0,2004,a_empty,0.8649007553819835,0.5979899497487438,0.03015075376884422,0.615
slim,P021,109,retained,0.0,0.0,,,1.0,0,2010,a_empty,0.8649007553819835,0.5979899497487438,0.03015075376884422,0.615
slim,P021,110,retained,0.0,0.0,,,1.0,0,2010,a_empty,0.8649007553819835,0.5979899497487438,0.03015075376884422,0.615
slim,P021,111,retained,0.0,0.0,,,1.0,0,2010,a_empty,0.8649007553819835,0.5979899497487438,0.03015075376884422,0.615
slim,P021,112,retained,0.0,0.0,,,1.0,0,2010,a_empty,0.8649007553819835,0.5979899497487438,0.03015075376884422,0.615
slim,P021,113,retained,0.0,0.0,,,1.0,0,2005,a_empty,0.8649007553819835,0.5979899497487438,0.03015075376884422,0.615
slim,P021,114,retained,0.0,0.0,,,1.0,0,2005,a_empty,0.8649007553819835,0.5979899497487438,0.03015075376884422,0.615
slim,P021,115,retained,0.0,0.0,,,1.0,0,2005,a_empty,0.8649007553819835,0.5979899497487438,0.03015075376884422,0.615
slim,P021,116,retained,0.0,0.0,,,1.0,0,2002,a_empty,0.8649007553819835,0.5979899497487438,0.03015075376884422,0.615
slim,P021,117,retained,0.0,0.0,,,1.0,0,1995,a_empty,0.8649007553819835,0.5979899497487438,0.03015075376884422,0.615
slim,P021,118,retained,0.0,0.0,,,1.0,0,1995,a_empty,0.8649007553819835,0.5979899497487438,0.03015075376884422,0.615
slim,P021,119,retained,0.0,0.0,,,1.0,0,1995,a_empty,0.8649007553819835,0.5979899497487438,0.03015075376884422,0.615
slim,P021,120,retained,0.0,0.0,,,1.0,0,1989,a_empty,0.8649007553819835,0.5979899497487438,0.03015075376884422,0.615
slim,P021,121,retained,0.0,0.0,,,1.0,0,1990,a_empty,0.8649007553819835,0.5979899497487438,0.03015075376884422,0.615
slim,P021,122,retained,0.0,0.0,,,1.0,0,1994,a_empty,0.8649007553819835,0.5979899497487438,0.03015075376884422,0.615
slim,P021,123,retained,0.0,0.0,,,1.0,0,1997,a_empty,0.8649007553819835,0.5979899497487438,0.03015075376884422,0.615
slim,P021,124,retained,0.0,0.0,,,1.0,0,1997,a_empty,0.8649007553819835,0.5979899497487438,0.03015075376884422,0.615
slim,P021,125,retained,0.0,0.0,,,1.0,0,1991,a_empty,0.8649007553819835,0.5979899497487438,0.03015075376884422,0.615
slim,P021,126,retained,0.0,0.0,,,1.0,0,1991,a_empty,0.8649007553819835,0.5979899497487438,0.03015075376884422,0.615
slim,P021,127,retained,0.0,0.0,,,1.0,0,1987,a_empty,0.8649007553819835,0.5979899497487438,0.03015075376884422,0.615
slim,P021,128,retained,0.0,0.0,,,1.0,0,1987,a_empty,0.8649007553819835,0.5979899497487438,0.03015075376884422,0.615
slim,P021,129,retained,0.0,0.0,,,1.0,0,1986,a_empty,0.8649007553819835,0.5979899497487438,0.03015075376884422,0.615
slim,P021,130,retained,0.0,0.0,,,1.0,0,1989,a_empty,0.8649007553819835,0.5979899497487438,0.03015075376884422,0.615
slim,P021,131,retained,0.0,0.0,,,1.0,0,1989,a_empty,0.8649007553819835,0.5979899497487438,0.03015075376884422,0.615
slim,P021,132,retained,0.0,0.0,,,1.0,0,1996,a_empty,0.8649007553819835,0.5979899497487438,0.03015075376884422,0.615
slim,P021,133,retained,0.0,0.0,,,1.0,0,1989,a_empty,0.8649007553819835,0.5979899497487438,0.03015075376884422,0.615
slim,P021,134,retained,0.0,0.0,,,1.0,0,1989,a_empty,0.8649007553819835,0.5979899497487438,0.03015075376884422,0.615
slim,P021,135,retained,0.0,0.0,,,1.0,0,1989,a_empty,0.8649007553819835,0.5979899497487438,0.03015075376884422,0.615
slim,P021,136,retained,0.0,0.0,,,1.0,0,1989,a_empty,0.8649007553819835,0.5979899497487438,0.03015075376884422,0.615
slim,P021,137,retained,0.0,0.0,,,1.0,0,1989,a_empty,0.8649007553819835,0.5979899497487438,0.03015075376884422,0.615
slim,P021,138,retained,0.0,0.0,,,1.0,0,1989,a_empty,0.8649007553819835,0.5979899497487438,0.03015075376884422,0.615
slim,P021,139,retained,0.0,0.0,,,1.0,0,1983,a_empty,0.8649007553819835,0.5979899497487438,0.03015075376884422,0.615
slim,P021,140,retained,0.0,0.0,,,1.0,0,1991,a_empty,0.8649007553819835,0.5979899497487438,0.03015075376884422,0.615
slim,P021,141,retained,0.0,0.0,,,1.0,0,1991,a_empty,0.8649007553819835,0.5979899497487438,0.03015075376884422,0.615
slim,P021,142,retained,0.0,0.0,,,1.0,0,1990,a_empty,0.8649007553819835,0.5979899497487438,0.03015075376884422,0.615
slim,P021,143,retained,0.0,0.0,,,1.0,0,1995,a_empty,0.8649007553819835,0.5979899497487438,0.03015075376884422,0.615
slim,P021,144,retained,0.0,0.0,,,1.0,0,1995,a_empty,0.8649007553819835,0.5979899497487438,0.03015075376884422,0.615
slim,P021,145,retained,0.0,0.0,,,1.0,0,1989,a_empty,0.8649007553819835,0.5979899497487438,0.03015075376884422,0.615
slim,P021,146,retained,0.0,0.0,,,1.0,0,1993,a_empty,0.8649007553819835,0.5979899497487438,0.03015075376884422,0.615
slim,P021,147,retained,0.0,0.0,,,1.0,0,1993,a_empty,0.8649007553819835,0.5979899497487438,0.03015075376884422,0.615
slim,P021,148,retained,0.0,0.0,,,1.0,0,1989,a_empty,0.8649007553819835,0.5979899497487438,0.03015075376884422,0.615
slim,P021,149,retained,0.0,0.0,,,1.0,0,1990,a_empty,0.8649007553819835,0.5979899497487438,0.03015075376884422,0.615
slim,P021,150,retained,0.0,0.0,,,1.0,0,1990,a_empty,0.8649007553819835,0.5979899497487438,0.03015075376884422,0.615
slim,P021,151,retained,0.0,0.0,,,1.0,0,1989,a_empty,0.8649007553819835,0.5979899497487438,0.03015075376884422,0.615
slim,P021,152,retained,0.0,0.0,,,1.0,0,1990,a_empty,0.8649007553819835,0.5979899497487438,0.03015075376884422,0.615
slim,P021,153,retained,0.0,0.0,,,1.0,0,1991,a_empty,0.8649007553819835,0.5979899497487438,0.03015075376884422,0.615
slim,P021,154,retained,0.0,0.0,,,1.0,0,1991,a_empty,0.8649007553819835,0.5979899497487438,0.03015075376884422,0.615
slim,P021,155,retained,0.0,0.0,,,1.0,0,1989,a_empty,0.8649007553819835,0.5979899497487438,0.03015075376884422,0.615
slim,P021,156,retained,0.0,0.0,,,1.0,0,1990,a_empty,0.8649007553819835,0.5979899497487438,0.03015075376884422,0.615
slim,P021,157,retained,0.0,0.0,,,1.0,0,1989,a_empty,0.8649007553819835,0.5979899497487438,0.03015075376884422,0.615
slim,P021,158,retained,0.0,0.0,,,1.0,0,1990,a_empty,0.8649007553819835,0.5979899497487438,0.03015075376884422,0.615
slim,P021,159,retained,0.0,0.0,,,1.0,0,1989,a_empty,0.8649007553819835,0.5979899497487438,0.03015075376884422,0.615
slim,P021,160,retained,0.0,0.0,,,1.0,0,1989,a_empty,0.8649007553819835,0.5979899497487438,0.03015075376884422,0.615
slim,P021,161,retained,0.0,0.0,,,1.0,0,1988,a_empty,0.8649007553819835,0.5979899497487438,0.03015075376884422,0.615
slim,P021,162,retained,0.0,0.0,,,1.0,0,1996,a_empty,0.8649007553819835,0.5979899497487438,0.03015075376884422,0.615
slim,P021,163,retained,0.0,0.0,,,1.0,0,1996,a_empty,0.8649007553819835,0.5979899497487438,0.03015075376884422,0.615
slim,P021,164,retained,0.0,0.0,,,1.0,0,1996,a_empty,0.8649007553819835,0.5979899497487438,0.03015075376884422,0.615
slim,P021,165,retained,0.0,0.0,,,1.0,0,1996,a_empty,0.8649007553819835,0.5979899497487438,0.03015075376884422,0.615
slim,P021,166,retained,0.0,0.0,,,1.0,0,1996,a_empty,0.8649007553819835,0.5979899497487438,0.03015075376884422,0.615
slim,P021,167,retained,0.0,0.0,,,1.0,0,1995,a_empty,0.8649007553819835,0.5979899497487438,0.03015075376884422,0.615
slim,P021,168,retained,0.0,0.0,,,1.0,0,1986,a_empty,0.8649007553819835,0.5979899497487438,0.03015075376884422,0.615
slim,P021,169,retained,0.0,0.0,,,1.0,0,1984,a_empty,0.8649007553819835,0.5979899497487438,0.03015075376884422,0.615
slim,P021,170,retained,0.0,0.0,,,1.0,0,1986,a_empty,0.8649007553819835,0.5979899497487438,0.03015075376884422,0.615
slim,P021,171,retained,0.0,0.0,,,1.0,0,1986,a_empty,0.8649007553819835,0.5979899497487438,0.03015075376884422,0.615
slim,P021,172,retained,0.0,0.0,,,1.0,0,1986,a_empty,0.8649007553819835,0.5979899497487438,0.03015075376884422,0.615
slim,P021,173,retained,0.0,0.0,,,1.0,0,1986,a_empty,0.8649007553819835,0.5979899497487438,0.03015075376884422,0.615
slim,P021,174,retained,0.0,0.0,,,1.0,0,1986,a_empty,0.8649007553819835,0.5979899497487438,0.03015075376884422,0.615
slim,P021,175,retained,0.0,0.0,,,1.0,0,1985,a_empty,0.8649007553819835,0.5979899497487438,0.03015075376884422,0.615
slim,P021,176,retained,0.0,0.0,,,1.0,0,1992,a_empty,0.8649007553819835,0.5979899497487438,0.03015075376884422,0.615
slim,P021,177,retained,0.0,0.0,,,1.0,0,1992,a_empty,0.8649007553819835,0.5979899497487438,0.03015075376884422,0.615
slim,P021,178,retained,0.0,0.0,,,1.0,0,1992,a_empty,0.8649007553819835,0.5979899497487438,0.03015075376884422,0.615
slim,P021,179,retained,0.0,0.0,,,1.0,0,1992,a_empty,0.8649007553819835,0.5979899497487438,0.03015075376884422,0.615
slim,P021,180,retained,0.0,0.0,,,1.0,0,1988,a_empty,0.8649007553819835,0.5979899497487438,0.03015075376884422,0.615
slim,P021,181,retained,0.0,0.0,,,1.0,0,1988,a_empty,0.8649007553819835,0.5979899497487438,0.03015075376884422,0.615
slim,P021,182,retained,0.0,0.0,,,1.0,0,1995,a_empty,0.8649007553819835,0.5979899497487438,0.03015075376884422,0.615
slim,P021,183,retained,0.0,0.0,,,1.0,0,1995,a_empty,0.8649007553819835,0.5979899497487438,0.03015075376884422,0.615
slim,P021,184,retained,0.0,0.0,,,1.0,0,1999,a_empty,0.8649007553819835,0.5979899497487438,0.03015075376884422,0.615
slim,P021,185,retained,0.0,0.0,,,1.0,0,1999,a_empty,0.8649007553819835,0.5979899497487438,0.03015075376884422,0.615
slim,P021,186,retained,0.0,0.0,,,1.0,0,1999,a_empty,0.8649007553819835,0.5979899497487438,0.03015075376884422,0.615
slim,P021,187,retained,0.0,0.0,,,1.0,0,1995,a_empty,0.8649007553819835,0.5979899497487438,0.03015075376884422,0.615
slim,P021,188,retained,0.0,0.0,,,1.0,0,1995,a_empty,0.8649007553819835,0.5979899497487438,0.03015075376884422,0.615
slim,P021,189,retained,0.0,0.0,,,1.0,0,1988,a_empty,0.8649007553819835,0.5979899497487438,0.03015075376884422,0.615
slim,P021,190,retained,0.0,0.0,,,1.0,0,1988,a_empty,0.8649007553819835,0.5979899497487438,0.03015075376884422,0.615
slim,P021,191,retained,0.0,0.0,,,1.0,0,1988,a_empty,0.8649007553819835,0.5979899497487438,0.03015075376884422,0.615
slim,P021,192,retained,0.0,0.0,,,1.0,0,1995,a_empty,0.8649007553819835,0.5979899497487438,0.03015075376884422,0.615
slim,P021,193,retained,0.0,0.0,,,1.0,0,1995,a_empty,0.8649007553819835,0.5979899497487438,0.03015075376884422,0.615
slim,P021,194,retained,0.0,0.0,,,1.0,0,1995,a_empty,0.8649007553819835,0.5979899497487438,0.03015075376884422,0.615
slim,P021,195,retained,0.0,0.0,,,1.0,0,1989,a_empty,0.8649007553819835,0.5979899497487438,0.03015075376884422,0.615
slim,P021,196,retained,0.0,0.0,,,1.0,0,1995,a_empty,0.8649007553819835,0.5979899497487438,0.03015075376884422,0.615
slim,P021,197,retained,0.0,0.0,,,1.0,0,1995,a_empty,0.8649007553819835,0.5979899497487438,0.03015075376884422,0.615
slim,P021,198,retained,0.0,0.0,,,1.0,0,1995,a_empty,0.8649007553819835,0.5979899497487438,0.03015075376884422,0.615
slim,P021,199,retained,0.0,0.0,,,1.0,0,1989,a_empty,0.8649007553819835,0.5979899497487438,0.03015075376884422,0.615
slim,P040,0,retained,0.8972754050073638,0.8136894824707847,5.089117562233504,2.4556500255462557,0.17534430634867315,2455,2977,ok,0.9902232124713818,0.0,0.0,0.0
slim,P040,1,retained,0.8979591836734694,0.8148148148148148,5.385164807134504,2.478389441924,0.17795484727755645,2476,3012,ok,0.9902232124713818,0.0,0.0,0.0
slim,P040,2,retained,0.8974078130704637,0.813907284768212,5.588931888902911,2.471854269973226,0.17885638297872342,2470,3008,ok,0.9902232124713818,0.0,0.0,0.0
slim,P040,3,retained,0.8968544257498171,0.8129973474801061,5.830951894845301,2.4890150884229665,0.18036605657237936,2463,3005,ok,0.9902232124713818,0.0,0.0,0.0
slim,P040,4,retained,0.8988149498632635,0.8162251655629139,6.082762530298219,2.448913349022889,0.18015925680159256,2471,3014,ok,0.9902232124713818,0.0,0.0,0.0
slim,P040,5,retained,0.8981008035062089,0.8150480609877362,6.324555320336759,2.453815527683644,0.18254231662794557,2463,3013,ok,0.9902232124713818,0.0,0.0,0.0
slim,P040,6,retained,0.8930656934306569,0.8067919551599076,6.324555320336759,2.5990236286985224,0.19201583635763775,2449,3031,ok,0.9902232124713818,0.0,0.0,0.0
slim,P040,7,retained,0.8916590284142988,0.8044988422097255,6.4031242374328485,2.6215197396809393,0.19430652101952997,2434,3021,ok,0.9902232124713818,0.0,0.0,0.0
slim,P040,8,retained,0.8915310042070606,0.8042904290429043,6.383482008158826,2.6342336725752364,0.1939213742979848,2440,3027,ok,0.9902232124713818,0.0,0.0,0.0
slim,P040,9,retained,0.8888888888888888,0.8,6.708203932499369,2.6826845099045045,0.19763235777704702,2440,3041,ok,0.9902232124713818,0.0,0.0,0.0
slim,P040,10,retained,0.8876322510032835,0.7979665464086586,6.708203932499369,2.7095426042405015,0.19730351857941467,2441,3041,ok,0.9902232124713818,0.0,0.0,0.0
slim,P040,11,retained,0.8852459016393442,0.7941176470588235,6.708203932499369,2.769872757624046,0.2,2440,3050,ok,0.9902232124713818,0.0,0.0,0.0
slim,P040,12,retained,0.8841264075553941,0.7923177083333334,7.0390872965260085,2.795066892009981,0.20182887001959504,2444,3062,ok,0.9902232124713818,0.0,0.0,0.0
slim,P040,13,retained,0.8809135399673735,0.7871720116618076,6.8978713763747725,2.878575365315229,0.2064369310793238,2441,3076,ok,0.9902232124713818,0.0,0.0,0.0
slim,P040,14,retained,0.8794042862332001,0.7847649918962722,7.0710678118654755,2.908075646349766,0.20300261096605743,2442,3064,ok,0.9902232124713818,0.0,0.0,0.0
slim,P040,15,retained,0.8737511353315168,0.7758064516129032,7.211102550927978,3.06308094756594,0.20684039087947884,2435,3070,ok,0.9902232124713818,0.0,0.0,0.0
slim,P040,16,retained,0.8704644412191582,0.7706392547381946,7.280109889280518,3.1437890677204763,0.208644783880403,2435,3077,ok,0.9902232124713818,0.0,0.0,0.0
slim,P040,17,retained,0.8714801444043321,0.7722328854766475,7.280109889280518,3.0976780225114666,0.20304897826792084,2457,3083,ok,0.9902232124713818,0.0,0.0,0.0
slim,P040,18,retained,0.8682559598494354,0.7671840354767184,7.625496934366037,3.2293494507186886,0.20090293453724606,2478,3101,ok,0.9902232124713818,0.0,0.0,0.0
slim,P040,19,retained,0.8642767968610665,0.7609924623115578,7.810249675906654,3.3164924420793853,0.19594594594594594,2499,3108,ok,0.9902232124713818,0.0,0.0,0.0
slim,P040,20,retained,0.8601535988569388,0.7546223754308994,8.06225774829855,3.4284944389629404,0.20199100834938985,2485,3114,ok,0.9902232124713818,0.0,0.0,0.0
slim,P040,21,retained,0.854688618468146,0.74625,8.48528137423857,3.5742034178408444,0.20725056143727943,2471,3117,ok,0.9902232124713818,0.0,0.0,0.0
slim,P040,22,retained,0.8516987237102283,0.7417031934877896,8.246211251235321,3.5765896881986476,0.21469833119383824,2447,3116,ok,0.9902232124713818,0.0,0.0,0.0
slim,P040,23,retained,0.8482671933919914,0.7365138758964764,8.54400374531753,3.6417507147618795,0.22360446570972886,2434,3135,ok,0.9902232124713818,0.0,0.0,0.0
slim,P040,24,retained,0.8468436154949784,0.7343701399688958,8.604043970019765,3.699813145153742,0.22137161084529505,2441,3135,ok,0.9902232124713818,0.0,0.0,0.0
slim,P040,25,retained,0.8408927285817135,0.7254658385093168,8.94427190999916,3.861501988192959,0.2294455066921606,2418,3138,ok,0.9902232124713818,0.0,0.0,0.0
slim,P040,26,retained,0.8376099048986183,0.7205927755480086,9.219544457292887,3.939010776263738,0.23303741280913126,2419,3154,ok,0.9902232124713818,0.0,0.0,0.0
slim,P040,27,retained,0.8342015448176756,0.715562403697997,9.433981132056603,4.013403001583772,0.23549920760697307,2412,3155,ok,0.9902232124713818,0.0,0.0,0.0
slim,P040,28,retained,0.8290582959641256,0.7080269607843137,9.486832980505138,4.147174059939824,0.2374328169459374,2412,3163,ok,0.9902232124713818,0.0,0.0,0.0
slim,P040,29,retained,0.822373123659757,0.698330804248862,9.899494936611665,4.329856702794035,0.24851330203442878,2401,3195,ok,0.9902232124713818,0.0,0.0,0.0
slim,P040,30,retained,0.8187343582409725,0.6930992736077481,10.0,4.398907916511881,0.24913928012519562,2399,3195,ok,0.9902232124713818,0.0,0.0,0.0
slim,P040,31,retained,0.8129935391241924,0.6849107952827336,10.285871029606856,4.547384574044091,0.25602503912363067,2377,3195,ok,0.9902232124713818,0.0,0.0,0.0
slim,P040,32,retained,0.8041162664740928,0.6724033816425121,10.44030650891055,4.737816025009242,0.2668961201501877,2343,3196,ok,0.9902232124713818,0.0,0.0,0.0
slim,P040,33,retained,0.7981254506128335,0.6640671865626875,10.770329614269007,4.925491099307562,0.2673329169269207,2346,3202,ok,0.9902232124713818,0.0,0.0,0.0
slim,P040,34,retained,0.793628065151244,0.6578635014836796,11.180339887498949,5.048859986866088,0.26328877836493625,2370,3217,ok,0.9902232124713818,0.0,0.0,0.0
slim,P040,35,retained,0.7869727709556861,0.6487676056338029,11.313708498984761,5.253729326426104,0.26090993500464255,2388,3231,ok,0.9902232124713818,0.0,0.0,0.0
slim,P040,36,retained,0.7840084910666902,0.6447483270293861,11.661903789690601,5.333663695944016,0.2541692402717727,2415,3238,ok,0.9902232124713818,0.0,0.0,0.0
slim,P040,37,retained,0.785499557913351,0.6467676179382644,11.691861074410916,5.307079493706254,0.24922600619195046,2425,3230,ok,0.9902232124713818,0.0,0.0,0.0
slim,P040,38,retained,0.7919177596596951,0.6555164319248826,11.609873881950746,5.140040861600103,0.26078914919852036,2398,3244,ok,0.9902232124713818,0.0,0.0,0.0
slim,P040,39,retained,0.8097266595669151,0.6802863107664778,11.180339887498949,4.625094040829628,0.27177914110429446,2374,3260,ok,0.9902232124713818,0.0,0.0,0.0
slim,P040,40,retained,0.8266193433895297,0.7044767090139141,10.198039027185569,4.1969055395193875,0.26881720430107525,2380,3255,ok,0.9902232124713818,0.0,0.0,0.0
slim,P040,41,retained,0.8599415707166179,0.7542960506481761,8.94427190999916,3.399339130100322,0.21940024479804163,2551,3268,ok,0.9902232124713818,0.0,0.0,0.0
slim,P040,42,retained,0.8711531958065607,0.7717195925704015,8.06225774829855,3.1475279204268802,0.19969558599695586,2629,3285,ok,0.9902232124713818,0.0,0.0,0.0
slim,P040,43,retained,0.8854603387556599,0.7944628347878423,7.211102550927978,2.769253270420186,0.18588378460602373,2676,3287,ok,0.9902232124713818,0.0,0.0,0.0
slim,P040,44,retained,0.8947980721289679,0.8096240601503759,6.4031242374328485,2.56751482586743,0.1816258688425506,2708,3309,ok,0.9902232124713818,0.0,0.0,0.0
slim,P040,45,retained,0.9130293159609121,0.8399760263709919,5.385164807134504,2.0805180542538433,0.14501510574018128,2830,3310,ok,0.9902232124713818,0.0,0.0,0.0
slim,P040,46,retained,0.9214659685863874,0.8543689320388349,5.0,1.9092274340443778,0.11625821876867902,2957,3346,ok,0.9902232124713818,0.0,0.0,0.0
slim,P040,47,retained,0.9304661748548109,0.8699735837980628,4.47213595499958,1.706197807623729,0.09934367541766109,3019,3352,ok,0.9902232124713818,0.0,0.0,0.0
slim,P040,48,retained,0.93098613491198,0.8708831244535121,4.47213595499958,1.6907416778777205,0.09638196915776986,3047,3372,ok,0.9902232124713818,0.0,0.0,0.0
slim,P040,49,retained,0.9263583995017904,0.8628190255220418,5.0,1.807750386864216,0.09180035650623886,3057,3366,ok,0.9902232124713818,0.0,0.0,0.0
slim,P040,50,retained,0.9247145942610305,0.8599713055954089,5.0,1.8852713828554943,0.08677685950413223,3094,3388,ok,0.9902232124713818,0.0,0.0,0.0
slim,P040,51,retained,0.9195685670261942,0.8511123787792356,5.0,2.0122688479733895,0.08328411104548139,3104,3386,ok,0.9902232124713818,0.0,0.0,0.0
slim,P040,52,retained,0.9215445908673,0.8545041204887752,5.0,1.9603017024487976,0.06923076923076923,3146,3380,ok,0.9902232124713818,0.0,0.0,0.0
slim,P040,53,retained,0.9201394150628883,0.8520909346056694,4.47213595499958,2.0079615100993298,0.053392330383480825,3209,3390,ok,0.9902232124713818,0.0,0.0,0.0
slim,P040,54,retained,0.9211755840241146,0.8538697960324113,4.200803415593714,1.9761671103129779,0.033491404860699465,3261,3374,ok,0.9902232124713818,0.0,0.0,0.0
slim,P040,55,retained,0.9221807318894698,0.8555986696230599,5.0,1.9710085528553754,0.02856301531213192,3299,3396,ok,0.9902232124713818,0.0,0.0,0.0
slim,P040,56,retained,0.918590882178804,0.8494388174103477,5.0,2.057353993814853,0.010014727540500737,3361,3395,ok,0.9902232124713818,0.0,0.0,0.0
slim,P040,57,retained,0.917834488862664,0.8481461286804798,5.0,2.085213566913316,0.00029507229271171436,3390,3389,ok,0.9902232124713818,0.0,0.0,0.0
slim,P040,58,retained,0.9150596201972618,0.8434192672998643,5.0,2.164156348544035,0.0032438808611029196,3402,3391,ok,0.9902232124713818,0.0,0.0,0.0
slim,P040,59,retained,0.911969226216896,0.8381833016045689,5.0,2.2500528987740402,0.0008880994671403197,3381,3378,ok,0.9902232124713818,0.0,0.0,0.0
slim,P040,60,retained,0.9089301503094607,0.833063209076175,5.014852927038915,2.322072237484691,0.00709849157054126,3405,3381,ok,0.9902232124713818,0.0,0.0,0.0
slim,P040,61,retained,0.9115706115266168,0.8375101050929669,5.0990195135927845,2.2513785461600744,0.004998529844163481,3418,3401,ok,0.9902232124713818,0.0,0.0,0.0
slim,P040,62,retained,0.9146377236726313,0.8427027027027028,5.0,2.1667009366233914,0.00411522633744856,3416,3402,ok,0.9902232124713818,0.0,0.0,0.0
slim,P040,63,retained,0.9133743049458589,0.8405601939132776,5.0,2.1961447801293734,0.011775095672652341,3437,3397,ok,0.9902232124713818,0.0,0.0,0.0
slim,P040,64,retained,0.9115108965920725,0.8374092985756517,5.170555836978214,2.2522856311490376,0.008519388954171562,3433,3404,ok,0.9902232124713818,0.0,0.0,0.0
slim,P040,65,retained,0.9131195335276968,0.8401287553648069,5.00990195135928,2.2359275296830923,0.011140428026971563,3449,3411,ok,0.9902232124713818,0.0,0.0,0.0
slim,P040,66,retained,0.9159318048206937,0.8449023861171366,5.0,2.14373684861656,0.00176522506619594,3405,3399,ok,0.9902232124713818,0.0,0.0,0.0
slim,P040,67,retained,0.9134573143944941,0.8407008086253369,5.0,2.2276422668585174,0.02220906129700918,3452,3377,ok,0.9902232124713818,0.0,0.0,0.0
slim,P040,68,retained,0.9175333235681852,0.8476319350473613,5.0,2.098778390897915,0.016838995568685376,3442,3385,ok,0.9902232124713818,0.0,0.0,0.0
slim,P040,69,retained,0.9117212872748746,0.8377645143787303,5.0,2.057814894670552,0.0011802891708468574,3385,3389,ok,0.9902232124713818,0.0,0.0,0.0
slim,P040,70,retained,0.9117559964465501,0.8378231292517007,5.0,2.0715232182286916,0.014113496030579242,3353,3401,ok,0.9902232124713818,0.0,0.0,0.0
slim,P040,71,retained,0.9161213563355146,0.845225027442371,5.0,2.023548836066986,0.0281524926686217,3314,3410,ok,0.9902232124713818,0.0,0.0,0.0
slim,P040,72,retained,0.917745054291239,0.8479934029686641,5.0,2.059226265238596,0.026130358191426895,3317,3406,ok,0.9902232124713818,0.0,0.0,0.0
slim,P040,73,retained,0.9143535698382069,0.8422203992343451,5.0,2.110049071045029,0.024919378481383758,3326,3411,ok,0.9902232124713818,0.0,0.0,0.0
slim,P040,74,retained,0.9140923801117976,0.8417772961257112,5.0,2.11522606619186,0.018653453803555816,3367,3431,ok,0.9902232124713818,0.0,0.0,0.0
slim,P040,75,retained,0.9125899809020126,0.8392326398270737,5.0,2.19479862331074,0.013134851138353765,3381,3426,ok,0.9902232124713818,0.0,0.0,0.0
slim,P040,76,retained,0.91548463356974,0.844141689373297,4.47213595499958,2.0676599711648174,0.004739336492890996,3392,3376,ok,0.9902232124713818,0.0,0.0,0.0
slim,P040,77,retained,0.916136666173643,0.8452510917030568,4.868033988749895,2.020582239849403,0.013400833829660513,3403,3358,ok,0.9902232124713818,0.0,0.0,0.0
slim,P040,78,retained,0.9168405365126676,0.8464501926252064,4.47213595499958,2.0064325276290496,0.025966183574879228,3398,3312,ok,0.9902232124713818,0.0,0.0,0.0
slim,P040,79,retained,0.9207695803666112,0.8531723750701853,4.242640687119285,1.8393680320630243,0.013113754193351632,3322,3279,ok,0.9902232124713818,0.0,0.0,0.0
slim,P040,80,retained,0.9264321916756258,0.8629470672389127,4.47213595499958,1.7611289940104615,0.008868501529051987,3241,3270,ok,0.9902232124713818,0.0,0.0,0.0
slim,P040,81,retained,0.93134513824169,0.8715116279069768,4.170919650218307,1.6354651632580017,0.0018656716417910447,3222,3216,ok,0.9902232124713818,0.0,0.0,0.0
slim,P040,82,retained,0.9343544857768052,0.8767967145790554,4.123105625617661,1.5428287421496774,0.011317195850361521,3217,3181,ok,0.9902232124713818,0.0,0.0,0.0
slim,P040,83,retained,0.9342167534311405,0.8765541740674956,4.0,1.5454790704751515,0.005378044922492882,3178,3161,ok,0.9902232124713818,0.0,0.0,0.0
slim,P040,84,retained,0.9357591370149735,0.8792738275340394,4.0,1.4991713247531224,0.015654952076677317,3081,3130,ok,0.9902232124713818,0.0,0.0,0.0
slim,P040,85,retained,0.9372219476025705,0.881860465116279,3.1622776601683795,1.440897552069864,0.04478092783505155,2965,3104,ok,0.9902232124713818,0.0,0.0,0.0
slim,P040,86,retained,0.9352589641434262,0.8783910196445276,3.1622776601683795,1.5059944243877077,0.03842396613480951,2953,3071,ok,0.9902232124713818,0.0,0.0,0.0
slim,P040,87,retained,0.9369908561928512,0.8814513606506099,3.605551275463989,1.4782314075561604,0.02073050345508391,2976,3039,ok,0.9902232124713818,0.0,0.0,0.0
slim,P040,88,retained,0.9342479504768278,0.8766091051805337,4.123105625617661,1.548335947088485,0.010981697171381031,2972,3005,ok,0.9902232124713818,0.0,0.0,0.0
slim,P040,89,retained,0.9395317500421088,0.8859593392630242,3.605551275463989,1.398006797090041,0.016371533578349484,2944,2993,ok,0.9902232124713818,0.0,0.0,0.0
slim,P040,90,retained,0.940676525582186,0.887997432605905,3.605551275463989,1.357446339625898,0.0125,2923,2960,ok,0.9902232124713818,0.0,0.0,0.0
slim,P040,91,retained,0.9391810861744047,0.8853359173126615,3.605551275463989,1.3875026246953759,0.0058079945336522035,2910,2927,ok,0.9902232124713818,0.0,0.0,0.0
slim,P040,92,retained,0.9423740510697033,0.8910277324632953,3.605551275463989,1.2951024493936205,0.0075627363355104844,2887,2909,ok,0.9902232124713818,0.0,0.0,0.0
slim,P040,93,retained,0.9452318460192476,0.8961512939615129,3.1622776601683795,1.2146461200457157,0.021806853582554516,2826,2889,ok,0.9902232124713818,0.0,0.0,0.0
slim,P040,94,retained,0.9495485926712692,0.9039433771486349,2.8284271247461903,1.088791622633746,0.020672740014015416,2795,2854,ok,0.9902232124713818,0.0,0.0,0.0
slim,P040,95,retained,0.9499463711119056,0.9046646237657474,2.8284271247461903,1.0637252684069016,0.04200210010500525,2737,2857,ok,0.9902232124713818,0.0,0.0,0.0
slim,P040,96,retained,0.9523637675929267,0.9090595935239407,2.8284271247461903,0.9947778960986523,0.041003888299752565,2713,2829,ok,0.9902232124713818,0.0,0.0,0.0
slim,P040,97,retained,0.9543478260869566,0.9126819126819127,2.8284271247461903,0.9522584834960687,0.04878048780487805,2691,2829,ok,0.9902232124713818,0.0,0.0,0.0
slim,P040,98,retained,0.954843408594319,0.913588850174216,2.8284271247461903,0.9455093439690082,0.05867797808412867,2663,2829,ok,0.9902232124713818,0.0,0.0,0.0
slim,P040,99,retained,0.950735294117647,0.9060967063770147,2.8284271247461903,1.0167624374784412,0.07705903145987981,2611,2829,ok,0.9902232124713818,0.0,0.0,0.0
slim,P040,100,retained,0.9509948415622698,0.9065683175272217,2.8284271247461903,1.01663791341363,0.08130081300813008,2599,2829,ok,0.9902232124713818,0.0,0.0,0.0
slim,P040,101,retained,0.9452588606420487,0.8961998592540464,2.8284271247461903,1.1495627415792153,0.08425168858869535,2576,2813,ok,0.9902232124713818,0.0,0.0,0.0
slim,P040,102,retained,0.9327932240839625,0.8740510697032436,3.0,1.4285318554716333,0.06932100959829364,2618,2813,ok,0.9902232124713818,0.0,0.0,0.0
slim,P040,103,retained,0.9255985267034991,0.8615015426808365,3.1622776601683795,1.604960946502917,0.06967650195520796,2617,2813,ok,0.9902232124713818,0.0,0.0,0.0
slim,P040,104,retained,0.9180509413067552,0.8485158648925282,3.605551275463989,1.7881546333656355,0.07394241023817988,2605,2813,ok,0.9902232124713818,0.0,0.0,0.0
slim,P040,105,retained,0.9103982300884956,0.8355329949238579,4.300014504089359,1.9728928246214164,0.07043756670224119,2613,2811,ok,0.9902232124713818,0.0,0.0,0.0
slim,P040,106,retained,0.9008249312557287,0.8195463642428286,5.170555836978214,2.2220430214091547,0.05940946282461757,2644,2811,ok,0.9902232124713818,0.0,0.0,0.0
slim,P040,107,retained,0.896172862113166,0.811877903118779,5.830951894845301,2.3500454250844993,0.051034975017844396,2659,2802,ok,0.9902232124713818,0.0,0.0,0.0
slim,P040,108,retained,0.8901542983100661,0.8020523005627276,5.830951894845301,2.4826736553550446,0.055714285714285716,2644,2800,ok,0.9902232124713818,0.0,0.0,0.0
slim,P040,109,retained,0.8814423602258241,0.7880169325952459,6.708203932499369,2.698371070591232,0.046602632515119174,2680,2811,ok,0.9902232124713818,0.0,0.0,0.0
slim,P040,110,retained,0.8791970802919709,0.7844350374470856,6.708203932499369,2.7495014246925966,0.05328596802841918,2665,2815,ok,0.9902232124713818,0.0,0.0,0.0
slim,P040,111,retained,0.8828529194382853,0.7902745616936818,5.656854249492381,2.628754285673011,0.07880724174653887,2595,2817,ok,0.9902232124713818,0.0,0.0,0.0
slim,P040,112,retained,0.8848934198331788,0.7935505319148937,5.0990195135927845,2.5701018808999447,0.08484203052893148,2578,2817,ok,0.9902232124713818,0.0,0.0,0.0
slim,P040,113,retained,0.8827252419955324,0.7900699766744419,5.385164807134504,2.6169883749956826,0.09300674476393327,2555,2817,ok,0.9902232124713818,0.0,0.0,0.0
slim,P040,114,retained,0.875947494915881,0.7792763157894737,5.385164807134504,2.7900023688395916,0.08395324123273114,2586,2823,ok,0.9902232124713818,0.0,0.0,0.0
slim,P040,115,retained,0.8693560325684678,0.7689034369885434,5.656854249492381,2.941136641988426,0.08978437610463061,2575,2829,ok,0.9902232124713818,0.0,0.0,0.0
slim,P040,116,retained,0.8726197078942504,0.7740242702525418,5.830951894845301,2.8671664377814476,0.08463172804532577,2585,2824,ok,0.9902232124713818,0.0,0.0,0.0
slim,P040,117,retained,0.8711406914401922,0.7716999672453324,5.830951894845301,2.9027413088779563,0.08463172804532577,2585,2824,ok,0.9902232124713818,0.0,0.0,0.0
slim,P040,118,retained,0.8702742772424018,0.7703412073490814,5.830951894845301,2.9210520814263763,0.08923512747875353,2572,2824,ok,0.9902232124713818,0.0,0.0,0.0
slim,P040,119,retained,0.868260144524736,0.7671905697445972,5.830951894845301,2.9764753974362,0.08617021276595745,2577,2820,ok,0.9902232124713818,0.0,0.0,0.0
slim,P040,120,retained,0.8636110595657821,0.7599608099281515,6.155300367309771,3.0851082280972437,0.08900709219858156,2569,2820,ok,0.9902232124713818,0.0,0.0,0.0
slim,P041,0,retained,0.9533668239711778,0.9108891690099874,5.0,2.056910791963711,0.025152820923940274,9728,9979,ok,0.9931850415484194,0.0,0.0,0.0
slim,P041,1,retained,0.9513639354218331,0.9072393822393823,5.089117562233504,2.1420168007493974,0.021924116528181,9770,9989,ok,0.9931850415484194,0.0,0.0,0.0
slim,P041,2,retained,0.948289090072119,0.9016632623285673,5.385164807134504,2.3462515186004547,0.026746063786838917,9643,9908,ok,0.9931850415484194,0.0,0.0,0.0
slim,P041,3,retained,0.9413823272090989,0.8892561983471075,7.0710678118654755,2.6937315514178217,0.04004438168246924,9517,9914,ok,0.9931850415484194,0.0,0.0,0.0
slim,P041,4,retained,0.9375582479030755,0.8824561403508772,8.23701357608847,2.8866902618556076,0.0469208211143695,9425,9889,ok,0.9931850415484194,0.0,0.0,0.0
slim,P041,5,retained,0.9342467175255592,0.8766069341643943,8.06225774829855,3.055554775249833,0.0540294889921228,9367,9902,ok,0.9931850415484194,0.0,0.0,0.0
slim,P041,6,retained,0.9305829782812013,0.8701778252842289,8.48528137423857,3.2192353711475374,0.05399393326592518,9356,9890,ok,0.9931850415484194,0.0,0.0,0.0
slim,P041,7,retained,0.9256597240438592,0.8616075788651235,9.899494936611665,3.4848962717230054,0.06428353813344166,9214,9847,ok,0.9931850415484194,0.0,0.0,0.0
slim,P041,8,retained,0.923490640653836,0.8578565830721003,10.582685986778625,3.601373254872163,0.07442379937049447,9116,9849,ok,0.9931850415484194,0.0,0.0,0.0
slim,P041,9,retained,0.92132802124834,0.8541317837092485,12.070610555153886,3.700437126038909,0.08669580241894502,8986,9839,ok,0.9931850415484194,0.0,0.0,0.0
slim,P041,10,retained,0.916764737348882,0.846320987654321,13.0,3.9031558098370187,0.09885080850198312,8861,9833,ok,0.9931850415484194,0.0,0.0,0.0
slim,P041,11,retained,0.915627687016337,0.8443849737337694,13.573711112174921,3.953749362061447,0.10489866585191975,8789,9819,ok,0.9931850415484194,0.0,0.0,0.0
slim,P041,12,retained,0.9171098576416868,0.8469094156166286,12.877188724235724,3.888278748641819,0.0948725821307952,8844,9771,ok,0.9931850415484194,0.0,0.0,0.0
slim,P041,13,retained,0.9222133119486768,0.8556547619047619,11.661903789690601,3.6459281988164336,0.08566165182683451,8934,9771,ok,0.9931850415484194,0.0,0.0,0.0
slim,P041,14,retained,0.9271671373008684,0.8642232816845451,10.601669917161018,3.3794726367951498,0.0763554371220662,9012,9757,ok,0.9931850415484194,0.0,0.0,0.0
slim,P041,15,retained,0.9312911690676378,0.8714171176588494,8.94427190999916,3.1532965171515968,0.06997416020671834,8998,9675,ok,0.9931850415484194,0.0,0.0,0.0
slim,P041,16,retained,0.932791095890411,0.874047332531087,8.294920742565541,3.0671699422281296,0.06662528450237948,9022,9666,ok,0.9931850415484194,0.0,0.0,0.0
slim,P041,17,retained,0.9341298202570804,0.8764011208967174,7.810249675906654,3.0108878236448677,0.057098445595854926,9099,9650,ok,0.9931850415484194,0.0,0.0,0.0
slim,P041,18,retained,0.9354167777718522,0.8786694719967939,7.615773105863909,2.933813035487479,0.04717767131847532,9149,9602,ok,0.9931850415484194,0.0,0.0,0.0
slim,P041,19,retained,0.9357066950053134,0.8791812281577633,8.246211251235321,2.9323896378900582,0.032615513276186496,9254,9566,ok,0.9931850415484194,0.0,0.0,0.0
slim,P041,20,retained,0.9377409304536093,0.8827798767150526,8.538131508209633,2.8278093120066172,0.01893503504550685,9378,9559,ok,0.9931850415484194,0.0,0.0,0.0
slim,P041,21,retained,0.937973086627418,0.8831914472381707,8.401606831187427,2.8119862372876048,0.008375209380234505,9472,9552,ok,0.9931850415484194,0.0,0.0,0.0
slim,P041,22,retained,0.9388051948051948,0.8846681026042686,8.145036824620083,2.7722309085184382,0.00020781379883624273,9626,9624,ok,0.9931850415484194,0.0,0.0,0.0
slim,P041,23,retained,0.9376169681846538,0.8825601879036994,8.517578678331995,2.8302821640737656,0.0006240249609984399,9621,9615,ok,0.9931850415484194,0.0,0.0,0.0
slim,P041,24,retained,0.9375,0.8823529411764706,8.511706441224097,2.8405402233961152,0.006049859184312089,9645,9587,ok,0.9931850415484194,0.0,0.0,0.0
slim,P041,25,retained,0.937643618132442,0.8826074132337036,8.48528137423857,2.8149472834041718,0.0029288702928870294,9588,9560,ok,0.9931850415484194,0.0,0.0,0.0
slim,P041,26,retained,0.9341768181105244,0.8764838614735603,8.94427190999916,3.003690363722483,0.003246753246753247,9579,9548,ok,0.9931850415484194,0.0,0.0,0.0
slim,P041,27,retained,0.930110075314689,0.8693511863739293,9.219544457292887,3.182032832212928,0.004099653106275623,9474,9513,ok,0.9931850415484194,0.0,0.0,0.0
slim,P041,28,retained,0.9313756446689823,0.8715650546636462,9.219544457292887,3.1395769263647573,0.010678391959798994,9450,9552,ok,0.9931850415484194,0.0,0.0,0.0
slim,P041,29,retained,0.9294610207218189,0.8682178217821782,9.219544457292887,3.243214032014144,0.01692065160273253,9354,9515,ok,0.9931850415484194,0.0,0.0,0.0
slim,P041,30,retained,0.9293735696418117,0.8680652217140584,8.94427190999916,3.2243485026694785,0.02158576392545014,9292,9497,ok,0.9931850415484194,0.0,0.0,0.0
slim,P041,31,retained,0.9281744335185977,0.8659752692461109,8.94427190999916,3.2843531243780313,0.024701784017734613,9239,9473,ok,0.9931850415484194,0.0,0.0,0.0
slim,P041,32,retained,0.928826952853863,0.8671119529458678,8.94427190999916,3.2576181626300422,0.02290720996516415,9256,9473,ok,0.9931850415484194,0.0,0.0,0.0
slim,P041,33,retained,0.9281171503393726,0.8658755484642999,8.94427190999916,3.271209196593338,0.022928994082840236,9247,9464,ok,0.9931850415484194,0.0,0.0,0.0
slim,P041,34,retained,0.9271062074875476,0.864117412140575,8.94427190999916,3.3152324613490713,0.02234932740175829,9230,9441,ok,0.9931850415484194,0.0,0.0,0.0
slim,P041,35,retained,0.9268947735940269,0.8637501251376514,9.219544457292887,3.3108242706561426,0.021362525241789776,9208,9409,ok,0.9931850415484194,0.0,0.0,0.0
slim,P041,36,retained,0.9259737465031203,0.8621518733720698,9.219544457292887,3.3669719774103064,0.02192188996488241,9191,9397,ok,0.9931850415484194,0.0,0.0,0.0
slim,P041,37,retained,0.9255370699402359,0.8613950691521347,9.219544457292887,3.394802513460775,0.022676461194506548,9180,9393,ok,0.9931850415484194,0.0,0.0,0.0
slim,P041,38,retained,0.9236238285037165,0.8580864691753403,9.433981132056603,3.479861494821189,0.020260183407976116,9188,9378,ok,0.9931850415484194,0.0,0.0,0.0
slim,P041,39,retained,0.9225298997952807,0.8562,9.433981132056603,3.5410499020641937,0.01730399487289041,9200,9362,ok,0.9931850415484194,0.0,0.0,0.0
slim,P041,40,retained,0.9222546161321672,0.8557258791704238,9.433981132056603,3.546990651274847,0.017977528089887642,9177,9345,ok,0.9931850415484194,0.0,0.0,0.0
slim,P041,41,retained,0.9204219637543954,0.8525756664662257,9.433981132056603,3.6175394365151554,0.01535323169422375,9171,9314,ok,0.9931850415484194,0.0,0.0,0.0
slim,P041,42,retained,0.9189452069599049,0.8500449865040488,9.848857801796104,3.6918502442319308,0.012031367493823181,9197,9309,ok,0.9931850415484194,0.0,0.0,0.0
slim,P041,43,retained,0.9172015750579858,0.8470658563315732,9.899494936611665,3.781929280070819,0.009341780307097605,9226,9313,ok,0.9931850415484194,0.0,0.0,0.0
slim,P041,44,retained,0.9158635625338386,0.8447862564922094,10.295630140987,3.8481870322756078,0.008840017248814143,9194,9276,ok,0.9931850415484194,0.0,0.0,0.0
slim,P041,45,retained,0.9134584101507429,0.8407026649366204,10.63014581273465,3.9554003210911635,0.009498111171073935,9177,9265,ok,0.9931850415484194,0.0,0.0,0.0
slim,P041,46,retained,0.9107201042684914,0.8360753813939575,10.68621933334839,4.096386950947663,0.009727626459143969,9162,9252,ok,0.9931850415484194,0.0,0.0,0.0
slim,P041,47,retained,0.9110857639454674,0.8366919393455706,10.63014581273465,4.085220064485649,0.009191176470588236,9163,9248,ok,0.9931850415484194,0.0,0.0,0.0
slim,P041,48,retained,0.9090116120590961,0.8332000799520288,10.816653826391969,4.160782750074112,0.010736362650471749,9122,9221,ok,0.9931850415484194,0.0,0.0,0.0
slim,P041,49,retained,0.9082051562756582,0.8318459841572245,11.180339887498949,4.198619092197032,0.01380734942378778,9071,9198,ok,0.9931850415484194,0.0,0.0,0.0
slim,P041,50,retained,0.907447973713034,0.8305764411027569,11.180339887498949,4.235289905906377,0.012192466797300239,9074,9186,ok,0.9931850415484194,0.0,0.0,0.0
slim,P041,51,retained,0.909479686386315,0.8339869281045752,11.180339887498949,4.099289483488507,0.007537688442211055,9085,9154,ok,0.9931850415484194,0.0,0.0,0.0
slim,P041,52,retained,0.9121274969981443,0.8384507324904676,11.180339887498949,3.989072447275009,0.003269398430688753,9146,9176,ok,0.9931850415484194,0.0,0.0,0.0
slim,P041,53,retained,0.9113066287775289,0.8370645517518321,11.180339887498949,4.011559305029882,0.0016407788230146576,9157,9142,ok,0.9931850415484194,0.0,0.0,0.0
slim,P041,54,retained,0.9139879319802523,0.8416001616324881,10.693228523425102,3.860451098781364,0.002856515051637003,9128,9102,ok,0.9931850415484194,0.0,0.0,0.0
slim,P041,55,retained,0.9174826713609858,0.8475454822644578,10.049509756796393,3.6767490965932703,0.0006599208095028596,9086,9092,ok,0.9931850415484194,0.0,0.0,0.0
slim,P041,56,retained,0.9217009602194788,0.8547730510889477,9.848857801796104,3.468087557256546,0.0014255949117227766,9106,9119,ok,0.9931850415484194,0.0,0.0,0.0
slim,P041,57,retained,0.9244959955813311,0.8595932621199671,9.219544457292887,3.3532193798260916,0.0003313452617627568,9051,9054,ok,0.9931850415484194,0.0,0.0,0.0
slim,P041,58,retained,0.9268883505835719,0.863738969833778,8.48528137423857,3.236999446464864,0.002646085997794928,9094,9070,ok,0.9931850415484194,0.0,0.0,0.0
slim,P041,59,retained,0.9291840774136794,0.8677346477716164,8.06225774829855,3.142960564271945,0.008170475875013801,9131,9057,ok,0.9931850415484194,0.0,0.0,0.0
slim,P041,60,retained,0.9302883305172508,0.8696626923468868,7.810249675906654,3.094766803759045,0.02841348811498065,9302,9045,ok,0.9931850415484194,0.0,0.0,0.0
slim,P041,61,retained,0.929643323183993,0.8685360154424464,8.0,3.1166790012492256,0.0349634874972339,9354,9038,ok,0.9931850415484194,0.0,0.0,0.0
slim,P041,62,retained,0.927763272410792,0.8652597402597403,7.810249675906654,3.1955915028758475,0.03768565728219907,9362,9022,ok,0.9931850415484194,0.0,0.0,0.0
slim,P041,63,retained,0.9333260703780368,0.8749872331733224,7.211102550927978,2.9540108464495445,0.04523172905525847,9382,8976,ok,0.9931850415484194,0.0,0.0,0.0
slim,P041,64,retained,0.933267695000547,0.8748846272177213,7.0710678118654755,2.950015881037628,0.04588182632050134,9346,8936,ok,0.9931850415484194,0.0,0.0,0.0
slim,P041,65,retained,0.933802120529583,0.8758244023083265,6.708203932499369,2.913606907180447,0.04436208445642408,9299,8904,ok,0.9931850415484194,0.0,0.0,0.0
slim,P041,66,retained,0.9276169265033407,0.8650051921079959,7.0710678118654755,3.146500277204152,0.038823930071517763,9151,8809,ok,0.9931850415484194,0.0,0.0,0.0
slim,P041,67,retained,0.9289550234951891,0.8673352136216442,6.708203932499369,3.11041826801118,0.031132825815248268,9075,8801,ok,0.9931850415484194,0.0,0.0,0.0
slim,P041,68,retained,0.9300164333881112,0.8691875860607986,7.0710678118654755,3.080850762258926,0.022347008938803575,8921,8726,ok,0.9931850415484194,0.0,0.0,0.0
slim,P041,69,retained,0.9335007705919287,0.8752943695140227,6.4031242374328485,2.928997012079586,0.011828203950390446,8811,8708,ok,0.9931850415484194,0.0,0.0,0.0
slim,P041,70,retained,0.9361357188350414,0.8799390443017308,6.4031242374328485,2.779651030881533,0.0017385257301808068,8643,8628,ok,0.9931850415484194,0.0,0.0,0.0
slim,P041,71,retained,0.9369664366740732,0.8814081408140814,6.324555320336759,2.733001242392991,0.00489967335510966,8530,8572,ok,0.9931850415484194,0.0,0.0,0.0
slim,P041,72,retained,0.9373528026377768,0.8820921985815603,6.4031242374328485,2.714240802772509,0.0056364490371066224,8468,8516,ok,0.9931850415484194,0.0,0.0,0.0
slim,P041,73,retained,0.934251574548237,0.8766154865790345,7.148086918349845,2.915988027339484,0.015780730897009966,8561,8428,ok,0.9931850415484194,0.0,0.0,0.0
slim,P041,74,retained,0.9350802644003777,0.8780758146752383,7.0710678118654755,2.8857497935740595,0.024372759856630826,8574,8370,ok,0.9931850415484194,0.0,0.0,0.0
slim,P041,75,retained,0.9377436503248671,0.8827846975088968,7.0710678118654755,2.740401121420177,0.01763794541770945,8539,8391,ok,0.9931850415484194,0.0,0.0,0.0
slim,P041,76,retained,0.9384388807069219,0.8840177580466149,7.810249675906654,2.722023806893806,0.013641755634638196,8545,8430,ok,0.9931850415484194,0.0,0.0,0.0
slim,P041,77,retained,0.9379358846627205,0.8831254828385388,8.54400374531753,2.783234640152422,0.012383535794315368,8584,8479,ok,0.9931850415484194,0.0,0.0,0.0
slim,P041,78,retained,0.933302320172123,0.8749454862625382,11.180339887498949,3.0501650034741803,0.02103654953578564,8688,8509,ok,0.9931850415484194,0.0,0.0,0.0
slim,P041,79,retained,0.9315893043176293,0.8719393282773564,12.165525060596439,3.081317673488078,0.020346117867165576,8726,8552,ok,0.9931850415484194,0.0,0.0,0.0
slim,P041,80,retained,0.9299164987042903,0.8690130233559359,13.416407864998739,3.1444541452143304,0.020125639832480224,8769,8596,ok,0.9931850415484194,0.0,0.0,0.0
slim,P041,81,retained,0.9286411389861645,0.8667881256028293,13.601470508735444,3.1474086928515934,0.013524448040688938,8768,8651,ok,0.9931850415484194,0.0,0.0,0.0
slim,P041,82,retained,0.9270278016623674,0.8639811945720697,13.038404810405298,3.2059453867274788,0.0024104683195592287,8733,8712,ok,0.9931850415484194,0.0,0.0,0.0
slim,P041,83,retained,0.9270298047276464,0.8639846743295019,13.397507712269041,3.225832002246178,0.005920528293293864,8731,8783,ok,0.9931850415484194,0.0,0.0,0.0
slim,P041,84,retained,0.925904848622809,0.86203242555897,12.200401032463109,3.248088820545182,0.01826998985000564,8705,8867,ok,0.9931850415484194,0.0,0.0,0.0
slim,P041,85,retained,0.9240800589669445,0.8588743676222597,11.180339887498949,3.320682952460908,0.026960510124174962,8698,8939,ok,0.9931850415484194,0.0,0.0,0.0
slim,P041,86,retained,0.9240520656479909,0.8588260046286555,9.433981132056603,3.3216204389100312,0.03513844100967419,8677,8993,ok,0.9931850415484194,0.0,0.0,0.0
slim,P041,87,retained,0.9323724416258288,0.873312452748677,8.06225774829855,3.121705578654942,0.04298770168114634,8482,8863,ok,0.9931850415484194,0.0,0.0,0.0
slim,P041,88,retained,0.9417790074763054,0.8899643969737427,5.656854249492381,2.4611901031440273,0.05707423081322201,8244,8743,ok,0.9931850415484194,0.0,0.0,0.0
slim,P041,89,retained,0.9408427397907925,0.8882937172190604,5.656854249492381,2.5010824902791557,0.06285060103033772,8186,8735,ok,0.9931850415484194,0.0,0.0,0.0
slim,P041,90,retained,0.9415815720731417,0.8896118465335427,5.656854249492381,2.4687713618042846,0.06524236158970825,8138,8706,ok,0.9931850415484194,0.0,0.0,0.0
slim,P041,91,retained,0.9416328479350681,0.8897033946092252,5.830951894845301,2.4448789936584334,0.07225034514496088,8064,8692,ok,0.9931850415484194,0.0,0.0,0.0
slim,P041,92,retained,0.9414505914685147,0.8893780336381082,5.830951894845301,2.4506555861420956,0.07054755043227666,8063,8675,ok,0.9931850415484194,0.0,0.0,0.0
slim,P041,93,retained,0.9411553856263815,0.8888512751071993,6.0,2.4590751510144715,0.06753636573539598,8077,8662,ok,0.9931850415484194,0.0,0.0,0.0
slim,P041,94,retained,0.9406053341324543,0.8878705589499887,6.0,2.5056635511435683,0.06864220395879153,8046,8639,ok,0.9931850415484194,0.0,0.0,0.0
slim,P041,95,retained,0.9357798165137615,0.8793103448275862,6.082762530298219,2.6769863008355177,0.07572590011614402,7958,8610,ok,0.9931850415484194,0.0,0.0,0.0
slim,P041,96,retained,0.9366235329521516,0.8808014489472492,6.0,2.6738628309676384,0.06981877323420074,8007,8608,ok,0.9931850415484194,0.0,0.0,0.0
slim,P041,97,retained,0.9345828077131014,0.8771989174560216,6.082762530298219,2.7097406955312855,0.06722396377568791,8034,8613,ok,0.9931850415484194,0.0,0.0,0.0
slim,P041,98,retained,0.934208150243785,0.876539026318762,6.082762530298219,2.7030550054835323,0.06645716945996276,8021,8592,ok,0.9931850415484194,0.0,0.0,0.0
slim,P041,99,retained,0.9322310059742924,0.8730643155872047,6.324555320336759,2.746031526602199,0.06481373350461286,8008,8563,ok,0.9931850415484194,0.0,0.0,0.0
slim,P041,100,retained,0.9319415952696996,0.8725567732459609,6.708203932499369,2.7798026814869683,0.060613152351977534,8028,8546,ok,0.9931850415484194,0.0,0.0,0.0
slim,P041,101,retained,0.934032802701399,0.8762303427989592,6.324555320336759,2.640039624622641,0.05739721213541057,8047,8537,ok,0.9931850415484194,0.0,0.0,0.0
slim,P041,102,retained,0.9357831325301205,0.8793162006113439,6.3003760413329,2.573634311426301,0.05027014329339911,8086,8514,ok,0.9931850415484194,0.0,0.0,0.0
slim,P041,103,retained,0.9345241687285016,0.8770956048935206,6.082762530298219,2.63276019867294,0.050699917656746266,8070,8501,ok,0.9931850415484194,0.0,0.0,0.0
slim,P041,104,retained,0.9344619105199516,0.8769859282796187,6.0,2.650477469811372,0.05571881979546256,8033,8507,ok,0.9931850415484194,0.0,0.0,0.0
slim,P041,105,retained,0.9373749621097303,0.8821314468279324,5.804837248042347,2.5223452362021717,0.05575200377180575,8011,8484,ok,0.9931850415484194,0.0,0.0,0.0
slim,P041,106,retained,0.9382447226758605,0.8836732368690897,5.830951894845301,2.537110517151307,0.057911429578292026,8020,8513,ok,0.9931850415484194,0.0,0.0,0.0
slim,P041,107,retained,0.9428381722701756,0.8918579422176545,5.830951894845301,2.3457036720377222,0.0557446309118648,8046,8521,ok,0.9931850415484194,0.0,0.0,0.0
slim,P041,108,retained,0.942282361393845,0.8908638061813653,6.0,2.357031767121052,0.04494908111904483,8159,8543,ok,0.9931850415484194,0.0,0.0,0.0
slim,P041,109,retained,0.9426039374293701,0.8914388570142873,6.082762530298219,2.3719560307972096,0.03241661790520772,8268,8545,ok,0.9931850415484194,0.0,0.0,0.0
slim,P041,110,retained,0.9425478767693589,0.8913385826771654,6.324555320336759,2.4490800612843064,0.028145889527383606,8287,8527,ok,0.9931850415484194,0.0,0.0,0.0
slim,P041,111,retained,0.9399671052631579,0.8867339022498061,6.082762530298219,2.5776973126306593,0.018391339774182284,8433,8591,ok,0.9931850415484194,0.0,0.0,0.0
slim,P041,112,retained,0.9396395870997842,0.8861511384886152,6.631934008732739,2.631439831316025,0.008709789803739404,8536,8611,ok,0.9931850415484194,0.0,0.0,0.0
slim,P041,113,retained,0.9389830508474576,0.8849840255591054,6.708203932499369,2.6244794515986576,0.007685142058686539,8522,8588,ok,0.9931850415484194,0.0,0.0,0.0
slim,P041,114,retained,0.9404803341454925,0.8876478318002629,6.367768224739605,2.558553335892525,0.005322841934737329,8596,8642,ok,0.9931850415484194,0.0,0.0,0.0
slim,P041,115,retained,0.9392782789729355,0.8855086686293752,6.4031242374328485,2.617252448328725,0.0034638032559750607,8631,8661,ok,0.9931850415484194,0.0,0.0,0.0
slim,P041,116,retained,0.9370340635393967,0.8815278377211911,7.0710678118654755,2.750143073496784,0.00045866299736268775,8717,8721,ok,0.9931850415484194,0.0,0.0,0.0
slim,P041,117,retained,0.9377218088151116,0.8827459855587887,7.0710678118654755,2.6977962574166914,0.006201194304088195,8762,8708,ok,0.9931850415484194,0.0,0.0,0.0
slim,P041,118,retained,0.9349515113707253,0.8778487752928648,7.810249675906654,2.846301467722276,0.010833618428555137,8864,8769,ok,0.9931850415484194,0.0,0.0,0.0
slim,P041,119,retained,0.9277737246759077,0.8652779231654978,9.219544457292887,3.299428175358409,0.03088671073626624,9045,8774,ok,0.9931850415484194,0.0,0.0,0.0
slim,P041,120,retained,0.922991319830848,0.8569952469518496,9.848857801796104,3.4605526655524494,0.039954597048808174,9162,8810,ok,0.9931850415484194,0.0,0.0,0.0
slim,P041,121,retained,0.9213209219858156,0.8541195808506267,9.476262610815429,3.5788429763304124,0.04463577659453948,9221,8827,ok,0.9931850415484194,0.0,0.0,0.0
slim,P041,122,retained,0.9184483138637867,0.8491950275117179,9.848857801796104,3.765217403302643,0.048769473921878526,9290,8858,ok,0.9931850415484194,0.0,0.0,0.0
slim,P041,123,retained,0.917129502337091,0.8469429209831404,9.899494936611665,3.806729649232484,0.049014084507042255,9310,8875,ok,0.9931850415484194,0.0,0.0,0.0
slim,P041,124,retained,0.9161176987263944,0.8452188006482982,9.433981132056603,3.8521927952749966,0.04605189262046501,9313,8903,ok,0.9931850415484194,0.0,0.0,0.0
slim,P041,125,retained,0.9169271261720677,0.8465978128797084,9.219544457292887,3.8000731264656586,0.04542395693135935,9321,8916,ok,0.9931850415484194,0.0,0.0,0.0
slim,P041,126,retained,0.9151581243184297,0.8435866505830317,9.685946632215153,3.9130802605577792,0.04641821022093283,9378,8962,ok,0.9931850415484194,0.0,0.0,0.0
slim,P041,127,retained,0.9145163929954722,0.8424967333400342,10.0,3.9529033398606814,0.04541397009596072,9369,8962,ok,0.9931850415484194,0.0,0.0,0.0
slim,P043,0,retained,0.603791030975497,0.4324503311258278,17.044003745317532,5.268436722015988,0.413059427732942,800,1363,ok,0.6990003012307856,0.06060606060606061,0.10101010101010101,0.11
slim,P043,1,retained,0.47038019451812557,0.30751445086705204,30.43995565404747,8.635167302487831,0.6902142443543717,535,1727,ok,0.6990003012307856,0.06060606060606061,0.10101010101010101,0.11
slim,P043,2,retained,0.47282368537339814,0.30960648148148145,27.924855953373896,8.277239757854625,0.6820034944670937,546,1717,ok,0.6990003012307856,0.06060606060606061,0.10101010101010101,0.11
slim,P043,3,retained,0.5065274151436031,0.33916083916083917,26.005767098754614,7.741979702166753,0.6442477876106195,603,1695,ok,0.6990003012307856,0.06060606060606061,0.10101010101010101,0.11
slim,P043,4,retained,0.49248452696728556,0.32668621700879763,26.187765624646516,7.945385161465477,0.6495522388059701,587,1675,ok,0.6990003012307856,0.06060606060606061,0.10101010101010101,0.11
slim,P043,5,retained,0.5330490405117271,0.3633720930232558,25.505838702783976,7.499545968521607,0.5692495424039048,706,1639,ok,0.6990003012307856,0.06060606060606061,0.10101010101010101,0.11
slim,P043,6,retained,0.33300395256917,0.1997628927089508,35.34473033544028,11.764061919468439,0.745195288282703,411,1613,ok,0.6990003012307856,0.06060606060606061,0.10101010101010101,0.11
slim,P043,7,retained,0.07281553398058252,0.037783375314861464,32.55764119219941,18.26032547151316,0.9622166246851386,60,1588,ok,0.6990003012307856,0.06060606060606061,0.10101010101010101,0.11
slim,P043,8,retained,0.0,0.0,,,1.0,0,1708,a_empty,0.6990003012307856,0.06060606060606061,0.10101010101010101,0.11
slim,P043,9,retained,0.0,0.0,,,1.0,0,1688,a_empty,0.6990003012307856,0.06060606060606061,0.10101010101010101,0.11
slim,P043,10,retained,0.0,0.0,,,1.0,0,1669,a_empty,0.6990003012307856,0.06060606060606061,0.10101010101010101,0.11
slim,P043,11,retained,0.07683352735739232,0.039951573849878935,31.934299277239603,17.633747201584363,0.9600484261501211,66,1652,ok,0.6990003012307856,0.06060606060606061,0.10101010101010101,0.11
slim,P043,12,retained,0.2358695652173913,0.1337030191004313,29.919641248391102,10.900881441003687,0.8662969808995687,217,1623,ok,0.6990003012307856,0.06060606060606061,0.10101010101010101,0.11
slim,P043,13,retained,0.0,0.0,,,1.0,0,1606,a_empty,0.6990003012307856,0.06060606060606061,0.10101010101010101,0.11
slim,P043,14,retained,0.0,0.0,,,1.0,0,1589,a_empty,0.6990003012307856,0.06060606060606061,0.10101010101010101,0.11
slim,P043,15,retained,0.04228855721393035,0.021601016518424398,50.56920559303457,22.510665318864955,0.9783989834815756,34,1574,ok,0.6990003012307856,0.06060606060606061,0.10101010101010101,0.11
slim,P043,16,retained,0.0,0.0,,,1.0,0,1556,a_empty,0.6990003012307856,0.06060606060606061,0.10101010101010101,0.11
slim,P043,17,retained,0.05303030303030303,0.027237354085603113,50.55437225711144,21.905295311003492,0.9727626459143969,42,1542,ok,0.6990003012307856,0.06060606060606061,0.10101010101010101,0.11
slim,P043,18,retained,0.13902439024390245,0.07470511140235911,46.78028027659889,18.10104607305124,0.9252948885976409,114,1526,ok,0.6990003012307856,0.06060606060606061,0.10101010101010101,0.11
slim,P043,19,retained,0.050913838120104436,0.026121902210314803,49.933869331449806,21.300350328278316,0.9738780977896851,39,1493,ok,0.6990003012307856,0.06060606060606061,0.10101010101010101,0.11
slim,P043,20,retained,0.0,0.0,,,1.0,0,1452,a_empty,0.6990003012307856,0.06060606060606061,0.10101010101010101,0.11
slim,P043,21,retained,0.1484375,0.08016877637130802,42.26461424141663,16.28941613489612,0.919831223628692,114,1422,ok,0.6990003012307856,0.06060606060606061,0.10101010101010101,0.11
slim,P043,22,retained,0.1822849807445443,0.10028248587570622,43.22207232153529,15.849586364898515,0.8997175141242938,142,1416,ok,0.6990003012307856,0.06060606060606061,0.10101010101010101,0.11
slim,P043,23,retained,0.5100316789862724,0.3423104181431609,26.924767078498867,7.147841837268998,0.6285300506879073,513,1381,ok,0.6990003012307856,0.06060606060606061,0.10101010101010101,0.11
slim,P043,24,retained,0.1654629021667761,0.0901932712956335,47.0,16.63757497817011,0.9082437275985663,128,1395,ok,0.6990003012307856,0.06060606060606061,0.10101010101010101,0.11
slim,P043,25,retained,0.5829640571147218,0.41139680333564976,29.111821590861886,6.638129346988082,0.5271936185641769,652,1379,ok,0.6990003012307856,0.06060606060606061,0.10101010101010101,0.11
slim,P043,26,retained,0.6122860020140987,0.4412191582002903,28.106904889404817,6.0675223092737705,0.49659348978046935,665,1321,ok,0.6990003012307856,0.06060606060606061,0.10101010101010101,0.11
slim,P043,27,retained,0.6425073457394711,0.4733044733044733,27.43715145529246,5.608753647347255,0.4195046439628483,750,1292,ok,0.6990003012307856,0.06060606060606061,0.10101010101010101,0.11
slim,P043,28,retained,0.529276693455798,0.3598750975800156,32.615882636469856,8.00050704363407,0.6401249024199844,461,1281,ok,0.6990003012307856,0.06060606060606061,0.10101010101010101,0.11
slim,P043,29,retained,0.5509518477043673,0.3802163833075734,33.0717460981261,7.837718945498607,0.6101167315175098,501,1285,ok,0.6990003012307856,0.06060606060606061,0.10101010101010101,0.11
slim,P043,30,retained,0.5793255942509674,0.40778210116731517,32.987833935415914,7.242416136473818,0.5608591885441527,552,1257,ok,0.6990003012307856,0.06060606060606061,0.10101010101010101,0.11
slim,P043,31,retained,0.5234510712217718,0.3545098039215686,34.033024082938006,7.940519695026296,0.6095008051529791,485,1242,ok,0.6990003012307856,0.06060606060606061,0.10101010101010101,0.11
slim,P043,32,retained,0.5906522855675398,0.41909620991253643,25.6042549495713,6.064245736513084,0.40409836065573773,727,1220,ok,0.6990003012307856,0.06060606060606061,0.10101010101010101,0.11
slim,P043,33,retained,0.4608923884514436,0.2994542974079127,24.3022440472596,6.99257392219844,0.4151414309484193,703,1202,ok,0.6990003012307856,0.06060606060606061,0.10101010101010101,0.11
slim,P043,34,retained,0.335825968728756,0.20179738562091504,33.8893742609493,10.097014009009833,0.7690376569037657,276,1195,ok,0.6990003012307856,0.06060606060606061,0.10101010101010101,0.11
slim,P043,35,retained,0.4699386503067485,0.3071371291098637,30.213352633976914,7.894006754715358,0.5726795096322241,488,1142,ok,0.6990003012307856,0.06060606060606061,0.10101010101010101,0.11
slim,P043,36,retained,0.44627054361567636,0.2872253864930838,29.586239612302084,8.081305798714315,0.5875,462,1120,ok,0.6990003012307856,0.06060606060606061,0.10101010101010101,0.11
slim,P043,37,retained,0.47125,0.3082583810302535,29.56760882722235,7.799031271480964,0.5598559855985599,489,1111,ok,0.6990003012307856,0.06060606060606061,0.10101010101010101,0.11
slim,P043,38,retained,0.46423927178153446,0.3022861981371719,32.216416903228854,8.109828397660715,0.6005459508644222,439,1099,ok,0.6990003012307856,0.06060606060606061,0.10101010101010101,0.11
slim,P043,39,retained,0.4243641231593039,0.26932880203908244,30.805843601498726,8.24804009643405,0.6243093922651933,408,1086,ok,0.6990003012307856,0.06060606060606061,0.10101010101010101,0.11
slim,P043,40,retained,0.4375,0.28,29.78913138226642,8.06252172951616,0.6010928961748634,438,1098,ok,0.6990003012307856,0.06060606060606061,0.10101010101010101,0.11
slim,P043,41,retained,0.40080160320641284,0.2506265664160401,28.45874157802945,8.120054608107871,0.6100278551532033,420,1077,ok,0.6990003012307856,0.06060606060606061,0.10101010101010101,0.11
slim,P043,42,retained,0.37092391304347827,0.22768974145120935,29.78913138226642,8.499420355590724,0.6593806921675774,374,1098,ok,0.6990003012307856,0.06060606060606061,0.10101010101010101,0.11
slim,P043,43,retained,0.43908629441624364,0.2813008130081301,29.05576451267246,8.287030764184081,0.57116953762466,473,1103,ok,0.6990003012307856,0.06060606060606061,0.10101010101010101,0.11
slim,P043,44,retained,0.326417704011065,0.19504132231404958,30.910984220020186,9.909325893192651,0.6961226330027052,337,1109,ok,0.6990003012307856,0.06060606060606061,0.10101010101010101,0.11
slim,P043,45,retained,0.32627986348122867,0.19494290375203915,31.29527248746029,9.584736278700285,0.7023914968999114,336,1129,ok,0.6990003012307856,0.06060606060606061,0.10101010101010101,0.11
slim,P043,46,retained,0.3708609271523179,0.22764227642276422,33.01051453216608,9.755672831342718,0.670774647887324,374,1136,ok,0.6990003012307856,0.06060606060606061,0.10101010101010101,0.11
slim,P043,47,retained,0.40706806282722513,0.25554642563681185,35.99720020043235,9.496248016564468,0.6906598114824336,361,1167,ok,0.6990003012307856,0.06060606060606061,0.10101010101010101,0.11
slim,P043,48,retained,0.3895582329317269,0.24189526184538654,36.9356210295184,10.041638257849959,0.7197943444730077,327,1167,ok,0.6990003012307856,0.06060606060606061,0.10101010101010101,0.11
slim,P043,49,retained,0.3987012987012987,0.24898621248986214,35.510561809129406,9.89243591947285,0.6938083121289228,361,1179,ok,0.6990003012307856,0.06060606060606061,0.10101010101010101,0.11
slim,P043,50,retained,0.3923633969716919,0.24406224406224405,36.04786942400952,9.938727474789726,0.7050298380221653,346,1173,ok,0.6990003012307856,0.06060606060606061,0.10101010101010101,0.11
slim,P043,51,retained,0.3485364193328795,0.2110469909315746,36.868662570497385,10.351050247200396,0.7571912013536379,287,1182,ok,0.6990003012307856,0.06060606060606061,0.10101010101010101,0.11
slim,P043,52,retained,0.3667774086378738,0.22457282343368593,36.40535073317193,10.303267714605214,0.7352941176470589,315,1190,ok,0.6990003012307856,0.06060606060606061,0.10101010101010101,0.11
slim,P043,53,retained,0.3367139959432049,0.20243902439024392,37.107950630558946,10.732479805451899,0.771594684385382,275,1204,ok,0.6990003012307856,0.06060606060606061,0.10101010101010101,0.11
slim,P043,54,retained,0.10954616588419405,0.057947019867549666,44.54603221001383,17.463703817973617,0.9420529801324503,70,1208,ok,0.6990003012307856,0.06060606060606061,0.10101010101010101,0.11
slim,P043,55,retained,0.2620882971268395,0.15080645161290324,40.378623983536464,12.219875502575018,0.8379478827361564,199,1228,ok,0.6990003012307856,0.06060606060606061,0.10101010101010101,0.11
slim,P043,56,retained,0.3089321692411014,0.18268467037331215,38.405543884376364,11.61217102588674,0.7854812398042414,263,1226,ok,0.6990003012307856,0.06060606060606061,0.10101010101010101,0.11
slim,P043,57,retained,0.30266666666666664,0.17831893165750196,35.30555054173833,11.119069892969037,0.7684729064039408,282,1218,ok,0.6990003012307856,0.06060606060606061,0.10101010101010101,0.11
slim,P043,58,retained,0.3888544891640867,0.24135280553420446,33.215870749964516,10.001343537933785,0.6848534201954397,387,1228,ok,0.6990003012307856,0.06060606060606061,0.10101010101010101,0.11
slim,P043,59,retained,0.3806532663316583,0.23506594259115593,37.073484710350826,10.610820978802792,0.7253803042433947,343,1249,ok,0.6990003012307856,0.06060606060606061,0.10101010101010101,0.11
slim,P043,60,retained,0.3786833855799373,0.23356535189481825,36.99306422986525,10.456392653741835,0.7300955414012739,339,1256,ok,0.6990003012307856,0.06060606060606061,0.10101010101010101,0.11
slim,P043,61,retained,0.4500886001181335,0.29039634146341464,35.9380425206054,9.455133467140714,0.6627172195892576,427,1266,ok,0.6990003012307856,0.06060606060606061,0.10101010101010101,0.11
slim,P043,62,retained,0.3958076448828607,0.24673328209069947,35.122508310739555,10.115613217782846,0.7157561361836896,359,1263,ok,0.6990003012307856,0.06060606060606061,0.10101010101010101,0.11
slim,P043,63,retained,0.29683377308707126,0.17428350116189,36.17172638811686,11.065482428890718,0.7996832937450514,253,1263,ok,0.6990003012307856,0.06060606060606061,0.10101010101010101,0.11
slim,P043,64,retained,0.382335148215366,0.23635003739715782,34.514484577231435,10.18731649917614,0.7025117739403454,379,1274,ok,0.6990003012307856,0.06060606060606061,0.10101010101010101,0.11
slim,P043,65,retained,0.38118214716525933,0.23546944858420268,34.51665826243798,10.31312143884519,0.7067082683307332,376,1282,ok,0.6990003012307856,0.06060606060606061,0.10101010101010101,0.11
slim,P043,66,retained,0.3688029020556227,0.22609340252038548,35.479517259169,10.718925835052778,0.7247494217424827,357,1297,ok,0.6990003012307856,0.06060606060606061,0.10101010101010101,0.11
slim,P043,67,retained,0.3692122669873722,0.22640117994100295,35.479517259169,10.728167509832023,0.7266462480857581,357,1306,ok,0.6990003012307856,0.06060606060606061,0.10101010101010101,0.11
slim,P043,68,retained,0.2966263526416295,0.1741405082212257,36.71511950137164,11.484606171712285,0.7989296636085627,263,1308,ok,0.6990003012307856,0.06060606060606061,0.10101010101010101,0.11
slim,P043,69,retained,0.26373626373626374,0.1518987341772152,37.12947813081851,11.990323603219165,0.8172782874617737,239,1308,ok,0.6990003012307856,0.06060606060606061,0.10101010101010101,0.11
slim,P043,70,retained,0.2738481505515899,0.1586466165413534,38.07886552931954,12.236538813379305,0.8218654434250765,233,1308,ok,0.6990003012307856,0.06060606060606061,0.10101010101010101,0.11
slim,P043,71,retained,0.24646464646464647,0.14055299539170507,38.837944168290264,12.846397930157432,0.8452566096423018,199,1286,ok,0.6990003012307856,0.06060606060606061,0.10101010101010101,0.11
slim,P043,72,retained,0.27554383651944625,0.15978593272171254,37.587065036457695,12.346184616245008,0.8212898212898213,230,1287,ok,0.6990003012307856,0.06060606060606061,0.10101010101010101,0.11
slim,P043,73,retained,0.25232403718459495,0.14437689969604864,37.17791500640254,12.388377833176678,0.8325581395348837,216,1290,ok,0.6990003012307856,0.06060606060606061,0.10101010101010101,0.11
slim,P043,74,retained,0.46120689655172414,0.29971988795518206,32.12474170473367,9.11130128230353,0.5907365223993926,539,1317,ok,0.6990003012307856,0.06060606060606061,0.10101010101010101,0.11
slim,P043,75,retained,0.5085407515861395,0.34096858638743455,26.841174943497606,8.25746022343787,0.42868098159509205,745,1304,ok,0.6990003012307856,0.06060606060606061,0.10101010101010101,0.11
slim,P043,76,retained,0.4906801007556675,0.3251001335113485,27.708179790637114,8.498761043900602,0.4812547819433818,678,1307,ok,0.6990003012307856,0.06060606060606061,0.10101010101010101,0.11
slim,P043,77,retained,0.48542713567839196,0.32050431320504313,27.48191166135605,8.591048148838178,0.4774292272379495,683,1307,ok,0.6990003012307856,0.06060606060606061,0.10101010101010101,0.11
slim,P043,78,retained,0.5470725995316159,0.3765312701482914,27.0,7.831908782955415,0.39714714714714716,803,1332,ok,0.6990003012307856,0.06060606060606061,0.10101010101010101,0.11
slim,P043,79,retained,0.45670103092783504,0.2959251837007348,30.255117030964563,9.346847924772543,0.5435435435435435,608,1332,ok,0.6990003012307856,0.06060606060606061,0.10101010101010101,0.11
slim,P043,80,retained,0.36238044633368754,0.22128487994808566,29.390338222720207,10.448690819829258,0.5806938159879337,556,1326,ok,0.6990003012307856,0.06060606060606061,0.10101010101010101,0.11
slim,P043,81,retained,0.3602941176470588,0.21973094170403587,30.742325645516118,10.521665176737601,0.5454545454545454,595,1309,ok,0.6990003012307856,0.06060606060606061,0.10101010101010101,0.11
slim,P043,82,retained,0.22929171668667467,0.12949152542372883,38.01972660867873,13.326498388691677,0.7282442748091603,356,1310,ok,0.6990003012307856,0.06060606060606061,0.10101010101010101,0.11
slim,P043,83,retained,0.014214641080312722,0.0071581961345740875,42.20304243616418,19.438169612885517,0.9251336898395722,98,1309,ok,0.6990003012307856,0.06060606060606061,0.10101010101010101,0.11
slim,P043,84,retained,0.013353115727002967,0.006721433905899925,45.1272936786977,21.113742901311777,0.9733434881949733,35,1313,ok,0.6990003012307856,0.06060606060606061,0.10101010101010101,0.11
slim,P043,85,retained,0.4434540389972145,0.28489620615604866,31.96247249387273,9.328639595061258,0.6297709923664122,485,1310,ok,0.6990003012307856,0.06060606060606061,0.10101010101010101,0.11
slim,P043,86,retained,0.19756254008980115,0.10960854092526691,40.68779830455667,14.479779987180148,0.8216175359032502,236,1323,ok,0.6990003012307856,0.06060606060606061,0.10101010101010101,0.11
slim,P043,87,retained,0.07901907356948229,0.04113475177304964,42.251882055628315,16.191327756277854,0.8929110105580694,142,1326,ok,0.6990003012307856,0.06060606060606061,0.10101010101010101,0.11
slim,P043,88,retained,0.1264445955132563,0.06748911465892599,42.118235728050486,15.836627972542438,0.8923192771084337,143,1328,ok,0.6990003012307856,0.06060606060606061,0.10101010101010101,0.11
slim,P043,89,retained,0.1079187105816398,0.05703703703703704,42.720018726587654,16.79335628427794,0.9131759329779132,114,1313,ok,0.6990003012307856,0.06060606060606061,0.10101010101010101,0.11
slim,P043,90,retained,0.04057971014492753,0.020710059171597635,40.18206586051608,17.182142661303725,0.9521640091116174,63,1317,ok,0.6990003012307856,0.06060606060606061,0.10101010101010101,0.11
slim,P043,91,retained,0.04218181818181818,0.021545319465081723,40.19201316275092,17.34676807348262,0.9527798933739527,62,1313,ok,0.6990003012307856,0.06060606060606061,0.10101010101010101,0.11
slim,P043,92,retained,0.007326007326007326,0.003676470588235294,48.2633375403708,22.706639093894022,0.9752252252252253,33,1332,ok,0.6990003012307856,0.06060606060606061,0.10101010101010101,0.11
slim,P043,93,retained,0.0,0.0,,,1.0,0,1322,a_empty,0.6990003012307856,0.06060606060606061,0.10101010101010101,0.11
slim,P043,94,retained,0.0,0.0,,,1.0,0,1322,a_empty,0.6990003012307856,0.06060606060606061,0.10101010101010101,0.11
slim,P043,95,retained,0.0,0.0,,,1.0,0,1326,a_empty,0.6990003012307856,0.06060606060606061,0.10101010101010101,0.11
slim,P043,96,retained,0.0,0.0,,,1.0,0,1318,a_empty,0.6990003012307856,0.06060606060606061,0.10101010101010101,0.11
slim,P043,97,retained,0.046209386281588445,0.023651145602365115,39.46687047138017,17.611468748738577,0.9555052790346908,59,1326,ok,0.6990003012307856,0.06060606060606061,0.10101010101010101,0.11
slim,P043,98,retained,0.11772486772486772,0.06254392129304287,37.204824381727,14.150370063581477,0.8597285067873304,186,1326,ok,0.6990003012307856,0.06060606060606061,0.10101010101010101,0.11
slim,P043,99,retained,0.1012491781722551,0.05332409972299169,38.92426246297202,15.449557608128128,0.836266258607498,214,1307,ok,0.6990003012307856,0.06060606060606061,0.10101010101010101,0.11
slim,P085,0,retained,0.9118683901292597,0.838012958963283,6.708203932499369,2.0799858162659537,0.02857142857142857,2516,2590,ok,0.989541435747579,0.0,0.0,0.0
slim,P085,1,retained,0.9156579461147989,0.8444364422038171,6.60142603922608,2.005210674241702,0.03905053598774885,2510,2612,ok,0.989541435747579,0.0,0.0,0.0
slim,P085,2,retained,0.917936694021102,0.8483206933911159,6.324555320336759,1.9253604265766948,0.03908045977011494,2508,2610,ok,0.989541435747579,0.0,0.0,0.0
slim,P085,3,retained,0.9174240959195513,0.8474455162558057,6.324555320336759,1.9484665965141266,0.03309243058197033,2542,2629,ok,0.989541435747579,0.0,0.0,0.0
slim,P085,4,retained,0.9205437488033698,0.8527846754168145,6.708203932499369,1.9309629817312453,0.028312570781426953,2574,2649,ok,0.989541435747579,0.0,0.0,0.0
slim,P085,5,retained,0.9221967963386728,0.8556263269639066,6.708203932499369,1.8805395765635735,0.03374578177727784,2577,2667,ok,0.989541435747579,0.0,0.0,0.0
slim,P085,6,retained,0.9250626083606242,0.8605734767025089,6.60142603922608,1.8246717153542797,0.05726047904191617,2519,2672,ok,0.989541435747579,0.0,0.0,0.0
slim,P085,7,retained,0.9210168833689113,0.8535971223021582,6.4031242374328485,1.9169822527188707,0.07723880597014926,2473,2680,ok,0.989541435747579,0.0,0.0,0.0
slim,P085,8,retained,0.915234375,0.8437162405473533,6.4031242374328485,2.0541702400856607,0.09523809523809523,2432,2688,ok,0.989541435747579,0.0,0.0,0.0
slim,P085,9,retained,0.913594694753267,0.8409335727109515,6.324555320336759,2.0755436483182015,0.10532150776053215,2421,2706,ok,0.989541435747579,0.0,0.0,0.0
slim,P085,10,retained,0.9153470185728251,0.8439077144917088,6.708203932499369,2.0446407085442657,0.11115214180206795,2407,2708,ok,0.989541435747579,0.0,0.0,0.0
slim,P085,11,retained,0.916083916083916,0.8451612903225807,6.708203932499369,2.0331965103467713,0.10735294117647058,2428,2720,ok,0.989541435747579,0.0,0.0,0.0
slim,P085,12,retained,0.9143855562026791,0.842274678111588,6.708203932499369,2.0697182612087635,0.11249541956760718,2422,2729,ok,0.989541435747579,0.0,0.0,0.0
slim,P085,13,retained,0.9087040618955513,0.8326834455866714,6.708203932499369,2.194425826104865,0.11313868613138686,2430,2740,ok,0.989541435747579,0.0,0.0,0.0
slim,P085,14,retained,0.906801007556675,0.8294930875576036,6.708203932499369,2.215930925279586,0.12190684133915575,2413,2748,ok,0.989541435747579,0.0,0.0,0.0
slim,P085,15,retained,0.9028371550719005,0.8228834573149132,7.0,2.3120008983713367,0.13415518491660625,2388,2758,ok,0.989541435747579,0.0,0.0,0.0
slim,P085,16,retained,0.8966998633079477,0.8127433628318584,7.0710678118654755,2.45020303553524,0.1512635379061372,2351,2770,ok,0.989541435747579,0.0,0.0,0.0
slim,P085,17,retained,0.895662368112544,0.8110403397027601,7.0710678118654755,2.479967720371273,0.15899280575539568,2338,2780,ok,0.989541435747579,0.0,0.0,0.0
slim,P085,18,retained,0.8963497950419675,0.812168376370711,7.0710678118654755,2.46396375622455,0.16379928315412187,2333,2790,ok,0.989541435747579,0.0,0.0,0.0
slim,P085,19,retained,0.8968068535825545,0.8129191669608189,7.0710678118654755,2.4558537967917937,0.1611170784103115,2343,2793,ok,0.989541435747579,0.0,0.0,0.0
slim,P085,20,retained,0.8882854926299457,0.7990230286113049,7.615773105863909,2.660588839615221,0.1690340909090909,2340,2816,ok,0.989541435747579,0.0,0.0,0.0
slim,P085,21,retained,0.8869463869463869,0.7968586387434555,7.971537451385991,2.69070067554908,0.17057569296375266,2334,2814,ok,0.989541435747579,0.0,0.0,0.0
slim,P085,22,retained,0.8769023309574263,0.7807890222984563,8.0,2.917948351378981,0.1747538677918425,2347,2844,ok,0.989541435747579,0.0,0.0,0.0
slim,P085,23,retained,0.8730673792708532,0.7747289972899729,8.031128874149275,3.028153975591523,0.1649737302977233,2384,2855,ok,0.989541435747579,0.0,0.0,0.0
slim,P085,24,retained,0.8777547560745903,0.7821416582745888,7.693563733881002,2.9005571105417323,0.15595692948940604,2430,2879,ok,0.989541435747579,0.0,0.0,0.0
slim,P085,25,retained,0.8764464352370287,0.7800664451827243,8.0,2.942658237599504,0.14922279792746113,2463,2895,ok,0.989541435747579,0.0,0.0,0.0
slim,P085,26,retained,0.8769973987365292,0.7809397749834547,8.0,2.947403845322884,0.14796971782518925,2476,2906,ok,0.989541435747579,0.0,0.0,0.0
slim,P085,27,retained,0.8836952521163047,0.7916254533465216,8.0,2.807657060815092,0.14602524735585123,2503,2931,ok,0.989541435747579,0.0,0.0,0.0
slim,P085,28,retained,0.886108088501995,0.7955063497232172,7.615773105863909,2.76596623967952,0.14530776992936428,2541,2973,ok,0.989541435747579,0.0,0.0,0.0
slim,P085,29,retained,0.8852340502439906,0.7940985732814526,8.052919086053764,2.8401943170419477,0.15197060788243152,2539,2994,ok,0.989541435747579,0.0,0.0,0.0
slim,P085,30,retained,0.8839398877421691,0.7920181700194678,8.06225774829855,2.853082725277748,0.16572567253404186,2512,3011,ok,0.989541435747579,0.0,0.0,0.0
slim,P085,31,retained,0.8817751909785376,0.7885491216655823,8.59940919095637,2.917632326752209,0.1770557029177719,2482,3016,ok,0.989541435747579,0.0,0.0,0.0
slim,P085,32,retained,0.880840275262586,0.7870550161812297,9.0,2.981250050206087,0.1865353037766831,2477,3045,ok,0.989541435747579,0.0,0.0,0.0
slim,P085,33,retained,0.8817359855334539,0.7884864165588615,9.052615881230546,2.972219230671029,0.18925998690242304,2476,3054,ok,0.989541435747579,0.0,0.0,0.0
slim,P085,34,retained,0.8825328296456197,0.7897617514488088,9.219544457292887,2.982777088596074,0.19454368301396557,2480,3079,ok,0.989541435747579,0.0,0.0,0.0
slim,P085,35,retained,0.8815931108719053,0.7882579403272377,9.219544457292887,3.0142363341561214,0.20135527589545016,2475,3099,ok,0.989541435747579,0.0,0.0,0.0
slim,P085,36,retained,0.8777857656362329,0.7821909032671365,9.20856723442824,3.106534030362545,0.20805152979066022,2459,3105,ok,0.989541435747579,0.0,0.0,0.0
slim,P085,37,retained,0.8764285714285714,0.7800381436745073,8.94427190999916,3.1206436619609748,0.2114340466304695,2469,3131,ok,0.989541435747579,0.0,0.0,0.0
slim,P085,38,retained,0.875334403424291,0.7783063748810657,8.94427190999916,3.134953436680621,0.20518565941101152,2483,3124,ok,0.989541435747579,0.0,0.0,0.0
slim,P085,39,retained,0.8692058929213079,0.7686685732443597,9.433981132056603,3.2365901685935343,0.20856131316382362,2459,3107,ok,0.989541435747579,0.0,0.0,0.0
slim,P085,40,retained,0.8654229306285093,0.7627713920817369,9.476262610815429,3.353072386755466,0.2115322319403952,2434,3087,ok,0.989541435747579,0.0,0.0,0.0
slim,P085,41,retained,0.8566709487979446,0.7492776886035313,10.183222686579098,3.588370822801695,0.23428386260531434,2363,3086,ok,0.989541435747579,0.0,0.0,0.0
slim,P085,42,retained,0.84941220376936,0.7382419721050925,10.722609359550987,3.772087371354684,0.2406434668417597,2313,3046,ok,0.989541435747579,0.0,0.0,0.0
slim,P085,43,retained,0.8452336448598131,0.7319520880543865,11.079105734765182,3.8828324063834216,0.24359816152330926,2304,3046,ok,0.989541435747579,0.0,0.0,0.0
slim,P085,44,retained,0.8424401197604791,0.7277723892660847,11.427769204861292,3.9317203954042412,0.24786885245901638,2294,3050,ok,0.989541435747579,0.0,0.0,0.0
slim,P085,45,retained,0.8375586854460094,0.7205169628432956,12.0,4.0876755160379865,0.2495069033530572,2283,3042,ok,0.989541435747579,0.0,0.0,0.0
slim,P085,46,retained,0.8309779536461278,0.7108317214700194,12.039514849852681,4.224053154766733,0.25542406311637084,2265,3042,ok,0.989541435747579,0.0,0.0,0.0
slim,P085,47,retained,0.8259475768432962,0.7035014455509155,12.041594578792296,4.305434942187516,0.2635887360838245,2249,3054,ok,0.989541435747579,0.0,0.0,0.0
slim,P085,48,retained,0.8291580335279713,0.7081724581724582,12.03535539197345,4.195086714929081,0.25705843729481287,2263,3046,ok,0.989541435747579,0.0,0.0,0.0
slim,P085,49,retained,0.830607257003196,0.7102893890675241,12.0,4.141086445609824,0.25549360446047886,2270,3049,ok,0.989541435747579,0.0,0.0,0.0
slim,P085,50,retained,0.8304797742238946,0.7101029601029601,12.0,4.134796977553487,0.25851900393184796,2263,3052,ok,0.989541435747579,0.0,0.0,0.0
slim,P085,51,retained,0.8291674497274948,0.7081861958266452,12.029116205154606,4.201643897862057,0.25826513911620297,2266,3055,ok,0.989541435747579,0.0,0.0,0.0
slim,P085,52,retained,0.8264214674422968,0.704189318835945,12.727922061357855,4.296423043924162,0.2619047619047619,2263,3066,ok,0.989541435747579,0.0,0.0,0.0
slim,P085,53,retained,0.8320539224864257,0.7124078230201988,12.041594578792296,4.156218252783221,0.2596937113066145,2272,3069,ok,0.989541435747579,0.0,0.0,0.0
slim,P085,54,retained,0.8314690529455631,0.7115507338864071,12.903124237432849,4.177469939317311,0.25957170668397145,2282,3082,ok,0.989541435747579,0.0,0.0,0.0
slim,P085,55,retained,0.8271880819366852,0.7053032708796443,13.0,4.315352180228394,0.2671829622458858,2271,3099,ok,0.989541435747579,0.0,0.0,0.0
slim,P085,56,retained,0.8266518188567187,0.7045238848465676,13.24949322589052,4.355260720986017,0.26808100289296044,2277,3111,ok,0.989541435747579,0.0,0.0,0.0
slim,P085,57,retained,0.8314359162688212,0.7115021998742929,13.0,4.243961519432618,0.2550464594681192,2325,3121,ok,0.989541435747579,0.0,0.0,0.0
slim,P085,58,retained,0.835304822565969,0.7171875,13.0,4.180622998627586,0.2516703786191537,2352,3143,ok,0.989541435747579,0.0,0.0,0.0
slim,P085,59,retained,0.8357012750455374,0.7177722152690864,13.038404810405298,4.177731573964352,0.2532612153993,2347,3143,ok,0.989541435747579,0.0,0.0,0.0
slim,P085,60,retained,0.840826686004351,0.7253675320613074,13.0,4.036948967373163,0.24498886414253898,2373,3143,ok,0.989541435747579,0.0,0.0,0.0
slim,P085,61,retained,0.8465417867435159,0.7339163023110555,12.064128670450799,3.8598507722598154,0.23353483932548522,2409,3143,ok,0.989541435747579,0.0,0.0,0.0
slim,P085,62,retained,0.8537324069125245,0.7447932856698788,11.038556864609173,3.6831258044505177,0.21412663060769965,2470,3143,ok,0.989541435747579,0.0,0.0,0.0
slim,P085,63,retained,0.8679710911334391,0.766739333540953,10.271232362536644,3.298289795122233,0.18985322271857052,2539,3134,ok,0.989541435747579,0.0,0.0,0.0
slim,P085,64,retained,0.8675670934923697,0.7661090458488228,10.241955028396207,3.307522007686385,0.18612790327712378,2558,3143,ok,0.989541435747579,0.0,0.0,0.0
slim,P085,65,retained,0.8736512356421858,0.7756489493201484,10.44030650891055,3.1714982537248697,0.17181037225580656,2603,3143,ok,0.989541435747579,0.0,0.0,0.0
slim,P085,66,retained,0.8782699686083013,0.7829601990049752,10.582685986778625,3.0430318471478204,0.1592295345104334,2619,3115,ok,0.989541435747579,0.0,0.0,0.0
slim,P085,67,retained,0.8792270531400966,0.7844827586206896,10.04987562112089,3.021169642046291,0.15001595914458984,2663,3133,ok,0.989541435747579,0.0,0.0,0.0
slim,P085,68,retained,0.8766649368621345,0.7804126886356637,10.116549153849986,3.078437995477174,0.14414125200642056,2666,3115,ok,0.989541435747579,0.0,0.0,0.0
slim,P085,69,retained,0.875798929003282,0.779041180086048,10.554210091205015,3.1057906852043295,0.1379864908330653,2680,3109,ok,0.989541435747579,0.0,0.0,0.0
slim,P085,70,retained,0.8729281767955801,0.7745098039215687,10.544718126013796,3.2050765751927583,0.14120667522464697,2676,3116,ok,0.989541435747579,0.0,0.0,0.0
slim,P085,71,retained,0.8736424754352697,0.775635139271503,10.70724690357854,3.2035624152280535,0.1383183568677792,2685,3116,ok,0.989541435747579,0.0,0.0,0.0
slim,P085,72,retained,0.8742700103057368,0.7766249618553555,11.045361017187261,3.1678591266623792,0.13157894736842105,2706,3116,ok,0.989541435747579,0.0,0.0,0.0
slim,P085,73,retained,0.8750862663906143,0.7779141104294478,11.240355762667555,3.153141782670186,0.13872832369942195,2682,3114,ok,0.989541435747579,0.0,0.0,0.0
slim,P085,74,retained,0.8800137127185464,0.785736149372513,11.551315688243534,3.029990334532721,0.12652536929993577,2720,3114,ok,0.989541435747579,0.0,0.0,0.0
slim,P085,75,retained,0.8843073777474868,0.7926084300549786,11.76375992857568,2.9291479631864434,0.11528580603725112,2755,3114,ok,0.989541435747579,0.0,0.0,0.0
slim,P085,76,retained,0.8821458507963118,0.7891421715656869,12.0,3.00447001961265,0.09424920127795527,2835,3130,ok,0.989541435747579,0.0,0.0,0.0
slim,P085,77,retained,0.8803747699514807,0.7863120143454871,12.027036476214992,3.045465747606868,0.09041533546325879,2847,3130,ok,0.989541435747579,0.0,0.0,0.0
slim,P085,78,retained,0.8804003336113427,0.7863528009535161,12.198349504706247,3.0693008417155268,0.08466453674121406,2865,3130,ok,0.989541435747579,0.0,0.0,0.0
slim,P085,79,retained,0.8818395434709634,0.7886520564395076,12.649110640673518,3.036607985371851,0.09344,2833,3125,ok,0.989541435747579,0.0,0.0,0.0
slim,P085,80,retained,0.883495145631068,0.7913043478260869,12.272938869474665,3.000978390166757,0.09137380191693291,2844,3130,ok,0.989541435747579,0.0,0.0,0.0
slim,P089,0,retained,0.7710568363387355,0.6274145616641902,14.560219778561036,4.987902802769195,0.2690636112208613,1850,2531,ok,0.990915120996044,0.0,0.0,0.0
slim,P089,1,retained,0.7742230347349177,0.6316181953765846,14.560219778561036,4.8755203506291585,0.2689873417721519,1848,2528,ok,0.990915120996044,0.0,0.0,0.0
slim,P089,2,retained,0.7822911912368782,0.6424287856071964,14.953124061561475,4.70750067123096,0.27344365642237983,1844,2538,ok,0.990915120996044,0.0,0.0,0.0
slim,P089,3,retained,0.7828479706489337,0.6431801055011304,15.256139694787265,4.663455398783767,0.2728712871287129,1836,2525,ok,0.990915120996044,0.0,0.0,0.0
slim,P089,4,retained,0.7896916705016107,0.6524714828897339,15.196966120270623,4.511446466807536,0.26990445859872614,1834,2512,ok,0.990915120996044,0.0,0.0,0.0
slim,P089,5,retained,0.7932063346339224,0.6572841384556866,15.287242235286973,4.435604608386662,0.2730875941339675,1834,2523,ok,0.990915120996044,0.0,0.0,0.0
slim,P089,6,retained,0.8009174311926606,0.6679418515684774,15.132745950421556,4.271153278490155,0.26777910210568134,1843,2517,ok,0.990915120996044,0.0,0.0,0.0
slim,P089,7,retained,0.8113337940566689,0.6825581395348838,15.112856036011822,4.071789279842038,0.25662650602409637,1851,2490,ok,0.990915120996044,0.0,0.0,0.0
slim,P089,8,retained,0.8151898734177215,0.688034188034188,15.0,3.9546965032919736,0.26060848678943155,1847,2498,ok,0.990915120996044,0.0,0.0,0.0
slim,P089,9,retained,0.8159111933395005,0.6890625,15.0,3.9188628428718415,0.2620578778135048,1836,2488,ok,0.990915120996044,0.0,0.0,0.0
slim,P089,10,retained,0.8148491879350348,0.687548942834769,14.866068747318506,3.929620832918723,0.26768488745980706,1822,2488,ok,0.990915120996044,0.0,0.0,0.0
slim,P089,11,retained,0.8092243186582809,0.6795774647887324,14.5480998427968,4.007365036417011,0.2731295253419147,1807,2486,ok,0.990915120996044,0.0,0.0,0.0
slim,P089,12,retained,0.8117564730580826,0.6831566548881036,14.317821063276353,3.9601894027053066,0.26997578692493945,1809,2478,ok,0.990915120996044,0.0,0.0,0.0
slim,P089,13,retained,0.8103932584269663,0.6812278630460449,14.317821063276353,4.000092521596281,0.27324171382376716,1798,2474,ok,0.990915120996044,0.0,0.0,0.0
slim,P089,14,retained,0.812397276355952,0.6840648477659154,14.317821063276353,3.944478311802354,0.2694026818366518,1798,2461,ok,0.990915120996044,0.0,0.0,0.0
slim,P089,15,retained,0.8087818696883853,0.6789536266349584,14.333478669063291,4.026570112978004,0.2745417515274949,1781,2455,ok,0.990915120996044,0.0,0.0,0.0
slim,P089,16,retained,0.8096249115357396,0.6801426872770512,14.34913627485023,4.008627711977986,0.2740228013029316,1783,2456,ok,0.990915120996044,0.0,0.0,0.0
slim,P089,17,retained,0.8102103521626093,0.680969408025427,14.338697870992274,3.977687984013945,0.27023712183156173,1785,2446,ok,0.990915120996044,0.0,0.0,0.0
slim,P089,18,retained,0.8126463700234192,0.6844181459566075,14.317821063276353,3.9941372141241045,0.2621082621082621,1813,2457,ok,0.990915120996044,0.0,0.0,0.0
slim,P089,19,retained,0.8123818525519849,0.6840429765220851,14.378420742097525,3.9356650653676652,0.2634386540828888,1795,2437,ok,0.990915120996044,0.0,0.0,0.0
slim,P089,20,retained,0.8097491717936584,0.6803180914512923,14.142135623730951,3.966715658167961,0.26018937834499795,1797,2429,ok,0.990915120996044,0.0,0.0,0.0
slim,P089,21,retained,0.80999528524281,0.6806656101426307,14.012484096666368,3.9813581295215528,0.25790554414784395,1807,2435,ok,0.990915120996044,0.0,0.0,0.0
slim,P089,22,retained,0.8135192625856772,0.6856573705179283,13.423851101413733,3.8968306362964906,0.24875827814569537,1815,2416,ok,0.990915120996044,0.0,0.0,0.0
slim,P089,23,retained,0.8127508854781582,0.6845664280031821,13.0,3.887353700726721,0.25,1815,2420,ok,0.990915120996044,0.0,0.0,0.0
slim,P089,24,retained,0.8136953955135773,0.6859076433121019,12.087169927944663,3.8788317525069687,0.2434674408958938,1824,2411,ok,0.990915120996044,0.0,0.0,0.0
slim,P089,25,retained,0.8173666823973572,0.6911412609736632,12.0,3.792189656866657,0.24003322259136212,1830,2408,ok,0.990915120996044,0.0,0.0,0.0
slim,P089,26,retained,0.8179901616303584,0.6920332936979786,11.293703207261885,3.802023585903645,0.2271594684385382,1861,2408,ok,0.990915120996044,0.0,0.0,0.0
slim,P089,27,retained,0.8233091504797566,0.6996817820206842,10.770329614269007,3.6866407318538736,0.2143752611784371,1880,2393,ok,0.990915120996044,0.0,0.0,0.0
slim,P089,28,retained,0.8269008550959094,0.7048857368006304,10.0,3.6367038791474195,0.20157938487115545,1921,2406,ok,0.990915120996044,0.0,0.0,0.0
slim,P089,29,retained,0.8386654478976234,0.7221566312475404,9.219544457292887,3.436385541977884,0.18196925633568758,1969,2407,ok,0.990915120996044,0.0,0.0,0.0
slim,P089,30,retained,0.8602199816681944,0.754724567752312,8.508770322670152,2.927840773326768,0.17099748533109807,1978,2386,ok,0.990915120996044,0.0,0.0,0.0
slim,P089,31,retained,0.8719945042363179,0.7730410069021518,8.06225774829855,2.7002848604138894,0.1697401508801341,1981,2386,ok,0.990915120996044,0.0,0.0,0.0
slim,P089,32,retained,0.8797814207650273,0.7853658536585366,7.810249675906654,2.546300769452249,0.14213197969543148,2028,2364,ok,0.990915120996044,0.0,0.0,0.0
slim,P089,33,retained,0.8641130870953032,0.7607386591730229,8.960990336999409,2.87584017534711,0.15014761703922397,2015,2371,ok,0.990915120996044,0.0,0.0,0.0
slim,P089,34,retained,0.8618908600943185,0.7573007103393844,8.54400374531753,2.9608687030961645,0.12268128161888701,2081,2372,ok,0.990915120996044,0.0,0.0,0.0
slim,P089,35,retained,0.8663410301953819,0.764198981590286,8.06225774829855,2.8716894688959553,0.09152542372881356,2144,2360,ok,0.990915120996044,0.0,0.0,0.0
slim,P089,36,retained,0.865546218487395,0.762962962962963,8.48528137423857,2.897790500514295,0.0855207451312447,2160,2362,ok,0.990915120996044,0.0,0.0,0.0
slim,P089,37,retained,0.8662701035470368,0.7640886125145744,8.06225774829855,2.8591844001369204,0.07669491525423729,2179,2360,ok,0.990915120996044,0.0,0.0,0.0
slim,P089,38,retained,0.8614497894036799,0.756619937694704,8.584828810525098,2.9550783823352784,0.08612643190496394,2154,2357,ok,0.990915120996044,0.0,0.0,0.0
slim,P089,39,retained,0.849762066621346,0.7387706855791962,9.25170995850744,3.2188834543442613,0.11732081911262798,2069,2344,ok,0.990915120996044,0.0,0.0,0.0
slim,P089,40,retained,0.8440283169673441,0.7301461872777558,9.894200461257267,3.3170584647142367,0.12060085836909872,2049,2330,ok,0.990915120996044,0.0,0.0,0.0
slim,P089,41,retained,0.841789667896679,0.7268020708880923,9.93198601080824,3.3694980305736184,0.12618841832324978,2022,2314,ok,0.990915120996044,0.0,0.0,0.0
slim,P089,42,retained,0.8455473098330241,0.7324226597026918,9.685946632215153,3.2787802452650734,0.12276882890727035,2015,2297,ok,0.990915120996044,0.0,0.0,0.0
slim,P089,43,retained,0.8550185873605948,0.7467532467532467,8.824590584964366,3.096642781103173,0.11476127901883487,2021,2283,ok,0.990915120996044,0.0,0.0,0.0
slim,P089,44,retained,0.8521291530182499,0.7423562984101101,7.615773105863909,3.123251016252595,0.11966564012318522,2001,2273,ok,0.990915120996044,0.0,0.0,0.0
slim,P089,45,retained,0.8504936530324401,0.7398773006134969,7.211102550927978,3.1285970734316,0.1126885536823425,2000,2254,ok,0.990915120996044,0.0,0.0,0.0
slim,P089,46,retained,0.8466286799620133,0.7340469328941951,7.0710678118654755,3.187788517521293,0.11712114438980778,1975,2237,ok,0.990915120996044,0.0,0.0,0.0
slim,P089,47,retained,0.8370867273598467,0.7198187062216729,7.615773105863909,3.382900161107655,0.12657091561938957,1946,2228,ok,0.990915120996044,0.0,0.0,0.0
slim,P089,48,retained,0.8384279475982532,0.7218045112781954,7.810249675906654,3.349953632676133,0.11694837825491092,1933,2189,ok,0.990915120996044,0.0,0.0,0.0
slim,P089,49,retained,0.8427270489785873,0.7282007656316462,7.615773105863909,3.2467566978044546,0.10671015843429636,1917,2146,ok,0.990915120996044,0.0,0.0,0.0
slim,P089,50,retained,0.8483950617283951,0.7367066895368782,7.73245904788955,3.1405050412875277,0.0994838104176443,1919,2131,ok,0.990915120996044,0.0,0.0,0.0
slim,P089,51,retained,0.8540164138274061,0.7452256944444444,7.751906704893829,3.0055771182885334,0.0879695672848312,1918,2103,ok,0.990915120996044,0.0,0.0,0.0
slim,P089,52,retained,0.8597194388777555,0.7539543057996485,7.615773105863909,2.8657838868353345,0.07614457831325301,1917,2075,ok,0.990915120996044,0.0,0.0,0.0
slim,P089,53,retained,0.8609774626487718,0.755891507336594,7.615773105863909,2.8288330725150628,0.057550418101328084,1916,2033,ok,0.990915120996044,0.0,0.0,0.0
slim,P089,54,retained,0.8620249936240755,0.7575078440161362,7.615773105863909,2.775496026754412,0.049253731343283584,1911,2010,ok,0.990915120996044,0.0,0.0,0.0
slim,P089,55,retained,0.8700102354145343,0.769927536231884,7.211102550927978,2.6029366136186676,0.026262626262626262,1928,1980,ok,0.990915120996044,0.0,0.0,0.0
slim,P089,56,retained,0.8773367477592829,0.781478102189781,7.0710678118654755,2.4759785422885527,0.01272264631043257,1940,1965,ok,0.990915120996044,0.0,0.0,0.0
slim,P089,57,retained,0.8763232636199328,0.7798713235294118,7.0710678118654755,2.4791583673851196,0.0015479876160990713,1935,1938,ok,0.990915120996044,0.0,0.0,0.0
slim,P089,58,retained,0.8765495867768595,0.7802298850574713,7.0710678118654755,2.473772115327302,0.0020639834881320948,1934,1938,ok,0.990915120996044,0.0,0.0,0.0
slim,P089,59,retained,0.8748380409432496,0.7775218793182865,7.211102550927978,2.500321718387557,0.004653567735263702,1925,1934,ok,0.990915120996044,0.0,0.0,0.0
slim,P089,60,retained,0.8763232636199328,0.7798713235294118,7.582206784205562,2.4923708578042962,0.008740359897172237,1928,1945,ok,0.990915120996044,0.0,0.0,0.0
slim,P089,61,retained,0.869950482147511,0.7698339483394834,7.625496934366037,2.587310362846,0.016028955532574975,1903,1934,ok,0.990915120996044,0.0,0.0,0.0
slim,P089,62,retained,0.8761658031088083,0.7796219455970493,7.211102550927978,2.4984650031822966,0.01644398766700925,1914,1946,ok,0.990915120996044,0.0,0.0,0.0
slim,P089,63,retained,0.8745445080687142,0.7770582793709528,7.615773105863909,2.501616960852145,0.024678663239074552,1897,1945,ok,0.990915120996044,0.0,0.0,0.0
slim,P089,64,retained,0.8698612202147159,0.7696941612604263,7.615773105863909,2.5704296708374703,0.023291925465838508,1887,1932,ok,0.990915120996044,0.0,0.0,0.0
slim,P089,65,retained,0.867136517880449,0.7654377880184332,7.664392248374595,2.625985702902507,0.02219927723283428,1894,1937,ok,0.990915120996044,0.0,0.0,0.0
slim,P089,66,retained,0.8688352570828961,0.7680890538033395,7.615773105863909,2.5865630831018542,0.026915113871635612,1880,1932,ok,0.990915120996044,0.0,0.0,0.0
slim,P089,67,retained,0.8712715855572999,0.7719054242002782,7.615773105863909,2.5355398147669903,0.021739130434782608,1890,1932,ok,0.990915120996044,0.0,0.0,0.0
slim,P089,68,retained,0.8714471968709256,0.772181146025878,7.615773105863909,2.538329025498088,0.015010351966873706,1903,1932,ok,0.990915120996044,0.0,0.0,0.0
slim,P089,69,retained,0.8680519480519481,0.7668655346489215,7.615773105863909,2.6043883599897373,0.0123902942694889,1913,1937,ok,0.990915120996044,0.0,0.0,0.0
slim,P089,70,retained,0.8718481933974526,0.772811059907834,7.615773105863909,2.5282136741973105,0.008799171842650104,1915,1932,ok,0.990915120996044,0.0,0.0,0.0
slim,P089,71,retained,0.8717815344603381,0.772706316274781,7.615773105863909,2.5282136741973105,0.009834368530020704,1913,1932,ok,0.990915120996044,0.0,0.0,0.0
slim,P089,72,retained,0.8721804511278195,0.7733333333333333,7.280109889280518,2.517882649303807,0.0036231884057971015,1925,1932,ok,0.990915120996044,0.0,0.0,0.0
slim,P089,73,retained,0.8708010335917312,0.7711670480549199,7.211102550927978,2.5446903782632546,0.002065049044914817,1933,1937,ok,0.990915120996044,0.0,0.0,0.0
slim,P089,74,retained,0.8708677685950413,0.7712717291857274,7.211102550927978,2.548595854045784,0.0010325245224574084,1935,1937,ok,0.990915120996044,0.0,0.0,0.0
slim,P089,75,retained,0.8685094290880909,0.7675799086757991,7.211102550927978,2.5926720824237717,0.0015487867836861124,1934,1937,ok,0.990915120996044,0.0,0.0,0.0
slim,P089,76,retained,0.8701030927835052,0.7700729927007299,7.0710678118654755,2.564640325711639,0.003097573567372225,1943,1937,ok,0.990915120996044,0.0,0.0,0.0
slim,P089,77,retained,0.8731016731016731,0.7747830059387848,7.0710678118654755,2.5156913788027433,0.005678884873515746,1948,1937,ok,0.990915120996044,0.0,0.0,0.0
slim,P089,78,retained,0.8731016731016731,0.7747830059387848,7.0710678118654755,2.512321753153272,0.005678884873515746,1948,1937,ok,0.990915120996044,0.0,0.0,0.0
slim,P089,79,retained,0.872811534500515,0.7743261763362266,7.0710678118654755,2.516808582272275,0.005162622612287042,1947,1937,ok,0.990915120996044,0.0,0.0,0.0
slim,P089,80,retained,0.8708847736625515,0.7712984054669704,7.0710678118654755,2.5491899908316715,0.007227671657201859,1951,1937,ok,0.990915120996044,0.0,0.0,0.0
slim,P089,81,retained,0.8720452209660843,0.773120728929385,7.010660171779819,2.5255393656287444,0.009292720702116675,1955,1937,ok,0.990915120996044,0.0,0.0,0.0
slim,P089,82,retained,0.8716893803034199,0.7725615314494074,6.751973342624457,2.532434804195623,0.007743933918430563,1952,1937,ok,0.990915120996044,0.0,0.0,0.0
slim,P089,83,retained,0.8717816683831102,0.772706526700137,7.0710678118654755,2.53895119669279,0.005162622612287042,1947,1937,ok,0.990915120996044,0.0,0.0,0.0
slim,P089,84,retained,0.8709511568123394,0.7714025500910747,7.0710678118654755,2.577671193614071,0.004104669061056952,1941,1949,ok,0.990915120996044,0.0,0.0,0.0
slim,P089,85,retained,0.8696767573114418,0.7694053563322741,7.0710678118654755,2.6111477140370667,0.0,1949,1949,ok,0.990915120996044,0.0,0.0,0.0
slim,P089,86,retained,0.8685831622176592,0.7676950998185118,7.0710678118654755,2.633468596892917,0.001026167265264238,1947,1949,ok,0.990915120996044,0.0,0.0,0.0
slim,P089,87,retained,0.8663404584084471,0.7641980917764652,7.211102550927978,2.6327740663570767,0.004646360351058337,1946,1937,ok,0.990915120996044,0.0,0.0,0.0
slim,P089,88,retained,0.8676056338028169,0.7661691542288557,7.0710678118654755,2.644084691441549,0.0035915854284248334,1956,1949,ok,0.990915120996044,0.0,0.0,0.0
slim,P089,89,retained,0.866735007688365,0.7648123021257349,7.0710678118654755,2.661192555603286,0.002052334530528476,1953,1949,ok,0.990915120996044,0.0,0.0,0.0
slim,P089,90,retained,0.864519427402863,0.7613687528140477,7.0710678118654755,2.716989738462757,0.007183170856849667,1963,1949,ok,0.990915120996044,0.0,0.0,0.0
slim,P089,91,retained,0.8657786885245902,0.7633242999096658,7.0710678118654755,2.691232596086991,0.0071979434447300775,1959,1945,ok,0.990915120996044,0.0,0.0,0.0
slim,P089,92,retained,0.8678087445666071,0.7664859981933153,7.0710678118654755,2.621474779163375,0.010796915167095116,1966,1945,ok,0.990915120996044,0.0,0.0,0.0
slim,P089,93,retained,0.867445403758253,0.7659192825112108,7.0710678118654755,2.6592300397086546,0.018452075858534086,1987,1951,ok,0.990915120996044,0.0,0.0,0.0
slim,P089,94,retained,0.86967610303494,0.769404332129964,7.0710678118654755,2.590243405890122,0.015938303341902313,1976,1945,ok,0.990915120996044,0.0,0.0,0.0
slim,P089,95,retained,0.8685015290519877,0.7675675675675676,7.0710678118654755,2.629263723425336,0.017480719794344474,1979,1945,ok,0.990915120996044,0.0,0.0,0.0
slim,P089,96,retained,0.8691446028513238,0.7685727149932463,7.0710678118654755,2.6223701800019152,0.01953727506426735,1983,1945,ok,0.990915120996044,0.0,0.0,0.0
slim,P089,97,retained,0.8697863682604272,0.7695769576957696,7.0710678118654755,2.614061800838596,0.021593830334190232,1987,1945,ok,0.990915120996044,0.0,0.0,0.0
slim,P095,0,retained,0.12852664576802508,0.06867671691792294,43.59181386693505,18.59908990300034,0.9283314669652856,128,1786,ok,0.9557687374618196,0.0,0.0,0.0
slim,P095,1,retained,0.13721413721413722,0.07366071428571429,43.01336934345557,18.435771253891314,0.9227323628219485,138,1786,ok,0.9557687374618196,0.0,0.0,0.0
slim,P095,2,retained,0.15195071868583163,0.08222222222222222,40.54372733802168,16.591295275788568,0.9165739710789766,150,1798,ok,0.9557687374618196,0.0,0.0,0.0
slim,P095,3,retained,0.2592771084337349,0.14894795127353266,29.734460884658695,11.770361506979489,0.8452977184195882,278,1797,ok,0.9557687374618196,0.0,0.0,0.0
slim,P095,4,retained,0.31847725162488394,0.18939812258420763,28.12913438576008,10.469474273746357,0.8092868988391376,345,1809,ok,0.9557687374618196,0.0,0.0,0.0
slim,P095,5,retained,0.36183618361836184,0.22087912087912087,27.026831257584966,9.767137691186496,0.7744070601213459,409,1813,ok,0.9557687374618196,0.0,0.0,0.0
slim,P095,6,retained,0.35816876122082586,0.21815199562602516,27.212115728515034,9.869071424045671,0.7785087719298246,404,1824,ok,0.9557687374618196,0.0,0.0,0.0
slim,P095,7,retained,0.32877959927140255,0.19673024523160762,27.459060435491963,10.252726057348264,0.8,366,1830,ok,0.9557687374618196,0.0,0.0,0.0
slim,P095,8,retained,0.2980101804720037,0.17509516041326809,28.442925306655784,10.734912229342788,0.821701199563795,327,1834,ok,0.9557687374618196,0.0,0.0,0.0
slim,P095,9,retained,0.28345724907063197,0.16513264753654575,28.635642126552707,10.985479176134197,0.8310700706137969,311,1841,ok,0.9557687374618196,0.0,0.0,0.0
slim,P095,10,retained,0.2745463006049325,0.15911542610571736,29.427877939124322,11.110312521987485,0.836491608012994,302,1847,ok,0.9557687374618196,0.0,0.0,0.0
slim,P095,11,retained,0.3021978021978022,0.1779935275080906,29.427877939124322,10.945969296159017,0.8175419599350298,337,1847,ok,0.9557687374618196,0.0,0.0,0.0
slim,P095,12,retained,0.31981981981981983,0.1903485254691689,30.290232150976824,10.99935460298993,0.8045234248788369,363,1857,ok,0.9557687374618196,0.0,0.0,0.0
slim,P095,13,retained,0.31863186318631864,0.18950749464668093,30.28528410095008,10.972833221094215,0.8047337278106509,363,1859,ok,0.9557687374618196,0.0,0.0,0.0
slim,P095,14,retained,0.3799654576856649,0.2345415778251599,29.274562336608895,10.237292449666024,0.7608346709470305,447,1869,ok,0.9557687374618196,0.0,0.0,0.0
slim,P095,15,retained,0.41866330390920553,0.2647527910685805,28.21606268571945,9.821076246844969,0.7298451681793914,506,1873,ok,0.9557687374618196,0.0,0.0,0.0
slim,P095,16,retained,0.45840130505709625,0.29735449735449737,25.495097567963924,9.11766623965054,0.7005829358770536,565,1887,ok,0.9557687374618196,0.0,0.0,0.0
slim,P095,17,retained,0.5094339622641509,0.34177215189873417,24.550838622240118,8.674180222858192,0.6561014263074485,651,1893,ok,0.9557687374618196,0.0,0.0,0.0
slim,P095,18,retained,0.5098039215686274,0.34210526315789475,23.40937053575435,8.637416701757644,0.6557722720084344,653,1897,ok,0.9557687374618196,0.0,0.0,0.0
slim,P095,19,retained,0.4918553833929281,0.3261327713382508,25.950913435352586,9.166474385073592,0.6717678100263852,622,1895,ok,0.9557687374618196,0.0,0.0,0.0
slim,P095,20,retained,0.5053045186640471,0.3380651945320715,25.068903078341844,8.938182079377741,0.6591148577449948,647,1898,ok,0.9557687374618196,0.0,0.0,0.0
slim,P095,21,retained,0.4437194127243067,0.2851153039832285,27.018512172212592,9.668138893782444,0.7121848739495799,548,1904,ok,0.9557687374618196,0.0,0.0,0.0
slim,P095,22,retained,0.38769490096923725,0.24046001045478307,28.065989070937135,10.333478955912263,0.7575916230366492,463,1910,ok,0.9557687374618196,0.0,0.0,0.0
slim,P095,23,retained,0.35334476843910806,0.21458333333333332,26.0,10.260017892402729,0.784783741532048,413,1919,ok,0.9557687374618196,0.0,0.0,0.0
slim,P095,24,retained,0.42549736094194074,0.2702423929860753,24.61196230019157,9.37303648704136,0.7284460505937016,526,1937,ok,0.9557687374618196,0.0,0.0,0.0
slim,P095,25,retained,0.5084615384615384,0.3408973697782362,18.64130846500384,8.30073820661622,0.655635987590486,666,1934,ok,0.9557687374618196,0.0,0.0,0.0
slim,P095,26,retained,0.5395279130760584,0.3694202154951257,17.029386365926403,7.737798068287462,0.6235172769468799,730,1939,ok,0.9557687374618196,0.0,0.0,0.0
slim,P095,27,retained,0.5690284879474069,0.39765186319550794,16.856433274646825,7.422083143091463,0.5922879177377892,793,1945,ok,0.9557687374618196,0.0,0.0,0.0
slim,P095,28,retained,0.5963662272889205,0.4248730964467005,18.35755975068582,7.344559660710988,0.5597742432016418,858,1949,ok,0.9557687374618196,0.0,0.0,0.0
slim,P095,29,retained,0.5468805704099822,0.3763493621197252,22.305703012659713,8.349967317429838,0.5739705134722929,838,1967,ok,0.9557687374618196,0.0,0.0,0.0
slim,P095,30,retained,0.5648854961832062,0.39361702127659576,20.59854063580829,7.98383255731097,0.5333333333333333,917,1965,ok,0.9557687374618196,0.0,0.0,0.0
slim,P095,31,retained,0.5853994490358126,0.41382667964946446,19.4164878389476,7.61769773035685,0.5303643724696356,928,1976,ok,0.9557687374618196,0.0,0.0,0.0
slim,P095,32,retained,0.5943937858831476,0.42287361845266697,19.651965994308867,7.44308530117842,0.5105633802816901,973,1988,ok,0.9557687374618196,0.0,0.0,0.0
slim,P095,33,retained,0.5903532608695652,0.41879518072289157,19.1049731745428,7.48069480788147,0.5228299046663322,951,1993,ok,0.9557687374618196,0.0,0.0,0.0
slim,P095,34,retained,0.5938983050847457,0.4223722275795564,19.0,7.425752412301641,0.5286783042394015,945,2005,ok,0.9557687374618196,0.0,0.0,0.0
slim,P095,35,retained,0.5954146999325691,0.42390782525204035,18.681541692269406,7.346825681523397,0.5184815184815185,964,2002,ok,0.9557687374618196,0.0,0.0,0.0
slim,P095,36,retained,0.599195710455764,0.4277511961722488,18.812036092560064,7.25829287372348,0.5087456271864068,983,2001,ok,0.9557687374618196,0.0,0.0,0.0
slim,P095,37,retained,0.6013377926421405,0.4299378287900526,18.681541692269406,7.2736252096067,0.5146547441629409,977,2013,ok,0.9557687374618196,0.0,0.0,0.0
slim,P095,38,retained,0.6195468380114981,0.4487996080352768,17.72426758007412,6.943933083465547,0.49593082400813837,991,1966,ok,0.9557687374618196,0.0,0.0,0.0
slim,P095,39,retained,0.6256830601092896,0.4552683896620278,17.00587727318528,6.750647888938241,0.46781789638932497,1017,1911,ok,0.9557687374618196,0.0,0.0,0.0
slim,P095,40,retained,0.6543747904793832,0.4862979571499751,16.0,6.308879053552334,0.48347737671581087,1016,1967,ok,0.9557687374618196,0.0,0.0,0.0
slim,P095,41,retained,0.6733700940642232,0.5075794621026894,14.866068747318506,6.004066218806901,0.47828232971372164,1057,2026,ok,0.9557687374618196,0.0,0.0,0.0
slim,P095,42,retained,0.6803252032520325,0.5155248891079349,14.296790931331458,5.8271344189577485,0.46633416458852867,1070,2005,ok,0.9557687374618196,0.0,0.0,0.0
slim,P095,43,retained,0.6892950391644909,0.5258964143426295,13.386510344649775,5.559859457970734,0.4493927125506073,1088,1976,ok,0.9557687374618196,0.0,0.0,0.0
slim,P095,44,retained,0.6883073865518383,0.5247474747474747,12.786666871488737,5.537412677713644,0.44781491002570695,1074,1945,ok,0.9557687374618196,0.0,0.0,0.0
slim,P095,45,retained,0.6832214765100671,0.5188583078491336,12.643153312946923,5.629486505812744,0.4575569358178054,1048,1932,ok,0.9557687374618196,0.0,0.0,0.0
slim,P095,46,retained,0.6834482758620689,0.5191199580932425,12.041594578792296,5.5419167255901085,0.47528916929547843,998,1902,ok,0.9557687374618196,0.0,0.0,0.0
slim,P095,47,retained,0.663594470046083,0.496551724137931,12.083045973594572,5.993898603629166,0.4986695050558808,942,1879,ok,0.9557687374618196,0.0,0.0,0.0
slim,P095,48,retained,0.6520331054336093,0.48371596369460756,12.529964086141668,6.2505600273739095,0.5091201716738197,915,1864,ok,0.9557687374618196,0.0,0.0,0.0
slim,P095,49,retained,0.6569872958257713,0.4891891891891892,12.206555615733702,6.197724963126148,0.501088139281828,917,1838,ok,0.9557687374618196,0.0,0.0,0.0
slim,P095,50,retained,0.6445916114790287,0.4755700325732899,12.794499512839518,6.467646131386486,0.511500547645126,892,1826,ok,0.9557687374618196,0.0,0.0,0.0
slim,P095,51,retained,0.6361246714232069,0.46640969162995594,12.806248474865697,6.476367399066445,0.5122905027932961,873,1790,ok,0.9557687374618196,0.0,0.0,0.0
slim,P095,52,retained,0.6243790599923577,0.4538888888888889,13.416407864998739,6.647968078935107,0.5248027057497181,843,1774,ok,0.9557687374618196,0.0,0.0,0.0
slim,P095,53,retained,0.6183649748159628,0.4475602916432978,13.892443989449804,6.655187965550743,0.5335227272727273,821,1760,ok,0.9557687374618196,0.0,0.0,0.0
slim,P095,54,retained,0.6264591439688716,0.45609065155807366,13.601470508735444,6.5780233870215135,0.5229885057471264,830,1740,ok,0.9557687374618196,0.0,0.0,0.0
slim,P095,55,retained,0.6379511059371362,0.4683760683760684,14.187983230614563,6.340802342224173,0.5034843205574913,855,1722,ok,0.9557687374618196,0.0,0.0,0.0
slim,P095,56,retained,0.6387147335423198,0.46919976971790445,13.892443989449804,6.344869299387546,0.50497949619215,845,1707,ok,0.9557687374618196,0.0,0.0,0.0
slim,P095,57,retained,0.6484776591538157,0.47981275599765943,13.45362404707371,6.199379358691201,0.49732620320855614,846,1683,ok,0.9557687374618196,0.0,0.0,0.0
slim,P095,58,retained,0.6561264822134387,0.48823529411764705,13.416407864998739,6.036063435848434,0.4886499402628435,856,1674,ok,0.9557687374618196,0.0,0.0,0.0
slim,P095,59,retained,0.6767155890519635,0.5113908872901679,13.038404810405298,5.770297011267364,0.4599877825290165,884,1637,ok,0.9557687374618196,0.0,0.0,0.0
slim,P095,60,retained,0.6809184481393508,0.5162064825930373,13.038404810405298,5.722714433351294,0.44649446494464945,900,1626,ok,0.9557687374618196,0.0,0.0,0.0
slim,P095,61,retained,0.6810513927030208,0.5163593099345628,13.0,5.6923690098307755,0.44002447980416154,915,1634,ok,0.9557687374618196,0.0,0.0,0.0
slim,P095,62,retained,0.6793349168646081,0.5143884892086331,13.038404810405298,5.7108894284552925,0.4339739615623063,913,1613,ok,0.9557687374618196,0.0,0.0,0.0
slim,P095,63,retained,0.6764589122667726,0.5110977804439112,13.13576519383181,5.705904117396236,0.42857142857142855,916,1603,ok,0.9557687374618196,0.0,0.0,0.0
slim,P095,64,retained,0.661648177496038,0.49437537004144466,13.45362404707371,5.98071817721399,0.4274143302180685,919,1605,ok,0.9557687374618196,0.0,0.0,0.0
slim,P095,65,retained,0.6544440015942606,0.4863744075829384,13.45362404707371,6.092662562522638,0.4220125786163522,919,1590,ok,0.9557687374618196,0.0,0.0,0.0
slim,P095,66,retained,0.6405750798722045,0.4712103407755582,13.416407864998739,6.296717059037671,0.42515723270440253,914,1590,ok,0.9557687374618196,0.0,0.0,0.0
slim,P095,67,retained,0.6365453818472611,0.46686217008797654,13.412670674955118,6.37499273695883,0.4120634920634921,926,1575,ok,0.9557687374618196,0.0,0.0,0.0
slim,P095,68,retained,0.625801282051282,0.4553935860058309,13.038404810405298,6.503537654547647,0.4020486555697823,934,1562,ok,0.9557687374618196,0.0,0.0,0.0
slim,P095,69,retained,0.6251012145748988,0.4546525323910483,13.038404810405298,6.47568431334594,0.4023285899094437,924,1546,ok,0.9557687374618196,0.0,0.0,0.0
slim,P095,70,retained,0.6049879324215608,0.43367935409457903,13.038404810405298,6.7583709901272355,0.4023136246786632,930,1556,ok,0.9557687374618196,0.0,0.0,0.0
slim,P095,71,retained,0.6085192697768763,0.43731778425655976,13.0,6.733754970347869,0.39099216710182766,933,1532,ok,0.9557687374618196,0.0,0.0,0.0
slim,P095,72,retained,0.5979716024340771,0.42650462962962965,13.0,6.854899914286184,0.3867801047120419,937,1528,ok,0.9557687374618196,0.0,0.0,0.0
slim,P095,73,retained,0.5968331303288672,0.4253472222222222,12.529964086141668,6.847826617284302,0.37318361955085866,949,1514,ok,0.9557687374618196,0.0,0.0,0.0
slim,P095,74,retained,0.5892351274787535,0.41767068273092367,12.529964086141668,7.011368086898832,0.3581395348837209,966,1505,ok,0.9557687374618196,0.0,0.0,0.0
slim,P095,75,retained,0.5789261203068228,0.40738636363636366,12.529964086141668,7.15457018295086,0.36068828590337526,966,1511,ok,0.9557687374618196,0.0,0.0,0.0
slim,P095,76,retained,0.5635403978887535,0.392312040700961,13.0,7.37771013834991,0.36127744510978044,960,1503,ok,0.9557687374618196,0.0,0.0,0.0
slim,P095,77,retained,0.5580448065173116,0.3870056497175141,12.727922061357855,7.4957780786877235,0.35455764075067026,963,1492,ok,0.9557687374618196,0.0,0.0,0.0
slim,P095,78,retained,0.5552825552825553,0.3843537414965986,12.206555615733702,7.439181930868173,0.3522267206477733,960,1482,ok,0.9557687374618196,0.0,0.0,0.0
slim,P095,79,retained,0.5680521597392013,0.3966989186112692,12.041594578792296,7.144827327515498,0.33852403520649965,977,1477,ok,0.9557687374618196,0.0,0.0,0.0
slim,P095,80,retained,0.5802215839146492,0.40867052023121386,11.661903789690601,6.872265818883181,0.3533783783783784,957,1480,ok,0.9557687374618196,0.0,0.0,0.0
slim,P095,81,retained,0.605295315682281,0.43399532710280375,11.40175425099138,6.397245804339089,0.3344640434192673,981,1474,ok,0.9557687374618196,0.0,0.0,0.0
slim,P095,82,retained,0.6241365298659082,0.4536326048434731,11.180339887498949,6.000376872667667,0.330393487109905,987,1474,ok,0.9557687374618196,0.0,0.0,0.0
slim,P095,83,retained,0.6374077112387203,0.4677904876580373,10.770329614269007,5.772045209515827,0.34262406526172673,967,1471,ok,0.9557687374618196,0.0,0.0,0.0
slim,P095,84,retained,0.6633081444164568,0.4962311557788945,9.848857801796104,5.358467795776623,0.3729508196721312,918,1464,ok,0.9557687374618196,0.0,0.0,0.0
slim,P095,85,retained,0.6791141988710377,0.5141354372123603,9.433981132056603,5.1169491861173215,0.42691256830601093,839,1464,ok,0.9557687374618196,0.0,0.0,0.0
slim,P095,86,retained,0.664886515353805,0.498,9.969848480983499,5.320769848106076,0.46411483253588515,784,1463,ok,0.9557687374618196,0.0,0.0,0.0
slim,P095,87,retained,0.6925795053003534,0.5297297297297298,9.486832980505138,4.819374866663271,0.4461221688400824,807,1457,ok,0.9557687374618196,0.0,0.0,0.0
slim,P095,88,retained,0.7155804920155373,0.5571236559139785,8.94427190999916,4.578207014151883,0.4280868385345997,843,1474,ok,0.9557687374618196,0.0,0.0,0.0
slim,P095,89,retained,0.723404255319149,0.5666666666666667,8.06225774829855,4.417802384331099,0.42905866302864937,837,1466,ok,0.9557687374618196,0.0,0.0,0.0
slim,P095,90,retained,0.7624262847514743,0.6160653505786249,7.0710678118654755,3.7590836307428677,0.3806275579809004,908,1466,ok,0.9557687374618196,0.0,0.0,0.0
slim,P095,91,retained,0.7772708419742845,0.635685210312076,7.211102550927978,3.527763681303665,0.3553888130968622,945,1466,ok,0.9557687374618196,0.0,0.0,0.0
slim,P095,92,retained,0.7550505050505051,0.6064908722109533,7.347242532597193,3.8431319771121917,0.3792633015006821,910,1466,ok,0.9557687374618196,0.0,0.0,0.0
slim,P095,93,retained,0.7247507585609017,0.5683208701563562,7.280109889280518,4.236274570195914,0.42633015006821284,841,1466,ok,0.9557687374618196,0.0,0.0,0.0
slim,P095,94,retained,0.7333619579218549,0.5789830508474576,6.766563145999492,4.088782002314119,0.41132332878581174,863,1466,ok,0.9557687374618196,0.0,0.0,0.0
slim,P095,95,retained,0.7484089944845143,0.5979661016949153,6.4031242374328485,3.8554722288355547,0.3922237380627558,891,1466,ok,0.9557687374618196,0.0,0.0,0.0
slim,P095,96,retained,0.7496834107218235,0.599594868332208,6.4031242374328485,3.8101800496725398,0.3840381991814461,903,1466,ok,0.9557687374618196,0.0,0.0,0.0
slim,P095,97,retained,0.7358087921468203,0.5820391627278866,6.708203932499369,3.9843354294723015,0.4017735334242838,877,1466,ok,0.9557687374618196,0.0,0.0,0.0
slim,P095,98,retained,0.7157712305025996,0.5573549257759784,7.0,4.269252637660242,0.4256480218281037,842,1466,ok,0.9557687374618196,0.0,0.0,0.0
slim,P095,99,retained,0.6805678793256433,0.515803631472764,7.280109889280518,4.808477005519839,0.46248294679399726,788,1466,ok,0.9557687374618196,0.0,0.0,0.0
slim,P097,0,retained,0.7243941054682743,0.5678823754057667,16.04521393508875,8.191680983079145,0.378234248469287,3148,5063,ok,0.9878786292415602,0.0,0.0,0.0
slim,P097,1,retained,0.7416309012875536,0.5893587994542974,15.132745950421556,7.6387032168005495,0.36736736736736736,3160,4995,ok,0.9878786292415602,0.0,0.0,0.0
slim,P097,2,retained,0.7587481517989157,0.6112765535040698,14.317821063276353,7.073509683686127,0.35808213635444064,3173,4943,ok,0.9878786292415602,0.0,0.0,0.0
slim,P097,3,retained,0.7715207144629125,0.6280290791599353,13.601470508735444,6.698200385499335,0.348965799713291,3179,4883,ok,0.9878786292415602,0.0,0.0,0.0
slim,P097,4,retained,0.785785536159601,0.6471554734031628,12.529964086141668,6.186168413367598,0.3333333333333333,3208,4812,ok,0.9878786292415602,0.0,0.0,0.0
slim,P097,5,retained,0.7955828836742377,0.660554282142113,11.704699910719626,5.8650188175822064,0.3177116318344944,3232,4737,ok,0.9878786292415602,0.0,0.0,0.0
slim,P097,6,retained,0.8049426301853486,0.6735598227474151,10.770329614269007,5.535370248682475,0.3060657838530543,3249,4682,ok,0.9878786292415602,0.0,0.0,0.0
slim,P097,7,retained,0.8136409736308317,0.6858303056208591,10.183222686579098,5.244545023027866,0.29301017095866694,3267,4621,ok,0.9878786292415602,0.0,0.0,0.0
slim,P097,8,retained,0.8206702481453058,0.6958785249457701,9.848857801796104,4.980132446221852,0.2843976300197498,3261,4557,ok,0.9878786292415602,0.0,0.0,0.0
slim,P097,9,retained,0.8254826254826255,0.702827087442472,9.0,4.810018492015611,0.2756324900133156,3264,4506,ok,0.9878786292415602,0.0,0.0,0.0
slim,P097,10,retained,0.8355314197051978,0.7175216522318454,8.06225774829855,4.500412527490397,0.26202247191011235,3284,4450,ok,0.9878786292415602,0.0,0.0,0.0
slim,P097,11,retained,0.8442942552638419,0.7305443094916779,7.615773105863909,4.231354398098846,0.24738041002277905,3304,4390,ok,0.9878786292415602,0.0,0.0,0.0
slim,P097,12,retained,0.8560606060606061,0.7483443708609272,7.0710678118654755,3.8828233948243502,0.2294172062904718,3332,4324,ok,0.9878786292415602,0.0,0.0,0.0
slim,P097,13,retained,0.8623226484498161,0.7579676674364896,7.280109889280518,3.683060867274321,0.21816479400749064,3340,4272,ok,0.9878786292415602,0.0,0.0,0.0
slim,P097,14,retained,0.8659957627118644,0.76366184026156,8.0,3.557043786267811,0.2070275403608737,3340,4212,ok,0.9878786292415602,0.0,0.0,0.0
slim,P097,15,retained,0.8675310787327898,0.766052880075543,8.48528137423857,3.4784351855889977,0.19908521906596052,3327,4154,ok,0.9878786292415602,0.0,0.0,0.0
slim,P097,16,retained,0.8765036086607859,0.7801570306923626,8.602325267042627,3.245487894707845,0.18000486499635127,3371,4111,ok,0.9878786292415602,0.0,0.0,0.0
slim,P097,17,retained,0.8853161843515541,0.7942307692307692,8.54400374531753,3.040580137781089,0.15521502718734553,3418,4046,ok,0.9878786292415602,0.0,0.0,0.0
slim,P097,18,retained,0.8916633105114781,0.8045058139534884,8.54400374531753,2.88739618759512,0.14239401496259352,3439,4010,ok,0.9878786292415602,0.0,0.0,0.0
slim,P097,19,retained,0.8993719096619003,0.8171442447790189,8.246211251235321,2.686958997425733,0.10987623137155847,3524,3959,ok,0.9878786292415602,0.0,0.0,0.0
slim,P097,20,retained,0.898531195256704,0.8157572791778811,7.810249675906654,2.7037102197223937,0.09326824254881809,3529,3892,ok,0.9878786292415602,0.0,0.0,0.0
slim,P097,21,retained,0.8942359978249048,0.8087042045733956,6.708203932499369,2.801070171677863,0.08237747653806048,3520,3836,ok,0.9878786292415602,0.0,0.0,0.0
slim,P097,22,retained,0.8885566730089698,0.7994619711420885,6.4031242374328485,2.9334410270171007,0.06419363325440673,3557,3801,ok,0.9878786292415602,0.0,0.0,0.0
slim,P097,23,retained,0.886696807781888,0.7964558208220527,6.708203932499369,3.012215585754088,0.049959925193694896,3556,3743,ok,0.9878786292415602,0.0,0.0,0.0
slim,P097,24,retained,0.8770346053891397,0.7809987819732034,7.810249675906654,3.257814597687204,0.029380053908355797,3601,3710,ok,0.9878786292415602,0.0,0.0,0.0
slim,P097,25,retained,0.8694232861806311,0.7690086621751684,8.94427190999916,3.487003706435619,0.0005442176870748299,3677,3675,ok,0.9878786292415602,0.0,0.0,0.0
slim,P097,26,retained,0.8624353037319531,0.7581417624521073,10.0,3.641062677997112,0.032668881506090805,3730,3612,ok,0.9878786292415602,0.0,0.0,0.0
slim,P097,27,retained,0.877366035723807,0.7815245784849204,8.94427190999916,3.270636250112794,0.011260053619302948,3772,3730,ok,0.9878786292415602,0.0,0.0,0.0
slim,P097,28,retained,0.8777895855472901,0.7821969696969697,9.486832980505138,3.3186096969873153,0.03958333333333333,3688,3840,ok,0.9878786292415602,0.0,0.0,0.0
slim,P097,29,retained,0.8715291616846021,0.7723098657876147,11.661903789690601,3.546032645687329,0.09972229235041656,3566,3961,ok,0.9878786292415602,0.0,0.0,0.0
slim,P097,30,retained,0.8598574821852731,0.7541666666666667,13.592217376548597,3.9101675709645853,0.15080527086383602,3480,4098,ok,0.9878786292415602,0.0,0.0,0.0
slim,P097,31,retained,0.8519874476987448,0.7421412300683371,14.401328294140031,4.163304233883111,0.18034737092552938,3445,4203,ok,0.9878786292415602,0.0,0.0,0.0
slim,P097,32,retained,0.8465320910973085,0.733901727619475,15.132745950421556,4.336464457048087,0.2098679638637943,3411,4317,ok,0.9878786292415602,0.0,0.0,0.0
slim,P097,33,retained,0.8359384928199263,0.7181222707423581,16.087197114710822,4.689696052478444,0.23367003367003367,3414,4455,ok,0.9878786292415602,0.0,0.0,0.0
slim,P097,34,retained,0.8295210413244029,0.7087022241416541,17.029386365926403,4.887520686893072,0.26087912087912085,3363,4550,ok,0.9878786292415602,0.0,0.0,0.0
slim,P097,35,retained,0.8221697527028706,0.6980375606668073,18.0,5.123570082542198,0.2831235331768722,3360,4687,ok,0.9878786292415602,0.0,0.0,0.0
slim,P097,36,retained,0.8240993788819876,0.7008240016902598,18.24828759089466,5.151708924932783,0.27954691173327634,3371,4679,ok,0.9878786292415602,0.0,0.0,0.0
slim,P097,37,retained,0.8270900520962541,0.705160744500846,18.37794204166081,5.0146869412287725,0.2706992706992707,3400,4662,ok,0.9878786292415602,0.0,0.0,0.0
slim,P097,38,retained,0.8205320344698389,0.6956797966963151,19.223678954453582,5.251553122463606,0.27583979328165376,3363,4644,ok,0.9878786292415602,0.0,0.0,0.0
slim,P097,39,retained,0.8135934550031466,0.6857627837895184,19.39837746121997,5.482254845144755,0.2825335062689148,3319,4626,ok,0.9878786292415602,0.0,0.0,0.0
slim,P097,40,retained,0.8104624715693708,0.681325685149777,18.955128787714838,5.565724382137808,0.2825520833333333,3306,4608,ok,0.9878786292415602,0.0,0.0,0.0
slim,P097,41,retained,0.8072304386297561,0.6767698177193726,18.927323027771692,5.663213641859417,0.27909506199695455,3314,4597,ok,0.9878786292415602,0.0,0.0,0.0
slim,P097,42,retained,0.8061538461538461,0.6752577319587629,18.73996654601756,5.6767799879189225,0.2804232804232804,3264,4536,ok,0.9878786292415602,0.0,0.0,0.0
slim,P097,43,retained,0.80842862649364,0.6784558982100496,18.783785186328718,5.626871823329067,0.27427937915742795,3273,4510,ok,0.9878786292415602,0.0,0.0,0.0
slim,P097,44,retained,0.8087403598971722,0.6788951230038843,18.382018499855803,5.62203324788836,0.26918798665183535,3285,4495,ok,0.9878786292415602,0.0,0.0,0.0
slim,P097,45,retained,0.8033104875210139,0.6712772854981629,19.1049731745428,5.751939915049854,0.2707960644007156,3261,4472,ok,0.9878786292415602,0.0,0.0,0.0
slim,P097,46,retained,0.7984455958549223,0.6645105648986632,20.0,5.898370252278716,0.2678932017051829,3263,4457,ok,0.9878786292415602,0.0,0.0,0.0
slim,P097,47,retained,0.7954279776594363,0.660340737545827,20.0,5.921633423828566,0.2656003604415409,3260,4439,ok,0.9878786292415602,0.0,0.0,0.0
slim,P097,48,retained,0.7948051948051948,0.6594827586206896,19.4164878389476,5.99917610597413,0.25870646766169153,3278,4422,ok,0.9878786292415602,0.0,0.0,0.0
slim,P097,49,retained,0.7938733125649013,0.6582006026689625,19.019623485746664,5.982449583615557,0.24948875255623723,3303,4401,ok,0.9878786292415602,0.0,0.0,0.0
slim,P097,50,retained,0.7925849105522427,0.6564311788705175,19.013058125070028,6.035575800793545,0.2376056659812657,3337,4377,ok,0.9878786292415602,0.0,0.0,0.0
slim,P097,51,retained,0.798040984662972,0.6639502466223461,18.61314520591794,5.894353917554203,0.2224513172966781,3394,4365,ok,0.9878786292415602,0.0,0.0,0.0
slim,P097,52,retained,0.8004112581930343,0.667238054424684,18.447188230743393,5.807940817168688,0.21044158233670654,3433,4348,ok,0.9878786292415602,0.0,0.0,0.0
slim,P097,53,retained,0.8011334363730036,0.6682423721529867,18.384776310850235,5.772189124588391,0.20816985921994,3431,4333,ok,0.9878786292415602,0.0,0.0,0.0
slim,P097,54,retained,0.8053603955243299,0.674145066434328,18.242128570007758,5.651434494758567,0.21794574542082076,3373,4313,ok,0.9878786292415602,0.0,0.0,0.0
slim,P097,55,retained,0.810349426513737,0.6811659192825112,18.001387818865997,5.48428938860557,0.25465549348230915,3202,4296,ok,0.9878786292415602,0.0,0.0,0.0
slim,P097,56,retained,0.8114100310936866,0.6826660600545951,17.029386365926403,5.442405932588744,0.2737456242707118,3112,4285,ok,0.9878786292415602,0.0,0.0,0.0
slim,P097,57,retained,0.8344531040043,0.7159326723541619,14.7648230602334,4.741060260976002,0.25346162872565126,3181,4261,ok,0.9878786292415602,0.0,0.0,0.0
slim,P097,58,retained,0.8774973711882229,0.7817330210772834,10.295630140987,3.4668385670212265,0.2086178478926301,3361,4247,ok,0.9878786292415602,0.0,0.0,0.0
slim,P097,59,retained,0.8968295218295218,0.8129564193168434,8.54400374531753,2.8814710923088067,0.18147448015122875,3464,4232,ok,0.9878786292415602,0.0,0.0,0.0
slim,P097,60,retained,0.9000388953714508,0.8182461103253182,7.615773105863909,2.7449784879315415,0.1666270501545044,3506,4207,ok,0.9878786292415602,0.0,0.0,0.0
slim,P097,61,retained,0.8991607488702389,0.8167956837907577,7.0710678118654755,2.7505936458815934,0.1590206798193487,3538,4207,ok,0.9878786292415602,0.0,0.0,0.0
slim,P097,62,retained,0.8942481299974206,0.8087240494518311,7.269657785409752,2.9038939257324254,0.15688138816258618,3547,4207,ok,0.9878786292415602,0.0,0.0,0.0
slim,P097,63,retained,0.8926568077511474,0.8061247985263643,7.141085181396727,2.9655976081047632,0.15174363807728558,3600,4244,ok,0.9878786292415602,0.0,0.0,0.0
slim,P097,64,retained,0.8911547285240887,0.8036781609195403,7.0,3.0252017062923975,0.1534478700870793,3597,4249,ok,0.9878786292415602,0.0,0.0,0.0
slim,P097,65,retained,0.8832032749136497,0.790836197021764,7.0710678118654755,3.2355329344333756,0.1576714588734386,3574,4243,ok,0.9878786292415602,0.0,0.0,0.0
slim,P097,66,retained,0.8837924407431134,0.79178145087236,7.211102550927978,3.2021943543048343,0.15222537878787878,3581,4224,ok,0.9878786292415602,0.0,0.0,0.0
slim,P097,67,retained,0.8837031369548585,0.7916381082933516,7.211102550927978,3.2288567596888478,0.15221489161168708,3598,4244,ok,0.9878786292415602,0.0,0.0,0.0
slim,P097,68,retained,0.8741177980238676,0.7763847731935263,7.615773105863909,3.5080871064056436,0.16592139326900446,3544,4249,ok,0.9878786292415602,0.0,0.0,0.0
slim,P097,69,retained,0.8724332648870636,0.7737309355793307,7.905124837953327,3.548876000027549,0.16658823529411765,3542,4250,ok,0.9878786292415602,0.0,0.0,0.0
slim,P097,70,retained,0.8704823151125402,0.770667273969483,7.9240998703626655,3.5986615421787413,0.17058823529411765,3525,4250,ok,0.9878786292415602,0.0,0.0,0.0
slim,P097,71,retained,0.8692515779981965,0.7687400318979266,8.0,3.6217721170861705,0.17298187808896212,3514,4249,ok,0.9878786292415602,0.0,0.0,0.0
slim,P097,72,retained,0.8703608247422681,0.7704768423454255,8.06225774829855,3.576298694464423,0.17368792657095788,3511,4249,ok,0.9878786292415602,0.0,0.0,0.0
slim,P108,0,excluded,0.8396449704142012,0.7236104028556859,5.385164807134504,2.4135851867481017,0.05971968312004875,1739,1641,ok,0.9869889452545687,0.0,0.0,0.0
slim,P108,1,excluded,0.8420427553444181,0.7271794871794872,5.0,2.3761472622662647,0.05742211362248015,1731,1637,ok,0.9869889452545687,0.0,0.0,0.0
slim,P108,2,excluded,0.8437223042836042,0.7296882984159427,5.385164807134504,2.3576626470397897,0.07033639143730887,1750,1635,ok,0.9869889452545687,0.0,0.0,0.0
slim,P108,3,excluded,0.8456098998232174,0.7325165900969882,5.0,2.353157539157921,0.06825106642291286,1753,1641,ok,0.9869889452545687,0.0,0.0,0.0
slim,P108,4,excluded,0.8519065917824417,0.7420185375901133,5.0,2.2334956051103707,0.07037943696450429,1749,1634,ok,0.9869889452545687,0.0,0.0,0.0
slim,P108,5,excluded,0.8563049853372434,0.7487179487179487,5.0,2.161775214696471,0.09202453987730061,1780,1630,ok,0.9869889452545687,0.0,0.0,0.0
slim,P108,6,excluded,0.860221316249272,0.7547266223811957,4.47213595499958,2.1246425798404918,0.11844540407156076,1813,1621,ok,0.9869889452545687,0.0,0.0,0.0
slim,P108,7,excluded,0.8663194444444444,0.7641653905053599,4.47213595499958,2.0341916608124224,0.11635027556644213,1823,1633,ok,0.9869889452545687,0.0,0.0,0.0
slim,P108,8,excluded,0.8688097306689835,0.7680491551459293,4.47213595499958,1.9995726326503964,0.14738805970149255,1845,1608,ok,0.9869889452545687,0.0,0.0,0.0
slim,P108,9,excluded,0.875254434428613,0.7781799379524302,4.47213595499958,1.8916297532238442,0.12677798392084105,1822,1617,ok,0.9869889452545687,0.0,0.0,0.0
slim,P108,10,excluded,0.8724400234055003,0.7737415672029061,4.47213595499958,1.9284241101379145,0.129595015576324,1813,1605,ok,0.9869889452545687,0.0,0.0,0.0
slim,P108,11,excluded,0.8753640069889342,0.7783531848783014,4.47213595499958,1.8804339094148244,0.14089775561097256,1830,1604,ok,0.9869889452545687,0.0,0.0,0.0
slim,P108,12,excluded,0.8755090168702734,0.7785825142265907,4.242640687119285,1.869587773974941,0.1433915211970075,1834,1604,ok,0.9869889452545687,0.0,0.0,0.0
slim,P108,13,excluded,0.8742340239276335,0.7765681700362882,4.254115450513289,1.8832985866495202,0.141875,1827,1600,ok,0.9869889452545687,0.0,0.0,0.0
slim,P108,14,excluded,0.8707324190253867,0.7710594315245478,4.277064977301324,1.942989276478865,0.15534591194968553,1837,1590,ok,0.9869889452545687,0.0,0.0,0.0
slim,P108,15,excluded,0.8687995303786322,0.768033212247016,4.47213595499958,1.9662414832369155,0.14681789540012602,1820,1587,ok,0.9869889452545687,0.0,0.0,0.0
slim,P108,16,excluded,0.8642120765832106,0.7608921161825726,4.47213595499958,2.0340864320517613,0.16104392106938256,1824,1571,ok,0.9869889452545687,0.0,0.0,0.0
slim,P108,17,excluded,0.8652773701203404,0.7625452664252458,5.0,2.0227150909019733,0.15088383838383837,1823,1584,ok,0.9869889452545687,0.0,0.0,0.0
slim,P108,18,excluded,0.8584877905266255,0.7520618556701031,5.385164807134504,2.1238657358166044,0.14990512333965844,1818,1581,ok,0.9869889452545687,0.0,0.0,0.0
slim,P108,19,excluded,0.8548672566371681,0.7465224111282844,5.830951894845301,2.171235672166522,0.14965123652504755,1813,1577,ok,0.9869889452545687,0.0,0.0,0.0
slim,P108,20,excluded,0.8457888493475683,0.7327852004110997,6.4031242374328485,2.3016662422922805,0.1464035646085296,1801,1571,ok,0.9869889452545687,0.0,0.0,0.0
slim,P108,21,excluded,0.8371539148556117,0.7199180747567845,6.985410196624965,2.4213889126609867,0.1490722968650032,1796,1563,ok,0.9869889452545687,0.0,0.0,0.0
slim,P108,22,excluded,0.8243770639447613,0.7012257405515833,6.6120307543313315,2.584560739400125,0.12030553787396563,1760,1571,ok,0.9869889452545687,0.0,0.0,0.0
slim,P108,23,excluded,0.8210652304009575,0.6964467005076143,6.4031242374328485,2.6528081609063237,0.10320956576463185,1753,1589,ok,0.9869889452545687,0.0,0.0,0.0
slim,P108,24,excluded,0.8104535896665666,0.6813131313131313,6.708203932499369,2.8018680112332546,0.1244416081684748,1762,1567,ok,0.9869889452545687,0.0,0.0,0.0
slim,P108,25,excluded,0.8037159124962541,0.6718436873747495,7.0710678118654755,2.886227425965086,0.1227735368956743,1765,1572,ok,0.9869889452545687,0.0,0.0,0.0
slim,P108,26,excluded,0.7965133754132853,0.6618381618381618,7.099074759677975,2.978710389118696,0.1313260730301089,1766,1561,ok,0.9869889452545687,0.0,0.0,0.0
slim,P108,27,excluded,0.7968843618933493,0.6623505976095617,7.127081707490474,3.014129292530871,0.1301850670070198,1771,1567,ok,0.9869889452545687,0.0,0.0,0.0
slim,P108,28,excluded,0.7962796279627963,0.6615154536390827,7.0710678118654755,2.986902814461714,0.14893617021276595,1782,1551,ok,0.9869889452545687,0.0,0.0,0.0
slim,P108,29,excluded,0.7974985110184634,0.6631996037642397,7.0710678118654755,3.0143719230061197,0.1650548033526757,1807,1551,ok,0.9869889452545687,0.0,0.0,0.0
slim,P108,30,excluded,0.7995233839737861,0.6660049627791563,7.0710678118654755,3.016652754028008,0.18128654970760233,1818,1539,ok,0.9869889452545687,0.0,0.0,0.0
slim,P108,31,excluded,0.7988235294117647,0.6650342801175319,7.231804752433737,3.047792196788767,0.19922380336351875,1854,1546,ok,0.9869889452545687,0.0,0.0,0.0
slim,P108,32,excluded,0.7889314100677068,0.6514341273699562,7.615773105863909,3.1875343171172488,0.21158854166666666,1861,1536,ok,0.9869889452545687,0.0,0.0,0.0
slim,P108,33,excluded,0.8010704727921498,0.6681547619047619,7.615773105863909,3.109687937874974,0.19516971279373369,1831,1532,ok,0.9869889452545687,0.0,0.0,0.0
slim,P108,34,excluded,0.8049499116087213,0.6735700197238659,7.810249675906654,3.0606052468079024,0.20532813515269654,1855,1539,ok,0.9869889452545687,0.0,0.0,0.0
slim,P108,35,excluded,0.8200294550810014,0.6949575636545182,7.280109889280518,2.818947891524757,0.2160574412532637,1863,1532,ok,0.9869889452545687,0.0,0.0,0.0
slim,P108,36,excluded,0.8305945622945922,0.7102708226877874,7.0710678118654755,2.6245339192774515,0.19475409836065574,1822,1525,ok,0.9869889452545687,0.0,0.0,0.0
slim,P108,37,excluded,0.8357228195937874,0.7178040020523345,7.0710678118654755,2.5237279470390233,0.20844327176781002,1832,1516,ok,0.9869889452545687,0.0,0.0,0.0
slim,P108,38,excluded,0.8324420677361853,0.7129770992366412,7.810249675906654,2.56691152883966,0.23357664233576642,1859,1507,ok,0.9869889452545687,0.0,0.0,0.0
slim,P108,39,excluded,0.82839542387797,0.7070605908863294,8.043580423808983,2.640134345114055,0.2412886259040105,1888,1521,ok,0.9869889452545687,0.0,0.0,0.0
slim,P108,40,excluded,0.8270412642669008,0.7050898203592815,8.0,2.646939702288622,0.27345309381237526,1914,1503,ok,0.9869889452545687,0.0,0.0,0.0
slim,P108,41,excluded,0.8221251819505094,0.6979733069698467,7.447941497572213,2.712428841322681,0.27785145888594165,1927,1508,ok,0.9869889452545687,0.0,0.0,0.0
slim,P108,42,excluded,0.8118356794024706,0.6832688588007737,8.48528137423857,2.9052012133296223,0.32687165775401067,1985,1496,ok,0.9869889452545687,0.0,0.0,0.0
slim,P108,43,excluded,0.8044724770642202,0.6729016786570743,9.219544457292887,3.0523316573650976,0.3378016085790885,1996,1492,ok,0.9869889452545687,0.0,0.0,0.0
slim,P108,44,excluded,0.7964702533447197,0.6617786187322611,9.433981132056603,3.2203515308036184,0.35771812080536913,2023,1490,ok,0.9869889452545687,0.0,0.0,0.0
slim,P108,45,excluded,0.7959125745103605,0.661008958038661,9.848857801796104,3.1857856753761875,0.3804054054054054,2043,1480,ok,0.9869889452545687,0.0,0.0,0.0
slim,P108,46,excluded,0.7929292929292929,0.6569037656903766,10.433072690514372,3.2726552091085437,0.40973630831643004,2085,1479,ok,0.9869889452545687,0.0,0.0,0.0
slim,P108,47,excluded,0.7934389769252155,0.6576036866359447,10.786543088512042,3.3534701493414936,0.41571524513096036,2108,1489,ok,0.9869889452545687,0.0,0.0,0.0
slim,P108,48,excluded,0.7982212340188994,0.6641998149861239,10.63014581273465,3.2777002936632718,0.4050802139037433,2102,1496,ok,0.9869889452545687,0.0,0.0,0.0
slim,P108,49,excluded,0.8048984135819649,0.6734979040521658,10.059411708155661,3.133151206662835,0.3985313751668892,2095,1498,ok,0.9869889452545687,0.0,0.0,0.0
slim,P108,50,excluded,0.8148148148148148,0.6875,9.486832980505138,3.033116542941466,0.3775850567044696,2065,1499,ok,0.9869889452545687,0.0,0.0,0.0
slim,P108,51,excluded,0.8094038623005877,0.6798307475317349,9.899494936611665,3.115332664904473,0.382,2073,1500,ok,0.9869889452545687,0.0,0.0,0.0
slim,P108,52,excluded,0.8112315818737837,0.6824134705332086,9.899494936611665,3.126728070240083,0.3509803921568627,2067,1530,ok,0.9869889452545687,0.0,0.0,0.0
slim,P108,53,excluded,0.8062274117319989,0.6753609687936656,10.295630140987,3.2176303141094924,0.37425742574257426,2082,1515,ok,0.9869889452545687,0.0,0.0,0.0
slim,P108,54,excluded,0.8046293744833287,0.6731212540341172,10.63014581273465,3.268217414455828,0.3626302083333333,2093,1536,ok,0.9869889452545687,0.0,0.0,0.0
slim,P108,55,excluded,0.8057986870897156,0.6747595052679799,10.816653826391969,3.297297319083994,0.36175710594315247,2108,1548,ok,0.9869889452545687,0.0,0.0,0.0
slim,P108,56,excluded,0.8010869565217391,0.6681776971894833,10.770329614269007,3.387461299246373,0.3726627981947131,2129,1551,ok,0.9869889452545687,0.0,0.0,0.0
slim,P108,57,excluded,0.796655879180151,0.662034961900493,11.40175425099138,3.504196577924619,0.3953488372093023,2160,1548,ok,0.9869889452545687,0.0,0.0,0.0
slim,P108,58,excluded,0.7941411451398136,0.6585689045936396,12.0,3.616446044271876,0.40705128205128205,2195,1560,ok,0.9869889452545687,0.0,0.0,0.0
slim,P108,59,excluded,0.7870662460567823,0.6488946684005201,12.529964086141668,3.792070895070748,0.4198473282442748,2232,1572,ok,0.9869889452545687,0.0,0.0,0.0
slim,P108,60,excluded,0.7873350923482849,0.6492602262837249,12.206555615733702,3.7702987774274512,0.4017743979721166,2212,1578,ok,0.9869889452545687,0.0,0.0,0.0
slim,P108,61,excluded,0.78276955602537,0.6430742509769866,12.206555615733702,3.8668443075438543,0.3979721166032953,2206,1578,ok,0.9869889452545687,0.0,0.0,0.0
slim,P108,62,excluded,0.7785093494864367,0.6373436826218197,12.529964086141668,3.9661281377334388,0.40164452877925366,2216,1581,ok,0.9869889452545687,0.0,0.0,0.0
slim,P108,63,excluded,0.7844782380702674,0.6453839516824849,12.051957427492866,3.8690120291099412,0.3867334167709637,2216,1598,ok,0.9869889452545687,0.0,0.0,0.0
slim,P108,64,excluded,0.7845074083701585,0.6454234388366125,12.385381597781844,3.8910517488691054,0.37909709338280767,2230,1617,ok,0.9869889452545687,0.0,0.0,0.0
slim,P108,65,excluded,0.787029831387808,0.6488451668092386,12.1675765883533,3.8588830130688088,0.38551980198019803,2239,1616,ok,0.9869889452545687,0.0,0.0,0.0
slim,P108,66,excluded,0.7829698857736241,0.643344709897611,12.206555615733702,3.957637032828304,0.37777777777777777,2232,1620,ok,0.9869889452545687,0.0,0.0,0.0
slim,P108,67,excluded,0.7841614906832298,0.644955300127714,12.17373117162389,3.928775706972674,0.3720073664825046,2235,1629,ok,0.9869889452545687,0.0,0.0,0.0
slim,P108,68,excluded,0.7863424728401448,0.6479113384484229,12.041594578792296,3.892470107259737,0.3790769230769231,2241,1625,ok,0.9869889452545687,0.0,0.0,0.0
slim,P108,69,excluded,0.7885211995863496,0.6508749466495946,11.704699910719626,3.866072804611728,0.3847102342786683,2246,1622,ok,0.9869889452545687,0.0,0.0,0.0
slim,P108,70,excluded,0.7907096774193548,0.6538625693555271,11.661903789690601,3.8362814889609287,0.3773006134969325,2245,1630,ok,0.9869889452545687,0.0,0.0,0.0
slim,P108,71,excluded,0.7862851250322248,0.6478334749362786,11.661903789690601,3.9350047546343068,0.38854679802955666,2255,1624,ok,0.9869889452545687,0.0,0.0,0.0
slim,P108,72,excluded,0.7876606683804627,0.6497031382527566,11.227018901518978,3.9267490308646407,0.37484737484737485,2252,1638,ok,0.9869889452545687,0.0,0.0,0.0
slim,P108,73,excluded,0.7865399434883124,0.6481795088907706,11.180339887498949,3.973845572623025,0.38103975535168194,2258,1635,ok,0.9869889452545687,0.0,0.0,0.0
slim,P108,74,excluded,0.781691951658524,0.6416209371042634,11.180339887498949,4.006687383227512,0.38735420503376305,2260,1629,ok,0.9869889452545687,0.0,0.0,0.0
slim,P108,75,excluded,0.782675947409126,0.6429479034307497,11.180339887498949,4.014060091871344,0.37538273116962645,2246,1633,ok,0.9869889452545687,0.0,0.0,0.0
slim,P108,76,excluded,0.7842934642211314,0.6451338716532087,11.180339887498949,3.9406406399953844,0.36613691931540343,2235,1636,ok,0.9869889452545687,0.0,0.0,0.0
slim,P108,77,excluded,0.7809820732657833,0.6406649616368286,11.40175425099138,3.9721616740868484,0.3744602097470697,2228,1621,ok,0.9869889452545687,0.0,0.0,0.0
slim,P108,78,excluded,0.7795907795907796,0.6387945670628183,11.661903789690601,4.04059872566705,0.3789279112754159,2238,1623,ok,0.9869889452545687,0.0,0.0,0.0
slim,P108,79,excluded,0.7764584408879711,0.6345991561181434,11.23368733209327,4.117247419786395,0.3796068796068796,2246,1628,ok,0.9869889452545687,0.0,0.0,0.0
slim,P108,80,excluded,0.7801087801087802,0.6394904458598726,11.40175425099138,4.030240308116528,0.3701657458563536,2232,1629,ok,0.9869889452545687,0.0,0.0,0.0
slim,P108,81,excluded,0.7808930425752856,0.6405451448040886,11.340122224586743,3.993734617858417,0.36319018404907977,2222,1630,ok,0.9869889452545687,0.0,0.0,0.0
slim,P108,82,excluded,0.7751494671172342,0.6328522920203735,11.67902223810221,4.09694683800382,0.37322640345465763,2226,1621,ok,0.9869889452545687,0.0,0.0,0.0
slim,P108,83,excluded,0.7813241888683725,0.6411255411255411,11.687581462308014,3.919458942016877,0.3531967721911856,2180,1611,ok,0.9869889452545687,0.0,0.0,0.0
slim,P108,84,excluded,0.787414066631412,0.6493676406454426,11.53182902034099,3.8540892797283464,0.33312769895126465,2161,1621,ok,0.9869889452545687,0.0,0.0,0.0
slim,P108,85,excluded,0.7934408886537953,0.657606313020605,11.661903789690601,3.7114274722714646,0.32820197044334976,2157,1624,ok,0.9869889452545687,0.0,0.0,0.0
slim,P108,86,excluded,0.7931587386424372,0.6572187776793623,11.687581462308014,3.6585151761288617,0.30845157310302285,2121,1621,ok,0.9869889452545687,0.0,0.0,0.0
slim,P108,87,excluded,0.7914438502673797,0.6548672566371682,12.150976276771088,3.69093069329555,0.3129251700680272,2123,1617,ok,0.9869889452545687,0.0,0.0,0.0
slim,P108,88,excluded,0.7874099759935983,0.6493620765508139,13.281012213382112,3.7988151711665723,0.31562693020382954,2130,1619,ok,0.9869889452545687,0.0,0.0,0.0
slim,P108,89,excluded,0.7856569440727856,0.6469810489202292,13.038404810405298,3.786332883044171,0.315365551425031,2123,1614,ok,0.9869889452545687,0.0,0.0,0.0
slim,P108,90,excluded,0.781744966442953,0.6416923754958131,13.416407864998739,3.8216276871283834,0.30793060718711274,2111,1614,ok,0.9869889452545687,0.0,0.0,0.0
slim,P108,91,excluded,0.7776584317937701,0.6362038664323374,14.0,3.9015930000911654,0.3073110285006196,2110,1614,ok,0.9869889452545687,0.0,0.0,0.0
slim,P108,92,excluded,0.7793047696038804,0.6384105960264901,14.0,3.8607799042282833,0.30353817504655495,2100,1611,ok,0.9869889452545687,0.0,0.0,0.0
slim,P108,93,excluded,0.7825136612021858,0.6427289048473968,13.601470508735444,3.8433154486094496,0.25925925925925924,2040,1620,ok,0.9869889452545687,0.0,0.0,0.0
slim,P108,94,excluded,0.7763992280121312,0.6345200540784137,13.892443989449804,3.9074586450099402,0.266875,2027,1600,ok,0.9869889452545687,0.0,0.0,0.0
slim,P108,95,excluded,0.7730535615681944,0.6300630063006301,14.0,4.0031185586822575,0.2880606443461781,2039,1583,ok,0.9869889452545687,0.0,0.0,0.0
slim,P108,96,excluded,0.7702515897152337,0.6263489208633094,14.067324052439554,3.987721875602443,0.31858974358974357,2057,1560,ok,0.9869889452545687,0.0,0.0,0.0
slim,P108,97,excluded,0.7625380991964533,0.6162113748320645,14.184456491623514,4.08941077120826,0.32838709677419353,2059,1550,ok,0.9869889452545687,0.0,0.0,0.0
slim,P108,98,excluded,0.7570872707059477,0.6091234347048301,14.142135623730951,4.137771956564382,0.3516339869281046,2068,1530,ok,0.9869889452545687,0.0,0.0,0.0
slim,P108,99,excluded,0.7571669477234402,0.6092265943012212,13.92838827718412,4.126541003329409,0.37993311036789296,2063,1495,ok,0.9869889452545687,0.0,0.0,0.0
slim,P108,100,excluded,0.7552921253175275,0.6068027210884354,13.912213347703675,4.128210150744455,0.3987813134732566,2066,1477,ok,0.9869889452545687,0.0,0.0,0.0
slim,P108,101,excluded,0.7565733672603902,0.6084583901773534,13.601470508735444,4.0892978177427874,0.4110429447852761,2070,1467,ok,0.9869889452545687,0.0,0.0,0.0
slim,P108,102,excluded,0.7589362310551901,0.6115207373271889,13.433155146932476,3.975540504457343,0.4284722222222222,2057,1440,ok,0.9869889452545687,0.0,0.0,0.0
slim,P108,103,excluded,0.7648063781321185,0.6191793453204242,13.038404810405298,3.893273981312843,0.435506241331484,2070,1442,ok,0.9869889452545687,0.0,0.0,0.0
slim,P108,104,excluded,0.7673888255416191,0.6225716928769658,12.643153312946923,3.815525613636584,0.4756527875793931,2091,1417,ok,0.9869889452545687,0.0,0.0,0.0
slim,P108,105,excluded,0.7694934547524189,0.6253469010175763,12.529964086141668,3.8062269726855775,0.501067615658363,2109,1405,ok,0.9869889452545687,0.0,0.0,0.0
slim,P108,106,excluded,0.7692307692307693,0.625,12.165525060596439,3.7761110639512134,0.5158273381294964,2107,1390,ok,0.9869889452545687,0.0,0.0,0.0
slim,P108,107,excluded,0.769806972054163,0.6257611241217799,12.078900834114343,3.7397129200322206,0.5298833819241983,2099,1372,ok,0.9869889452545687,0.0,0.0,0.0
slim,P108,108,excluded,0.7698961937716263,0.6258790436005626,12.083045973594572,3.7394317597047926,0.5276967930029155,2096,1372,ok,0.9869889452545687,0.0,0.0,0.0
slim,P109,0,retained,0.8719253604749788,0.7729323308270677,4.123105625617661,1.981980327325346,0.05281485780615206,1814,1723,ok,0.9889767812192726,0.0,0.0,0.0
slim,P109,1,retained,0.8742548963951178,0.7766011094301564,4.403287374635489,1.9337065594875436,0.05782710280373832,1811,1712,ok,0.9889767812192726,0.0,0.0,0.0
slim,P109,2,retained,0.8769448373408769,0.7808564231738035,4.3325238232468,1.8799766652708136,0.061224489795918366,1820,1715,ok,0.9889767812192726,0.0,0.0,0.0
slim,P109,3,retained,0.8871968415115623,0.7972630511910795,4.0,1.7171177368259534,0.08343125734430082,1844,1702,ok,0.9889767812192726,0.0,0.0,0.0
slim,P109,4,retained,0.8887005649717514,0.7996949669547534,4.0,1.6857823094137374,0.08480565371024736,1842,1698,ok,0.9889767812192726,0.0,0.0,0.0
slim,P109,5,retained,0.8847245883021011,0.7932790224032586,4.123105625617661,1.7448383649444519,0.08402366863905325,1832,1690,ok,0.9889767812192726,0.0,0.0,0.0
slim,P109,6,retained,0.8875035420799093,0.7977585328578706,4.123105625617661,1.7185234007105583,0.08200589970501475,1834,1695,ok,0.9889767812192726,0.0,0.0,0.0
slim,P109,7,retained,0.8844621513944223,0.7928571428571428,4.123105625617661,1.7553690030326403,0.07928994082840236,1824,1690,ok,0.9889767812192726,0.0,0.0,0.0
slim,P109,8,retained,0.8843421426541631,0.7926642893530311,4.26271775737042,1.758908466950274,0.0884272997032641,1834,1685,ok,0.9889767812192726,0.0,0.0,0.0
slim,P109,9,retained,0.8887624466571835,0.799795186891961,4.28016927383952,1.684288285725783,0.09725536992840096,1839,1676,ok,0.9889767812192726,0.0,0.0,0.0
slim,P109,10,retained,0.8872997711670481,0.7974293059125964,4.47213595499958,1.7050348323998779,0.10475617098133655,1835,1661,ok,0.9889767812192726,0.0,0.0,0.0
slim,P109,11,retained,0.8909871244635194,0.8034055727554179,4.47213595499958,1.642244868755725,0.10036057692307693,1831,1664,ok,0.9889767812192726,0.0,0.0,0.0
slim,P109,12,retained,0.8897795591182365,0.8014440433212996,4.47213595499958,1.6868632344309216,0.10168471720818291,1831,1662,ok,0.9889767812192726,0.0,0.0,0.0
slim,P109,13,retained,0.8894557823129252,0.8009188361408882,4.683281572999736,1.6938343093745376,0.12274368231046931,1866,1662,ok,0.9889767812192726,0.0,0.0,0.0
slim,P109,14,retained,0.8903409090909091,0.8023553507424476,5.0,1.6948562147839246,0.13592233009708737,1872,1648,ok,0.9889767812192726,0.0,0.0,0.0
slim,P109,15,retained,0.8904694167852063,0.8025641025641026,5.385164807134504,1.6951553527143348,0.13547995139732685,1869,1646,ok,0.9889767812192726,0.0,0.0,0.0
slim,P109,16,retained,0.8891422057566258,0.8004104669061057,5.726493307633545,1.7048925374684099,0.14224664224664224,1871,1638,ok,0.9889767812192726,0.0,0.0,0.0
slim,P109,17,retained,0.8871838590508667,0.7972420837589377,5.830951894845301,1.7382057113466913,0.1536107711138311,1885,1634,ok,0.9889767812192726,0.0,0.0,0.0
slim,P109,18,retained,0.8814330395223201,0.788002033553635,5.830951894845301,1.8290872863745786,0.16297662976629768,1891,1626,ok,0.9889767812192726,0.0,0.0,0.0
slim,P109,19,retained,0.8822525597269625,0.7893129770992366,5.830951894845301,1.811084629283317,0.17171093267449042,1897,1619,ok,0.9889767812192726,0.0,0.0,0.0
slim,P109,20,retained,0.8814330395223201,0.788002033553635,5.830951894845301,1.8320771686652118,0.16697473813924832,1894,1623,ok,0.9889767812192726,0.0,0.0,0.0
slim,P109,21,retained,0.8795215038450583,0.7849517031011692,5.830951894845301,1.8584717713596877,0.17264851485148514,1895,1616,ok,0.9889767812192726,0.0,0.0,0.0
slim,P109,22,retained,0.8774635818337618,0.7816793893129771,5.830951894845301,1.8975948654361539,0.1691449814126394,1887,1614,ok,0.9889767812192726,0.0,0.0,0.0
slim,P109,23,retained,0.8789954337899544,0.7841140529531568,5.830951894845301,1.8738490557152812,0.17369727047146402,1892,1612,ok,0.9889767812192726,0.0,0.0,0.0
slim,P109,24,retained,0.867655447803765,0.7662468513853904,6.082762530298219,2.066040354017278,0.18988132417239226,1905,1601,ok,0.9889767812192726,0.0,0.0,0.0
slim,P109,25,retained,0.8648339060710195,0.7618567103935419,6.0,2.1032290094125563,0.19622641509433963,1902,1590,ok,0.9889767812192726,0.0,0.0,0.0
slim,P109,26,retained,0.8636233132357163,0.7599797877716018,6.0,2.13026584542272,0.20443037974683545,1903,1580,ok,0.9889767812192726,0.0,0.0,0.0
slim,P109,27,retained,0.8666475480355607,0.7646761133603239,5.91547594742265,2.080281524788948,0.19861286254728877,1901,1586,ok,0.9889767812192726,0.0,0.0,0.0
slim,P109,28,retained,0.8664363845710996,0.7643473844591163,5.830951894845301,2.070657091534027,0.19041614123581338,1888,1586,ok,0.9889767812192726,0.0,0.0,0.0
slim,P109,29,retained,0.8656457671193297,0.7631176770249618,5.735198189901193,2.0887040743047294,0.19050632911392404,1881,1580,ok,0.9889767812192726,0.0,0.0,0.0
slim,P109,30,retained,0.8641256910096013,0.7607581967213115,5.385164807134504,2.1180731616844133,0.2003841229193342,1875,1562,ok,0.9889767812192726,0.0,0.0,0.0
slim,P109,31,retained,0.8652275379229871,0.7624678663239075,5.0990195135927845,2.079560817569635,0.19743589743589743,1868,1560,ok,0.9889767812192726,0.0,0.0,0.0
slim,P109,32,retained,0.8664723032069971,0.76440329218107,5.2993212190719845,2.0679374601643365,0.20154043645699615,1872,1558,ok,0.9889767812192726,0.0,0.0,0.0
slim,P109,33,retained,0.865636840571262,0.763103802672148,5.2993212190719845,2.069949639273702,0.1979500320307495,1870,1561,ok,0.9889767812192726,0.0,0.0,0.0
slim,P109,34,retained,0.8580664119894211,0.7514153371075656,5.982038276117043,2.1864119633330725,0.2111760883690708,1864,1539,ok,0.9889767812192726,0.0,0.0,0.0
slim,P109,35,retained,0.8565488565488566,0.7490909090909091,6.057933771208752,2.2112254758050236,0.19063109954456733,1830,1537,ok,0.9889767812192726,0.0,0.0,0.0
slim,P109,36,retained,0.8599759615384616,0.7543489720611491,5.643269777374484,2.124299043185739,0.17090671885192432,1795,1533,ok,0.9889767812192726,0.0,0.0,0.0
slim,P109,37,retained,0.8564564564564564,0.7489495798319328,5.385164807134504,2.1865903681320757,0.16796875,1794,1536,ok,0.9889767812192726,0.0,0.0,0.0
slim,P109,38,retained,0.8490679494888755,0.7377220480668757,5.385164807134504,2.2994185541687795,0.18241469816272965,1802,1524,ok,0.9889767812192726,0.0,0.0,0.0
slim,P109,39,retained,0.8457831325301205,0.732776617954071,5.830951894845301,2.342041449175638,0.18708827404479578,1802,1518,ok,0.9889767812192726,0.0,0.0,0.0
slim,P109,40,retained,0.8458759783263095,0.7329160146061554,5.429743515905568,2.360687735323779,0.18265440210249673,1800,1522,ok,0.9889767812192726,0.0,0.0,0.0
slim,P109,41,retained,0.837518910741301,0.7204580947423217,5.429743515905568,2.4855736264804684,0.18874172185430463,1795,1510,ok,0.9889767812192726,0.0,0.0,0.0
slim,P109,42,retained,0.837378640776699,0.7202505219206681,5.385164807134504,2.474559859326619,0.18712674187126743,1789,1507,ok,0.9889767812192726,0.0,0.0,0.0
slim,P109,43,retained,0.8371810449574727,0.7199582027168234,5.385164807134504,2.477734864481703,0.18737541528239202,1787,1505,ok,0.9889767812192726,0.0,0.0,0.0
slim,P109,44,retained,0.8390629753574688,0.7227463312368972,5.398749279252385,2.4417429615406525,0.18115461181154613,1780,1507,ok,0.9889767812192726,0.0,0.0,0.0
slim,P109,45,retained,0.843065693430657,0.7287066246056783,5.691673778562962,2.4100082928172064,0.18326693227091634,1782,1506,ok,0.9889767812192726,0.0,0.0,0.0
slim,P109,46,retained,0.8466257668711656,0.7340425531914894,5.184863101655287,2.3168809564528345,0.18645204560697518,1769,1491,ok,0.9889767812192726,0.0,0.0,0.0
slim,P109,47,retained,0.8482060717571297,0.7364217252396166,5.0577747210701665,2.2861275564437586,0.1827309236947791,1767,1494,ok,0.9889767812192726,0.0,0.0,0.0
slim,P109,48,retained,0.8466522678185745,0.7340823970037453,5.077032961426896,2.301182897051115,0.18986486486486487,1761,1480,ok,0.9889767812192726,0.0,0.0,0.0
slim,P109,49,retained,0.847457627118644,0.7352941176470589,5.0,2.264748466716335,0.18518518518518517,1760,1485,ok,0.9889767812192726,0.0,0.0,0.0
slim,P109,50,retained,0.84610630407911,0.7332619175147295,5.0577747210701665,2.2881069938456227,0.19687712152070605,1763,1473,ok,0.9889767812192726,0.0,0.0,0.0
slim,P109,51,retained,0.8519206939281289,0.7420399352401511,5.0,2.2009006580852413,0.18995929443690637,1754,1474,ok,0.9889767812192726,0.0,0.0,0.0
slim,P109,52,retained,0.8558979147214442,0.7480957562568009,5.0,2.1296573508146848,0.18720217835262082,1744,1469,ok,0.9889767812192726,0.0,0.0,0.0
slim,P109,53,retained,0.8642207588585764,0.7609055770292656,5.0,1.951215966314362,0.1993103448275862,1739,1450,ok,0.9889767812192726,0.0,0.0,0.0
slim,P109,54,retained,0.8670846394984326,0.7653569452130603,5.0,1.8938055356534755,0.2045611610228058,1743,1447,ok,0.9889767812192726,0.0,0.0,0.0
slim,P109,55,retained,0.8698651614926309,0.769700332963374,5.0,1.8543817859632907,0.1962809917355372,1737,1452,ok,0.9889767812192726,0.0,0.0,0.0
slim,P109,56,retained,0.8670196200560573,0.7652556349642661,5.0,1.8974733161611612,0.20233196159122085,1753,1458,ok,0.9889767812192726,0.0,0.0,0.0
slim,P109,57,retained,0.8653545766947829,0.7626651982378855,5.0,1.9272774462298907,0.2,1746,1455,ok,0.9889767812192726,0.0,0.0,0.0
slim,P109,58,retained,0.8632958801498127,0.7594728171334432,5.0,1.953882519662047,0.19151846785225718,1742,1462,ok,0.9889767812192726,0.0,0.0,0.0
slim,P109,59,retained,0.8626097867001254,0.758411472697187,5.0,1.9658601716692852,0.18057455540355677,1726,1462,ok,0.9889767812192726,0.0,0.0,0.0
slim,P109,60,retained,0.8610062893081761,0.755935946990613,5.0,1.9978834240159329,0.17361585782638414,1717,1463,ok,0.9889767812192726,0.0,0.0,0.0
slim,P109,61,retained,0.8623853211009175,0.7580645161290323,5.0,1.9637921865848247,0.16062884483937115,1698,1463,ok,0.9889767812192726,0.0,0.0,0.0
slim,P109,62,retained,0.8630573248407644,0.7591036414565826,5.0,1.9602010299193173,0.14774281805745554,1678,1462,ok,0.9889767812192726,0.0,0.0,0.0
slim,P109,63,retained,0.8682957791177404,0.7672462142456534,4.47213595499958,1.8883884445877817,0.15085324232081912,1686,1465,ok,0.9889767812192726,0.0,0.0,0.0
slim,P109,64,retained,0.8762266540044318,0.7797183098591549,4.123105625617661,1.7819541232732574,0.15926179084073822,1696,1463,ok,0.9889767812192726,0.0,0.0,0.0
slim,P109,65,retained,0.8767817548305353,0.7805978567399887,4.086173937932361,1.7726751625234614,0.1505449591280654,1689,1468,ok,0.9889767812192726,0.0,0.0,0.0
slim,P109,66,retained,0.875,0.7777777777777778,4.123105625617661,1.795567484460722,0.1515358361774744,1687,1465,ok,0.9889767812192726,0.0,0.0,0.0
slim,P109,67,retained,0.876468720228644,0.7801017524024872,4.123105625617661,1.784486737656858,0.13636363636363635,1675,1474,ok,0.9889767812192726,0.0,0.0,0.0
slim,P109,68,retained,0.8725302740599108,0.7738835500282646,4.2067801686687964,1.84117334961738,0.14344262295081966,1674,1464,ok,0.9889767812192726,0.0,0.0,0.0
slim,P109,69,retained,0.869926494087568,0.7697963800904978,4.47213595499958,1.8749104754230723,0.14461960246744346,1670,1459,ok,0.9889767812192726,0.0,0.0,0.0
slim,P109,70,retained,0.8672172808132147,0.7655636567582725,4.47213595499958,1.9176315951904992,0.13568521031207598,1674,1474,ok,0.9889767812192726,0.0,0.0,0.0
slim,P109,71,retained,0.8684879288437103,0.7675463222908478,4.47213595499958,1.8985282972580206,0.13713509843856075,1675,1473,ok,0.9889767812192726,0.0,0.0,0.0
slim,P109,72,retained,0.8673015873015874,0.765695067264574,5.0,1.9139891837255947,0.13704206241519673,1676,1474,ok,0.9889767812192726,0.0,0.0,0.0
slim,P109,73,retained,0.8636942675159236,0.7600896860986547,5.0,1.961187975049917,0.1331521739130435,1668,1472,ok,0.9889767812192726,0.0,0.0,0.0
slim,P109,74,retained,0.8586019789339291,0.7522371364653244,5.0,2.0129771355772026,0.11689189189189189,1653,1480,ok,0.9889767812192726,0.0,0.0,0.0
slim,P109,75,retained,0.8493414712495985,0.7381351200446677,5.61610083313869,2.1526755053203286,0.10053981106612686,1631,1482,ok,0.9889767812192726,0.0,0.0,0.0
slim,P109,76,retained,0.8396897220426632,0.7236768802228413,6.0,2.2637432048571586,0.08631153068105192,1611,1483,ok,0.9889767812192726,0.0,0.0,0.0
slim,P109,77,retained,0.8285714285714286,0.7073170731707317,6.082762530298219,2.434939715066445,0.07687120701281187,1597,1483,ok,0.9889767812192726,0.0,0.0,0.0
slim,P109,78,retained,0.8264516129032258,0.7042330951072018,6.324555320336759,2.4703242187172374,0.09601081812035159,1621,1479,ok,0.9889767812192726,0.0,0.0,0.0
slim,P109,79,retained,0.8267691322446366,0.7046943231441049,6.324555320336759,2.4681082287198084,0.10728744939271255,1641,1482,ok,0.9889767812192726,0.0,0.0,0.0
slim,P109,80,retained,0.8251659816629782,0.7023681377825619,6.58617205447275,2.5051060040832356,0.13860716700473294,1684,1479,ok,0.9889767812192726,0.0,0.0,0.0
slim,P109,81,retained,0.8289927831816756,0.7079314040728831,6.4031242374328485,2.464154147916925,0.150472334682861,1705,1482,ok,0.9889767812192726,0.0,0.0,0.0
slim,P109,82,retained,0.8335427135678392,0.7145934302638665,6.367768224739605,2.4068941859831954,0.16157501697216564,1711,1473,ok,0.9889767812192726,0.0,0.0,0.0
slim,P109,83,retained,0.8375,0.7204301075268817,6.708203932499369,2.370803249945247,0.16802168021680217,1724,1476,ok,0.9889767812192726,0.0,0.0,0.0
slim,P109,84,retained,0.8422368009996876,0.7274689692390718,6.324555320336759,2.3000641745273103,0.1643002028397566,1722,1479,ok,0.9889767812192726,0.0,0.0,0.0
slim,P109,85,retained,0.8427672955974843,0.7282608695652174,6.324555320336759,2.2952743085020946,0.15301286391333785,1703,1477,ok,0.9889767812192726,0.0,0.0,0.0
slim,P109,86,retained,0.8466876971608833,0.7341356673960613,6.0,2.226534920136153,0.13611859838274934,1686,1484,ok,0.9889767812192726,0.0,0.0,0.0
slim,P109,87,retained,0.8473933649289099,0.7351973684210527,6.0,2.216081996408137,0.13562753036437247,1683,1482,ok,0.9889767812192726,0.0,0.0,0.0
slim,P109,88,retained,0.8466645589630099,0.7341008771929824,6.0,2.2453793676010676,0.12996632996632998,1678,1485,ok,0.9889767812192726,0.0,0.0,0.0
slim,P109,89,retained,0.8430691506157246,0.7287117903930131,6.082762530298219,2.310840744923424,0.13841998649561107,1686,1481,ok,0.9889767812192726,0.0,0.0,0.0
slim,P109,90,retained,0.8414096916299559,0.7262357414448669,6.324555320336759,2.3431173824073035,0.14006734006734006,1693,1485,ok,0.9889767812192726,0.0,0.0,0.0
slim,P109,91,retained,0.8396850393700788,0.7236699239956569,6.324555320336759,2.3762971832334534,0.14382174206617152,1694,1481,ok,0.9889767812192726,0.0,0.0,0.0
slim,P109,92,retained,0.8386284995281535,0.7221018418201517,6.324555320336759,2.400695193483124,0.1364247311827957,1691,1488,ok,0.9889767812192726,0.0,0.0,0.0
slim,P109,93,retained,0.8387503944461976,0.7222826086956522,6.324555320336759,2.3915774242596552,0.13544474393530997,1685,1484,ok,0.9889767812192726,0.0,0.0,0.0
slim,P109,94,retained,0.8385876418663304,0.7220412595005429,6.2520174833251945,2.3942506725186194,0.13890761968981793,1689,1483,ok,0.9889767812192726,0.0,0.0,0.0
slim,P109,95,retained,0.8301292152537031,0.7095905172413793,6.324555320336759,2.5202167147302075,0.13382649630127774,1686,1487,ok,0.9889767812192726,0.0,0.0,0.0
slim,P109,96,retained,0.8257861635220126,0.7032672737011249,6.379553562304021,2.593528590040643,0.14430209035738367,1697,1483,ok,0.9889767812192726,0.0,0.0,0.0
slim,P109,97,retained,0.8244563504569807,0.7013404825737265,6.324555320336759,2.612286201712769,0.13382649630127774,1686,1487,ok,0.9889767812192726,0.0,0.0,0.0
slim,P109,98,retained,0.8202211690363349,0.695232994108195,6.324555320336759,2.6744495500072376,0.1284465366509751,1678,1487,ok,0.9889767812192726,0.0,0.0,0.0
slim,P109,99,retained,0.8152139461172742,0.6880684858212948,6.6624419782393804,2.7711789722800537,0.11602951039570758,1664,1491,ok,0.9889767812192726,0.0,0.0,0.0
slim,P109,100,retained,0.8100861793807852,0.680793991416309,6.708203932499369,2.8489675331701503,0.10834454912516824,1647,1486,ok,0.9889767812192726,0.0,0.0,0.0
slim,P109,101,retained,0.8040973111395646,0.6723768736616702,7.0,2.9509879203900855,0.09664429530201342,1634,1490,ok,0.9889767812192726,0.0,0.0,0.0
slim,P109,102,retained,0.7960421321417172,0.66118769883351,7.211102550927978,3.068143221340994,0.08311170212765957,1629,1504,ok,0.9889767812192726,0.0,0.0,0.0
slim,P109,103,retained,0.7882089074014739,0.6504494976203067,7.280109889280518,3.174757896951763,0.07513297872340426,1617,1504,ok,0.9889767812192726,0.0,0.0,0.0
slim,P109,104,retained,0.7799425103800702,0.6392670157068063,7.615773105863909,3.3197441403772263,0.07076719576719577,1619,1512,ok,0.9889767812192726,0.0,0.0,0.0
slim,P109,105,retained,0.7699711260827719,0.6259780907668232,7.615773105863909,3.4727942083145966,0.0697211155378486,1611,1506,ok,0.9889767812192726,0.0,0.0,0.0
slim,P109,106,retained,0.7655194596333226,0.6201146430432517,7.615773105863909,3.5450712745907196,0.06440903054448871,1603,1506,ok,0.9889767812192726,0.0,0.0,0.0
slim,P109,107,retained,0.7615681233933161,0.6149455111572393,7.615773105863909,3.6017058395292567,0.06914893617021277,1608,1504,ok,0.9889767812192726,0.0,0.0,0.0
slim,P109,108,retained,0.771107544141252,0.6274817136886103,7.280109889280518,3.447812208986458,0.0656498673740053,1607,1508,ok,0.9889767812192726,0.0,0.0,0.0
slim,P109,109,retained,0.7850526988182689,0.6461619348054679,6.708203932499369,3.2297184522516837,0.08039867109634552,1626,1505,ok,0.9889767812192726,0.0,0.0,0.0
slim,P109,110,retained,0.7922455573505655,0.6559657570893526,6.708203932499369,3.1213497765883518,0.06333333333333334,1595,1500,ok,0.9889767812192726,0.0,0.0,0.0
slim,P109,111,retained,0.8150843532914324,0.6878838637632607,6.324555320336759,2.724635067960895,0.018024032042723633,1525,1498,ok,0.9889767812192726,0.0,0.0,0.0
slim,P109,112,retained,0.8391562294001318,0.7228847245883021,5.830951894845301,2.349162294300963,0.03760913364674278,1545,1489,ok,0.9889767812192726,0.0,0.0,0.0
slim,P109,113,retained,0.8534822601839684,0.7444126074498567,5.830951894845301,2.151245730643864,0.052596089008766014,1561,1483,ok,0.9889767812192726,0.0,0.0,0.0
slim,P109,114,retained,0.8706811451135242,0.7709790209790209,5.656854249492381,1.8812673995425049,0.05060728744939271,1557,1482,ok,0.9889767812192726,0.0,0.0,0.0
slim,P109,115,retained,0.8901922450309547,0.8021139166177335,5.385164807134504,1.6063844570586707,0.02976190476190476,1557,1512,ok,0.9889767812192726,0.0,0.0,0.0
slim,P109,116,retained,0.8964169381107492,0.8122786304604487,5.385164807134504,1.491089198882265,0.03042328042328042,1558,1512,ok,0.9889767812192726,0.0,0.0,0.0
slim,P109,117,retained,0.899016393442623,0.8165574746873139,5.059411708155667,1.4431269440472132,0.031978680879413725,1549,1501,ok,0.9889767812192726,0.0,0.0,0.0
slim,P109,118,retained,0.8976897689768977,0.8143712574850299,5.0,1.4727679066371295,0.0486815415821501,1551,1479,ok,0.9889767812192726,0.0,0.0,0.0
slim,P109,119,retained,0.8858749586503474,0.7951306413301663,5.0,1.6543868496992098,0.06630211893369788,1560,1463,ok,0.9889767812192726,0.0,0.0,0.0
slim,P109,120,retained,0.8779358253390671,0.7824292452830188,4.242640687119285,1.7721388228079402,0.09349030470914127,1579,1444,ok,0.9889767812192726,0.0,0.0,0.0
slim,P109,121,retained,0.8695652173913043,0.7692307692307693,4.47213595499958,1.884280425013243,0.10979847116052814,1597,1439,ok,0.9889767812192726,0.0,0.0,0.0
slim,P109,122,retained,0.8622047244094488,0.7577854671280276,4.47213595499958,2.01880529408031,0.15254237288135594,1632,1416,ok,0.9889767812192726,0.0,0.0,0.0
slim,P109,123,retained,0.8547064611347983,0.7462772050400917,4.47213595499958,2.153198179112882,0.1872309899569584,1655,1394,ok,0.9889767812192726,0.0,0.0,0.0
slim,P109,124,retained,0.8426892950391645,0.7281443880428652,4.47213595499958,2.3490326952127005,0.207492795389049,1676,1388,ok,0.9889767812192726,0.0,0.0,0.0
slim,P109,125,retained,0.8347025961222477,0.7163000564015792,5.0,2.47021909189359,0.22116788321167882,1673,1370,ok,0.9889767812192726,0.0,0.0,0.0
slim,P109,126,retained,0.8325041459369817,0.7130681818181818,5.0,2.4831276253362904,0.2383073496659243,1668,1347,ok,0.9889767812192726,0.0,0.0,0.0
slim,P109,127,retained,0.8333333333333334,0.7142857142857143,5.0,2.4774176855989047,0.26296018031555224,1681,1331,ok,0.9889767812192726,0.0,0.0,0.0
slim,P109,128,retained,0.8288646143661039,0.7077444884115319,5.385164807134504,2.5357180692589467,0.2921092564491654,1703,1318,ok,0.9889767812192726,0.0,0.0,0.0
slim,P109,129,retained,0.8330046022353714,0.7138028169014085,5.385164807134504,2.481110690810768,0.3310344827586207,1737,1305,ok,0.9889767812192726,0.0,0.0,0.0
slim,P109,130,retained,0.8348745046235139,0.7165532879818595,5.656854249492381,2.4519237206307576,0.36932707355242567,1750,1278,ok,0.9889767812192726,0.0,0.0,0.0
slim,P109,131,retained,0.8345988775173324,0.7161473087818697,5.656854249492381,2.451174235606034,0.37941869599371564,1756,1273,ok,0.9889767812192726,0.0,0.0,0.0
slim,P109,132,retained,0.8273118992376532,0.7054833239118146,5.656854249492381,2.548531187295738,0.40782122905027934,1764,1253,ok,0.9889767812192726,0.0,0.0,0.0
slim,P109,133,retained,0.8231360748913407,0.6994318181818182,5.656854249492381,2.601165738983045,0.4277597402597403,1759,1232,ok,0.9889767812192726,0.0,0.0,0.0
slim,P109,134,retained,0.821236559139785,0.6966932725199544,5.656854249492381,2.6092143395727434,0.4333605887162715,1753,1223,ok,0.9889767812192726,0.0,0.0,0.0
slim,P109,135,retained,0.8147646461225873,0.6874285714285714,5.656854249492381,2.6867794281700594,0.4526578073089701,1749,1204,ok,0.9889767812192726,0.0,0.0,0.0
slim,P109,136,retained,0.8134556574923547,0.6855670103092784,5.656854249492381,2.7142010838146247,0.45454545454545453,1744,1199,ok,0.9889767812192726,0.0,0.0,0.0
slim,P109,137,retained,0.8082332761578045,0.6781807714450202,5.830951894845301,2.757047704885717,0.4703389830508475,1735,1180,ok,0.9889767812192726,0.0,0.0,0.0
slim,P109,138,retained,0.8042509427494001,0.6725917431192661,5.656854249492381,2.8031376557461125,0.48678601875532823,1744,1173,ok,0.9889767812192726,0.0,0.0,0.0
slim,P109,139,retained,0.7958620689655173,0.6609392898052692,6.0,2.938251180405913,0.512998266897747,1746,1154,ok,0.9889767812192726,0.0,0.0,0.0
slim,P109,140,retained,0.7860869565217391,0.6475644699140402,6.062071897723665,3.06038427300126,0.5442477876106194,1745,1130,ok,0.9889767812192726,0.0,0.0,0.0
slim,P109,141,retained,0.7805390269513476,0.6400688863375431,6.0,3.1295281969961035,0.5623318385650224,1742,1115,ok,0.9889767812192726,0.0,0.0,0.0
slim,P109,142,retained,0.776255707762557,0.6343283582089553,6.082762530298219,3.1879177894174093,0.5764705882352941,1742,1105,ok,0.9889767812192726,0.0,0.0,0.0
slim,P109,143,retained,0.7778951073565646,0.636520737327189,6.0,3.1572743709391498,0.5710407239819004,1736,1105,ok,0.9889767812192726,0.0,0.0,0.0
