model,patient_id,transition_index,tc_method1_raw,tc_method2_flow_warped,current_empty,previous_empty
standard,P000,1,0.830319,0.921619,0,0
standard,P000,2,0.743134,0.931929,0,0
standard,P000,3,0.73127,0.937143,0,0
standard,P000,4,0.95315,0.95315,0,0
standard,P000,5,0.979938,0.979938,0,0
standard,P000,6,0.998469,0.998469,0,0
standard,P000,7,0.85798,0.95389,0,0
standard,P000,8,0.923414,0.929598,0,0
standard,P000,9,0.925697,0.936335,0,0
standard,P000,10,0.950433,0.952904,0,0
standard,P000,11,0.963481,0.963481,0,0
standard,P000,12,0.901149,0.948342,0,0
standard,P000,13,0.828402,0.926036,0,0
standard,P000,14,0.966859,0.966859,0,0
standard,P000,15,0.904727,0.965818,0,0
standard,P000,16,0.982327,0.982327,0,0
standard,P000,17,0.968998,0.968998,0,0
standard,P000,18,0.983217,0.947222,0,0
standard,P000,19,0.947969,0.948424,0,0
standard,P000,20,0.915751,0.940659,0,0
standard,P000,21,0.999265,0.999265,0,0
standard,P000,22,0.800892,0.921331,0,0
standard,P000,23,0.812772,0.954839,0,0
standard,P000,24,0.971751,0.971751,0,0
standard,P000,25,0.81438,0.928833,0,0
standard,P000,26,0.957065,0.961569,0,0
standard,P000,27,0.766123,0.911742,0,0
standard,P000,28,0.90229,0.969466,0,0
standard,P000,29,0.971081,0.971081,0,0
standard,P000,30,0.997756,0.997756,0,0
standard,P000,31,0.987189,0.987189,0,0
standard,P000,32,0.932627,0.949573,0,0
standard,P000,33,0.975904,0.972243,0,0
standard,P000,34,0.971595,0.971595,0,0
standard,P000,35,0.967338,0.967338,0,0
standard,P000,36,0.935223,0.946441,0,0
standard,P000,37,0.968043,0.936877,0,0
standard,P000,38,0.969496,0.969496,0,0
standard,P000,39,0.963723,0.963723,0,0
standard,P000,40,0.964312,0.964312,0,0
standard,P000,41,0.976814,0.976814,0,0
standard,P000,42,0.930054,0.960125,0,0
standard,P000,43,0.938808,0.961353,0,0
standard,P000,44,0.961538,0.961538,0,0
standard,P000,45,1.0,1.0,0,0
standard,P000,46,0.971771,0.960767,0,0
standard,P000,47,0.989726,0.989726,0,0
standard,P000,48,0.992327,0.992327,0,0
standard,P000,49,0.970332,0.970332,0,0
standard,P000,50,0.974314,0.974314,0,0
standard,P000,51,0.929329,0.944785,0,0
standard,P000,52,0.984671,0.984671,0,0
standard,P000,53,0.97493,0.97493,0,0
standard,P000,54,0.999054,0.999054,0,0
standard,P000,55,0.775549,0.882865,0,0
standard,P000,56,0.911708,0.974952,0,0
standard,P000,57,0.965009,0.965009,0,0
standard,P000,58,0.953594,0.939035,0,0
standard,P000,59,0.827081,0.869565,0,0
standard,P000,60,0.96223,0.957312,0,0
standard,P000,61,0.734619,0.911765,0,0
standard,P000,62,0.755712,0.894552,0,0
standard,P000,63,0.772414,0.935986,0,0
standard,P000,64,0.906667,0.918295,0,0
standard,P000,65,0.750422,0.905912,0,0
standard,P000,66,0.940429,0.952978,0,0
standard,P000,67,0.953653,0.941905,0,0
standard,P000,68,0.965143,0.96834,0,0
standard,P000,69,0.999244,0.999244,0,0
standard,P000,70,0.743376,0.934251,0,0
standard,P000,71,0.922737,0.918681,0,0
standard,P000,72,0.925479,0.963804,0,0
standard,P000,73,0.943182,0.943182,0,0
standard,P000,74,0.96788,0.96788,0,0
standard,P000,75,0.747222,0.973937,0,0
standard,P000,76,0.979181,0.979181,0,0
standard,P000,77,1.0,1.0,0,0
standard,P000,78,0.974934,0.96918,0,0
standard,P000,79,0.96927,0.976538,0,0
standard,P000,80,0.922118,0.975701,0,0
standard,P000,81,0.972873,0.972873,0,0
standard,P000,82,0.738155,0.937775,0,0
standard,P000,83,0.997472,0.997472,0,0
standard,P000,84,0.71995,0.958231,0,0
standard,P000,85,0.743352,0.946517,0,0
standard,P000,86,0.711947,0.949519,0,0
standard,P000,87,0.99474,0.99474,0,0
standard,P000,88,0.976608,0.961628,0,0
standard,P000,89,0.975953,0.973669,0,0
standard,P000,90,0.759929,0.957913,0,0
standard,P000,91,0.7623,0.956522,0,0
standard,P000,92,1.0,1.0,0,0
standard,P000,93,0.781582,0.961424,0,0
standard,P000,94,0.984688,0.984688,0,0
standard,P000,95,0.970623,0.982891,0,0
standard,P000,96,0.966667,0.960796,0,0
standard,P000,97,0.966143,0.965018,0,0
standard,P000,98,0.99939,0.99939,0,0
standard,P000,99,0.947433,0.941672,0,0
standard,P000,100,0.964933,0.960097,0,0
standard,P000,101,0.999402,0.999402,0,0
standard,P000,102,0.972845,0.971126,0,0
standard,P000,103,0.967779,0.970081,0,0
standard,P000,104,0.79477,0.957014,0,0
standard,P000,105,0.874859,0.97407,0,0
standard,P000,106,0.982993,0.982993,0,0
standard,P000,107,1.0,1.0,0,0
standard,P000,108,0.896352,0.974419,0,0
standard,P000,109,0.984919,0.985507,0,0
standard,P000,110,0.990145,0.990145,0,0
standard,P000,111,0.988493,0.988493,0,0
standard,P000,112,0.986175,0.986175,0,0
standard,P000,113,0.776498,0.951512,0,0
standard,P000,114,0.980147,0.980282,0,0
standard,P000,115,0.849425,0.961428,0,0
standard,P000,116,0.998245,0.998245,0,0
standard,P000,117,0.947429,0.980936,0,0
standard,P000,118,0.939271,0.973973,0,0
standard,P000,119,0.988235,0.988235,0,0
standard,P000,120,0.830362,0.972973,0,0
standard,P000,121,0.987737,0.987737,0,0
standard,P000,122,0.969797,0.962389,0,0
standard,P000,123,0.947255,0.945079,0,0
standard,P000,124,0.963725,0.968026,0,0
standard,P000,125,0.999448,0.999448,0,0
standard,P000,126,0.792113,0.961472,0,0
standard,P000,127,0.950088,0.947935,0,0
standard,P000,128,0.926554,0.910714,0,0
standard,P000,129,0.847107,0.898129,0,0
standard,P000,130,0.92562,0.955133,0,0
standard,P000,131,0.9456,0.960516,0,0
standard,P000,132,0.999182,0.999182,0,0
standard,P000,133,0.935961,0.938373,0,0
standard,P000,134,0.678333,0.931667,0,0
standard,P000,135,0.97054,0.947627,0,0
standard,P000,136,0.986561,0.986561,0,0
standard,P000,137,0.713846,0.938744,0,0
standard,P000,138,0.964313,0.964313,0,0
standard,P000,139,0.748068,0.948617,0,0
standard,P000,140,0.794414,0.932506,0,0
standard,P000,141,0.996918,0.996918,0,0
standard,P000,142,0.804399,0.978554,0,0
standard,P000,143,0.788536,0.955108,0,0
standard,P000,144,0.978342,0.978342,0,0
standard,P000,145,0.988897,0.988897,0,0
standard,P000,146,0.988848,0.988848,0,0
standard,P001,1,0.967725,0.972621,0,0
standard,P001,2,0.970421,0.983356,0,0
standard,P001,3,0.967191,0.982781,0,0
standard,P001,4,0.977243,0.977243,0,0
standard,P001,5,0.98937,0.98937,0,0
standard,P001,6,0.971474,0.971474,0,0
standard,P001,7,0.93847,0.968404,0,0
standard,P001,8,0.97847,0.975221,0,0
standard,P001,9,0.915105,0.943056,0,0
standard,P001,10,0.886515,0.92348,0,0
standard,P001,11,0.976934,0.976934,0,0
standard,P001,12,0.971639,0.971639,0,0
standard,P001,13,0.934177,0.961519,0,0
standard,P001,14,0.976956,0.976956,0,0
standard,P001,15,0.924883,0.975571,0,0
standard,P001,16,0.936032,0.938806,0,0
standard,P001,17,0.967073,0.960569,0,0
standard,P001,18,0.973083,0.973083,0,0
standard,P001,19,0.968568,0.969923,0,0
standard,P001,20,0.947781,0.947907,0,0
standard,P001,21,0.975707,0.96646,0,0
standard,P001,22,0.965534,0.966973,0,0
standard,P001,23,0.949,0.960705,0,0
standard,P001,24,0.922282,0.951452,0,0
standard,P001,25,0.977118,0.976608,0,0
standard,P001,26,0.893732,0.894326,0,0
standard,P001,27,0.979774,0.979774,0,0
standard,P001,28,0.972668,0.983986,0,0
standard,P001,29,0.975811,0.977986,0,0
standard,P001,30,0.986342,0.986342,0,0
standard,P001,31,0.973825,0.971952,0,0
standard,P001,32,0.981432,0.979327,0,0
standard,P001,33,0.985618,0.979568,0,0
standard,P001,34,0.981443,0.988876,0,0
standard,P001,35,0.977659,0.979604,0,0
standard,P001,36,0.983183,0.98713,0,0
standard,P001,37,0.948527,0.979941,0,0
standard,P001,38,0.987902,0.985866,0,0
standard,P001,39,0.994684,0.994684,0,0
standard,P001,40,0.973436,0.97584,0,0
standard,P001,41,0.975783,0.981,0,0
standard,P001,42,0.980024,0.983483,0,0
standard,P001,43,0.977896,0.984164,0,0
standard,P001,44,0.987507,0.983577,0,0
standard,P001,45,0.98863,0.98863,0,0
standard,P001,46,0.985219,0.985129,0,0
standard,P001,47,0.985192,0.982958,0,0
standard,P001,48,0.976077,0.972433,0,0
standard,P001,49,0.968378,0.963792,0,0
standard,P001,50,0.949861,0.964646,0,0
standard,P001,51,0.943166,0.972222,0,0
standard,P001,52,0.945977,0.979994,0,0
standard,P001,53,0.967453,0.975712,0,0
standard,P001,54,0.955801,0.985552,0,0
standard,P001,55,0.978565,0.984462,0,0
standard,P001,56,0.968917,0.990831,0,0
standard,P001,57,0.981899,0.977143,0,0
standard,P001,58,0.978436,0.979418,0,0
standard,P001,59,0.973026,0.97644,0,0
standard,P001,60,0.962455,0.97679,0,0
standard,P001,61,0.989404,0.977926,0,0
standard,P001,62,0.983395,0.983395,0,0
standard,P001,63,0.965092,0.984942,0,0
standard,P001,64,0.979074,0.979287,0,0
standard,P001,65,0.982057,0.982019,0,0
standard,P001,66,0.994483,0.994483,0,0
standard,P001,67,0.976231,0.987944,0,0
standard,P001,68,0.99414,0.99414,0,0
standard,P001,69,0.973611,0.987877,0,0
standard,P001,70,0.919775,0.985096,0,0
standard,P001,71,0.965957,0.983848,0,0
standard,P001,72,0.990078,0.990078,0,0
standard,P001,73,0.978693,0.982357,0,0
standard,P001,74,0.990721,0.990721,0,0
standard,P001,75,0.97554,0.97554,0,0
standard,P001,76,0.968093,0.986222,0,0
standard,P001,77,0.983571,0.983002,0,0
standard,P001,78,0.987061,0.987061,0,0
standard,P001,79,0.991383,0.991383,0,0
standard,P001,80,0.973933,0.987533,0,0
standard,P001,81,0.954036,0.985145,0,0
standard,P001,82,0.910518,0.981381,0,0
standard,P001,83,0.917787,0.982329,0,0
standard,P001,84,0.963262,0.974566,0,0
standard,P001,85,0.985531,0.985531,0,0
standard,P001,86,0.915481,0.973466,0,0
standard,P001,87,0.92486,0.97913,0,0
standard,P001,88,0.98613,0.98613,0,0
standard,P001,89,0.970776,0.978082,0,0
standard,P001,90,0.974146,0.985144,0,0
standard,P001,91,0.969159,0.980374,0,0
standard,P001,92,0.971811,0.9613,0,0
standard,P001,93,0.96892,0.9778,0,0
standard,P001,94,0.981726,0.979928,0,0
standard,P001,95,0.981949,0.981443,0,0
standard,P001,96,0.977273,0.978283,0,0
standard,P001,97,0.968107,0.978328,0,0
standard,P001,98,0.961578,0.983846,0,0
standard,P001,99,0.978341,0.977801,0,0
standard,P001,100,0.954382,0.947207,0,0
standard,P001,101,0.976471,0.976471,0,0
standard,P001,102,0.975279,0.975279,0,0
standard,P001,103,0.726361,0.742877,0,0
standard,P001,104,0.96445,0.960549,0,0
standard,P001,105,0.974883,0.974702,0,0
standard,P001,106,0.948976,0.947241,0,0
standard,P001,107,0.936478,0.971698,0,0
standard,P001,108,0.846322,0.961789,0,0
standard,P001,109,0.975109,0.968963,0,0
standard,P001,110,0.826997,0.930641,0,0
standard,P001,111,0.743288,0.91026,0,0
standard,P001,112,0.883606,0.93428,0,0
standard,P001,113,0.961899,0.965416,0,0
standard,P001,114,0.786572,0.909532,0,0
standard,P001,115,0.75537,0.89375,0,0
standard,P001,116,0.979703,0.981577,0,0
standard,P001,117,0.973005,0.973005,0,0
standard,P001,118,0.774263,0.908456,0,0
standard,P001,119,0.951316,0.982682,0,0
standard,P001,120,0.919759,0.957024,0,0
standard,P001,121,0.965217,0.981726,0,0
standard,P001,122,0.907736,0.973787,0,0
standard,P001,123,0.950656,0.972376,0,0
standard,P001,124,0.953878,0.976939,0,0
standard,P001,125,0.960601,0.980957,0,0
standard,P001,126,0.984912,0.984912,0,0
standard,P001,127,0.921312,0.962705,0,0
standard,P001,128,0.906839,0.972742,0,0
standard,P001,129,0.92674,0.974439,0,0
standard,P001,130,0.9284,0.965278,0,0
standard,P001,131,0.953527,0.977522,0,0
standard,P001,132,0.981729,0.97807,0,0
standard,P001,133,0.979235,0.979235,0,0
standard,P001,134,0.932297,0.983561,0,0
standard,P001,135,0.952025,0.968373,0,0
standard,P001,136,0.816009,0.956571,0,0
standard,P001,137,0.966116,0.967742,0,0
standard,P001,138,0.955905,0.955905,0,0
standard,P001,139,0.898632,0.898632,0,0
standard,P001,140,0.88358,0.941762,0,0
standard,P001,141,0.836325,0.941999,0,0
standard,P001,142,0.945431,0.974274,0,0
standard,P001,143,0.832247,0.900709,0,0
standard,P011,1,0.996161,0.996161,0,0
standard,P011,2,0.995845,0.995845,0,0
standard,P011,3,0.996181,0.996181,0,0
standard,P011,4,0.997149,0.997149,0,0
standard,P011,5,0.996531,0.996531,0,0
standard,P011,6,0.99811,0.99811,0,0
standard,P011,7,0.997481,0.997481,0,0
standard,P011,8,0.996231,0.996231,0,0
standard,P011,9,0.994676,0.994676,0,0
standard,P011,10,0.995641,0.995641,0,0
standard,P011,11,0.992583,0.992583,0,0
standard,P011,12,0.993536,0.993536,0,0
standard,P011,13,0.9917,0.9917,0,0
standard,P011,14,0.996619,0.996619,0,0
standard,P011,15,0.990764,0.990764,0,0
standard,P011,16,0.995991,0.995991,0,0
standard,P011,17,0.991602,0.991602,0,0
standard,P011,18,0.986658,0.986658,0,0
standard,P011,19,0.986328,0.986328,0,0
standard,P011,20,0.980053,0.980053,0,0
standard,P011,21,0.98655,0.98655,0,0
standard,P011,22,0.99193,0.986116,0,0
standard,P011,23,0.9833,0.990027,0,0
standard,P011,24,0.977355,0.985036,0,0
standard,P011,25,0.976015,0.979101,0,0
standard,P011,26,0.970916,0.966912,0,0
standard,P011,27,0.980787,0.982774,0,0
standard,P011,28,0.981436,0.97546,0,0
standard,P011,29,0.96129,0.956633,0,0
standard,P011,30,0.951001,0.954235,0,0
standard,P011,31,0.942589,0.942589,0,0
standard,P011,32,0.97191,0.97191,0,0
standard,P011,33,0.984191,0.985111,0,0
standard,P011,34,0.986889,0.984579,0,0
standard,P011,35,0.984532,0.987332,0,0
standard,P011,36,0.991667,0.987561,0,0
standard,P011,37,0.986837,0.986837,0,0
standard,P011,38,0.99095,0.99095,0,0
standard,P011,39,0.994701,0.994701,0,0
standard,P011,40,0.989722,0.989722,0,0
standard,P011,41,0.990381,0.990381,0,0
standard,P011,42,0.991857,0.991857,0,0
standard,P011,43,0.990618,0.990618,0,0
standard,P011,44,0.994876,0.994876,0,0
standard,P011,45,0.992511,0.992511,0,0
standard,P011,46,0.990185,0.990185,0,0
standard,P011,47,0.97165,0.972028,0,0
standard,P011,48,0.976462,0.976462,0,0
standard,P011,49,0.987691,0.988095,0,0
standard,P011,50,0.985915,0.985915,0,0
standard,P011,51,0.99593,0.99593,0,0
standard,P011,52,0.99007,0.99007,0,0
standard,P011,53,0.987472,0.987472,0,0
standard,P011,54,0.982456,0.982456,0,0
standard,P011,55,0.987664,0.987664,0,0
standard,P011,56,0.98415,0.98415,0,0
standard,P011,57,0.989534,0.989534,0,0
standard,P011,58,0.988893,0.988893,0,0
standard,P011,59,0.977314,0.978038,0,0
standard,P011,60,0.989595,0.989595,0,0
standard,P011,61,0.993222,0.993222,0,0
standard,P011,62,0.992832,0.992832,0,0
standard,P011,63,0.994968,0.994968,0,0
standard,P011,64,0.993553,0.993553,0,0
standard,P011,65,0.996782,0.996782,0,0
standard,P011,66,0.996789,0.996789,0,0
standard,P011,67,0.992883,0.992883,0,0
standard,P011,68,0.995739,0.995739,0,0
standard,P011,69,0.99576,0.99576,0,0
standard,P011,70,0.992603,0.992603,0,0
standard,P011,71,0.992613,0.992613,0,0
standard,P011,72,0.998946,0.998946,0,0
standard,P011,73,0.996486,0.996486,0,0
standard,P011,74,0.991927,0.991927,0,0
standard,P011,75,0.988053,0.98768,0,0
standard,P011,76,0.991887,0.991887,0,0
standard,P011,77,0.988628,0.988277,0,0
standard,P011,78,0.992126,0.992126,0,0
standard,P011,79,0.988821,0.986321,0,0
standard,P011,80,0.982418,0.982418,0,0
standard,P011,81,0.989622,0.981371,0,0
standard,P011,82,0.978261,0.987141,0,0
standard,P011,83,0.987033,0.980799,0,0
standard,P011,84,0.990755,0.973349,0,0
standard,P011,85,0.989571,0.976006,0,0
standard,P011,86,0.990705,0.981337,0,0
standard,P011,87,0.972006,0.985893,0,0
standard,P011,88,0.99376,0.9914,0,0
standard,P011,89,0.989474,0.984676,0,0
standard,P011,90,0.994152,0.994152,0,0
standard,P011,91,0.992169,0.992169,0,0
standard,P011,92,0.991742,0.991742,0,0
standard,P011,93,0.976944,0.975515,0,0
standard,P011,94,0.988816,0.98645,0,0
standard,P011,95,0.986616,0.980916,0,0
standard,P011,96,0.993519,0.990875,0,0
standard,P011,97,0.986963,0.986963,0,0
standard,P011,98,0.991876,0.991876,0,0
standard,P011,99,0.982045,0.982045,0,0
standard,P011,100,0.976578,0.976522,0,0
standard,P011,101,0.993159,0.993159,0,0
standard,P011,102,0.987815,0.987815,0,0
standard,P011,103,0.981481,0.981481,0,0
standard,P011,104,0.984338,0.984338,0,0
standard,P011,105,0.98151,0.98151,0,0
standard,P011,106,0.985075,0.985075,0,0
standard,P011,107,0.993125,0.991577,0,0
standard,P011,108,0.98318,0.98318,0,0
standard,P011,109,0.990826,0.990826,0,0
standard,P011,110,0.981118,0.981118,0,0
standard,P011,111,0.97821,0.97821,0,0
standard,P011,112,0.992969,0.992969,0,0
standard,P011,113,0.991061,0.991061,0,0
standard,P011,114,0.993449,0.993449,0,0
standard,P011,115,0.991926,0.991926,0,0
standard,P011,116,0.995399,0.995399,0,0
standard,P011,117,0.995013,0.995013,0,0
standard,P011,118,0.996928,0.996928,0,0
standard,P011,119,0.993884,0.993884,0,0
standard,P011,120,0.994661,0.994661,0,0
standard,P011,121,0.998086,0.998086,0,0
standard,P011,122,0.995385,0.995385,0,0
standard,P011,123,0.995363,0.995363,0,0
standard,P011,124,0.987654,0.987654,0,0
standard,P011,125,0.984164,0.984164,0,0
standard,P011,126,0.98798,0.98798,0,0
standard,P011,127,0.985362,0.985362,0,0
standard,P011,128,0.987814,0.987814,0,0
standard,P011,129,0.988262,0.988262,0,0
standard,P011,130,0.99093,0.99093,0,0
standard,P011,131,0.992048,0.992048,0,0
standard,P011,132,0.992024,0.992024,0,0
standard,P011,133,0.993145,0.993145,0,0
standard,P011,134,0.990061,0.990061,0,0
standard,P011,135,0.988541,0.988541,0,0
standard,P011,136,0.992,0.992,0,0
standard,P011,137,0.991629,0.991629,0,0
standard,P011,138,0.989784,0.990591,0,0
standard,P011,139,0.991004,0.991004,0,0
standard,P011,140,0.972182,0.977166,0,0
standard,P011,141,0.978018,0.968391,0,0
standard,P011,142,0.980152,0.984637,0,0
standard,P011,143,0.981858,0.9718,0,0
standard,P011,144,0.971743,0.975628,0,0
standard,P011,145,0.973607,0.985444,0,0
standard,P011,146,0.961067,0.968481,0,0
standard,P011,147,0.990754,0.978422,0,0
standard,P011,148,0.984127,0.974878,0,0
standard,P011,149,0.945078,0.97072,0,0
standard,P011,150,0.989101,0.969121,0,0
standard,P011,151,0.987487,0.971371,0,0
standard,P011,152,0.991973,0.984,0,0
standard,P011,153,0.973244,0.977145,0,0
standard,P011,154,0.988855,0.977449,0,0
standard,P011,155,0.96741,0.984636,0,0
standard,P011,156,0.99757,0.99757,0,0
standard,P011,157,0.994772,0.994772,0,0
standard,P011,158,0.986416,0.986111,0,0
standard,P011,159,0.989948,0.989948,0,0
standard,P011,160,0.957,0.979296,0,0
standard,P011,161,0.982888,0.982888,0,0
standard,P011,162,0.995899,0.995899,0,0
standard,P011,163,0.994196,0.994196,0,0
standard,P011,164,0.996925,0.996925,0,0
standard,P011,165,0.998635,0.998635,0,0
standard,P011,166,0.997273,0.997273,0,0
standard,P011,167,0.99694,0.99694,0,0
standard,P011,168,0.99966,0.99966,0,0
standard,P011,169,0.998299,0.998299,0,0
standard,P011,170,0.995902,0.995902,0,0
standard,P011,171,0.996232,0.996232,0,0
standard,P011,172,0.99691,0.99691,0,0
standard,P011,173,0.998281,0.998281,0,0
standard,P011,174,0.998284,0.998284,0,0
standard,P011,175,0.996571,0.996571,0,0
standard,P011,176,0.993486,0.993486,0,0
standard,P011,177,0.995202,0.995202,0,0
standard,P011,178,0.995202,0.995202,0,0
standard,P011,179,0.995899,0.995899,0,0
standard,P011,180,0.985289,0.985289,0,0
standard,P011,181,0.994517,0.994517,0,0
standard,P011,182,0.995902,0.995902,0,0
standard,P011,183,0.990411,0.990411,0,0
standard,P011,184,0.982199,0.980709,0,0
standard,P011,185,0.976344,0.981962,0,0
standard,P011,186,0.98274,0.977037,0,0
standard,P011,187,0.976431,0.953764,0,0
standard,P011,188,0.984487,0.964598,0,0
standard,P011,189,0.989305,0.97687,0,0
standard,P011,190,0.98458,0.968069,0,0
standard,P011,191,0.987664,0.973204,0,0
standard,P011,192,0.986883,0.982087,0,0
standard,P011,193,0.99261,0.97884,0,0
standard,P011,194,0.984603,0.98215,0,0
standard,P011,195,0.978689,0.978896,0,0
standard,P011,196,0.990268,0.990268,0,0
standard,P011,197,0.988264,0.988264,0,0
standard,P011,198,0.989196,0.989196,0,0
standard,P011,199,0.989756,0.989756,0,0
standard,P012,1,0.974231,0.974743,0,0
standard,P012,2,0.988327,0.988327,0,0
standard,P012,3,0.815982,0.95388,0,0
standard,P012,4,0.969143,0.984678,0,0
standard,P012,5,0.984988,0.980675,0,0
standard,P012,6,0.972182,0.972182,0,0
standard,P012,7,0.968457,0.96968,0,0
standard,P012,8,0.96697,0.979873,0,0
standard,P012,9,0.997729,0.997729,0,0
standard,P012,10,0.878239,0.951076,0,0
standard,P012,11,0.971948,0.983633,0,0
standard,P012,12,0.917231,0.968524,0,0
standard,P012,13,0.930999,0.972336,0,0
standard,P012,14,0.966395,0.980472,0,0
standard,P012,15,0.966801,0.977057,0,0
standard,P012,16,0.967359,0.982767,0,0
standard,P012,17,0.979781,0.982533,0,0
standard,P012,18,0.970539,0.974702,0,0
standard,P012,19,0.986547,0.986314,0,0
standard,P012,20,0.983852,0.981456,0,0
standard,P012,21,0.989277,0.988383,0,0
standard,P012,22,0.92645,0.979127,0,0
standard,P012,23,0.989084,0.989084,0,0
standard,P012,24,0.984142,0.986184,0,0
standard,P012,25,0.989544,0.989314,0,0
standard,P012,26,0.915048,0.977601,0,0
standard,P012,27,0.982981,0.983215,0,0
standard,P012,28,0.93293,0.975046,0,0
standard,P012,29,0.987234,0.987234,0,0
standard,P012,30,0.990795,0.990795,0,0
standard,P012,31,0.987383,0.986034,0,0
standard,P012,32,0.993973,0.993973,0,0
standard,P012,33,0.984296,0.984758,0,0
standard,P012,34,0.930032,0.979555,0,0
standard,P012,35,0.994865,0.994865,0,0
standard,P012,36,0.991099,0.991099,0,0
standard,P012,37,0.924871,0.975423,0,0
standard,P012,38,0.988881,0.988881,0,0
standard,P012,39,0.991967,0.991967,0,0
standard,P012,40,0.979288,0.984157,0,0
standard,P012,41,0.975484,0.98309,0,0
standard,P012,42,0.989734,0.989734,0,0
standard,P012,43,0.991767,0.991767,0,0
standard,P012,44,0.987724,0.987724,0,0
standard,P012,45,0.927103,0.972885,0,0
standard,P012,46,0.91729,0.978312,0,0
standard,P012,47,0.992901,0.992901,0,0
standard,P012,48,0.924057,0.974057,0,0
standard,P012,49,0.988717,0.986717,0,0
standard,P012,50,0.988174,0.981446,0,0
standard,P012,51,0.977589,0.983412,0,0
standard,P012,52,0.912497,0.979827,0,0
standard,P012,53,0.985949,0.983544,0,0
standard,P012,54,0.977055,0.982651,0,0
standard,P012,55,0.951143,0.979182,0,0
standard,P012,56,0.989149,0.971858,0,0
standard,P012,57,0.970431,0.986447,0,0
standard,P012,58,0.987654,0.987654,0,0
standard,P012,59,0.986071,0.986071,0,0
standard,P012,60,0.926184,0.980732,0,0
standard,P012,61,0.994909,0.994909,0,0
standard,P012,62,0.985977,0.985977,0,0
standard,P012,63,0.993004,0.993004,0,0
standard,P012,64,0.987189,0.987189,0,0
standard,P012,65,0.985039,0.983918,0,0
standard,P012,66,0.992795,0.992795,0,0
standard,P012,67,0.987946,0.987946,0,0
standard,P012,68,0.984413,0.984413,0,0
standard,P012,69,0.970798,0.985957,0,0
standard,P012,70,0.976378,0.988731,0,0
standard,P012,71,0.909854,0.972229,0,0
standard,P012,72,0.919621,0.976931,0,0
standard,P012,73,0.92442,0.980382,0,0
standard,P012,74,0.997768,0.997768,0,0
standard,P012,75,0.994538,0.994538,0,0
standard,P012,76,0.994772,0.994772,0,0
standard,P012,77,0.923535,0.975281,0,0
standard,P012,78,0.992355,0.992355,0,0
standard,P012,79,0.987999,0.987999,0,0
standard,P012,80,0.990027,0.990027,0,0
standard,P012,81,0.987612,0.987612,0,0
standard,P012,82,0.985826,0.985826,0,0
standard,P012,83,0.98116,0.984258,0,0
standard,P012,84,0.980526,0.978909,0,0
standard,P012,85,0.986486,0.985452,0,0
standard,P012,86,0.993298,0.993298,0,0
standard,P012,87,0.970631,0.98275,0,0
standard,P012,88,0.971305,0.985125,0,0
standard,P012,89,0.891756,0.97561,0,0
standard,P012,90,0.901246,0.978967,0,0
standard,P012,91,0.991082,0.991082,0,0
standard,P012,92,0.98687,0.98687,0,0
standard,P012,93,0.995025,0.995025,0,0
standard,P012,94,0.990236,0.990236,0,0
standard,P012,95,0.993077,0.993077,0,0
standard,P012,96,0.993824,0.993824,0,0
standard,P012,97,0.999526,0.999526,0,0
standard,P012,98,0.988785,0.988785,0,0
standard,P012,99,0.982173,0.982173,0,0
standard,P012,100,0.92547,0.974549,0,0
standard,P012,101,0.990371,0.988437,0,0
standard,P012,102,0.900826,0.973751,0,0
standard,P012,103,0.980014,0.98186,0,0
standard,P012,104,0.915525,0.971258,0,0
standard,P012,105,0.90274,0.973599,0,0
standard,P012,106,0.983098,0.983698,0,0
standard,P012,107,0.965244,0.982391,0,0
standard,P012,108,0.987122,0.987122,0,0
standard,P012,109,0.983746,0.983746,0,0
standard,P012,110,0.998819,0.998819,0,0
standard,P012,111,0.983139,0.982181,0,0
standard,P012,112,0.990184,0.988303,0,0
standard,P012,113,0.978476,0.978887,0,0
standard,P012,114,0.965551,0.980718,0,0
standard,P012,115,0.901583,0.958457,0,0
standard,P012,116,0.979813,0.975207,0,0
standard,P012,117,0.916708,0.969727,0,0
standard,P012,118,0.928713,0.974499,0,0
standard,P012,119,0.984789,0.984367,0,0
standard,P012,120,0.988478,0.988478,0,0
standard,P012,121,0.999265,0.999265,0,0
standard,P012,122,0.990439,0.989696,0,0
standard,P012,123,0.985104,0.985104,0,0
standard,P012,124,0.99023,0.99023,0,0
standard,P012,125,0.98224,0.98224,0,0
standard,P012,126,0.966281,0.979478,0,0
standard,P012,127,0.974281,0.991414,0,0
standard,P012,128,0.984537,0.984537,0,0
standard,P012,129,0.967067,0.978143,0,0
standard,P012,130,0.962679,0.985722,0,0
standard,P012,131,0.993672,0.993672,0,0
standard,P012,132,0.920708,0.982456,0,0
standard,P012,133,0.98748,0.98748,0,0
standard,P012,134,0.991132,0.991132,0,0
standard,P012,135,0.9287,0.979686,0,0
standard,P012,136,0.986448,0.986448,0,0
standard,P012,137,0.983896,0.983896,0,0
standard,P012,138,0.993946,0.993946,0,0
standard,P012,139,0.994186,0.994186,0,0
standard,P012,140,0.991291,0.991291,0,0
standard,P012,141,0.988384,0.988384,0,0
standard,P012,142,0.987457,0.987457,0,0
standard,P012,143,0.992169,0.992169,0,0
standard,P012,144,0.993256,0.993256,0,0
standard,P012,145,0.983033,0.983033,0,0
standard,P012,146,0.994612,0.994612,0,0
standard,P019,1,0.981755,0.980736,0,0
standard,P019,2,0.984348,0.974783,0,0
standard,P019,3,0.987931,0.987931,0,0
standard,P019,4,0.991884,0.991884,0,0
standard,P019,5,0.995333,0.995333,0,0
standard,P019,6,0.983411,0.983411,0,0
standard,P019,7,0.994475,0.994475,0,0
standard,P019,8,0.987267,0.987267,0,0
standard,P019,9,0.990209,0.990209,0,0
standard,P019,10,0.990638,0.990638,0,0
standard,P019,11,0.990606,0.990606,0,0
standard,P019,12,0.993133,0.993133,0,0
standard,P019,13,0.991342,0.991342,0,0
standard,P019,14,0.995648,0.995648,0,0
standard,P019,15,0.990401,0.990401,0,0
standard,P019,16,0.99519,0.99519,0,0
standard,P019,17,0.990802,0.990802,0,0
standard,P019,18,0.99297,0.99297,0,0
standard,P019,19,0.99561,0.99561,0,0
standard,P019,20,0.995161,0.995161,0,0
standard,P019,21,0.993843,0.993843,0,0
standard,P019,22,0.996065,0.996065,0,0
standard,P019,23,0.990435,0.990435,0,0
standard,P019,24,0.984789,0.984789,0,0
standard,P019,25,0.989135,0.989135,0,0
standard,P019,26,0.996958,0.996958,0,0
standard,P019,27,0.989987,0.989987,0,0
standard,P019,28,0.993464,0.993464,0,0
standard,P019,29,0.992167,0.992167,0,0
standard,P019,30,0.991721,0.991721,0,0
standard,P019,31,0.991297,0.991297,0,0
standard,P019,32,0.98392,0.98392,0,0
standard,P019,33,0.995641,0.995641,0,0
standard,P019,34,0.995207,0.995207,0,0
standard,P019,35,0.989501,0.989501,0,0
standard,P019,36,0.990842,0.990842,0,0
standard,P019,37,0.993945,0.993945,0,0
standard,P019,38,0.995686,0.995686,0,0
standard,P019,39,0.990493,0.990493,0,0
standard,P019,40,0.99437,0.99437,0,0
standard,P019,41,0.991793,0.991793,0,0
standard,P019,42,0.982906,0.982906,0,0
standard,P019,43,0.993668,0.993668,0,0
standard,P019,44,0.985738,0.985738,0,0
standard,P019,45,0.995826,0.995826,0,0
standard,P019,46,0.995826,0.995826,0,0
standard,P019,47,0.988225,0.97395,0,0
standard,P019,48,0.975899,0.977815,0,0
standard,P019,49,0.988055,0.986803,0,0
standard,P019,50,0.980936,0.975986,0,0
standard,P019,51,0.961702,0.952826,0,0
standard,P019,52,0.955075,0.919188,0,0
standard,P019,53,0.96448,0.9455,0,0
standard,P019,54,0.942979,0.968099,0,0
standard,P019,55,0.948975,0.966234,0,0
standard,P019,56,0.930094,0.920051,0,0
standard,P019,57,0.96339,0.981595,0,0
standard,P019,58,0.959184,0.972245,0,0
standard,P019,59,0.967427,0.983299,0,0
standard,P019,60,0.982829,0.982829,0,0
standard,P019,61,0.98658,0.98658,0,0
standard,P019,62,0.983421,0.9911,0,0
standard,P019,63,0.965822,0.98063,0,0
standard,P019,64,0.920587,0.930075,0,0
standard,P019,65,0.949398,0.947006,0,0
standard,P019,66,0.953368,0.950032,0,0
standard,P019,67,0.986005,0.986005,0,0
standard,P019,68,0.990385,0.990385,0,0
standard,P019,69,0.992,0.992,0,0
standard,P019,70,0.990458,0.990458,0,0
standard,P019,71,0.990837,0.990837,0,0
standard,P019,72,0.987421,0.987421,0,0
standard,P019,73,0.990912,0.990912,0,0
standard,P019,74,0.989912,0.989912,0,0
standard,P019,75,0.975842,0.975842,0,0
standard,P019,76,0.987122,0.987122,0,0
standard,P019,77,0.985593,0.985593,0,0
standard,P019,78,0.989011,0.989011,0,0
standard,P019,79,0.990213,0.990213,0,0
standard,P019,80,0.97186,0.97186,0,0
standard,P019,81,0.963415,0.972816,0,0
standard,P019,82,0.984513,0.984513,0,0
standard,P019,83,0.941869,0.986755,0,0
standard,P019,84,0.97979,0.97979,0,0
standard,P019,85,0.987072,0.987072,0,0
standard,P019,86,0.981161,0.981161,0,0
standard,P019,87,0.986122,0.986122,0,0
standard,P019,88,0.988217,0.988217,0,0
standard,P019,89,0.99093,0.99093,0,0
standard,P019,90,0.987823,0.987823,0,0
standard,P019,91,0.978074,0.978074,0,0
standard,P019,92,0.987271,0.987271,0,0
standard,P019,93,0.971315,0.973872,0,0
standard,P019,94,0.961049,0.962933,0,0
standard,P019,95,0.95375,0.969887,0,0
standard,P019,96,0.955556,0.960123,0,0
standard,P019,97,0.950247,0.959538,0,0
standard,P019,98,0.955766,0.973485,0,0
standard,P019,99,0.908944,0.886086,0,0
standard,P019,100,0.912049,0.898857,0,0
standard,P019,101,0.957342,0.952931,0,0
standard,P019,102,0.986155,0.986155,0,0
standard,P019,103,0.976848,0.971812,0,0
standard,P019,104,0.965424,0.965424,0,0
standard,P019,105,0.958161,0.983441,0,0
standard,P019,106,0.965679,0.982605,0,0
standard,P019,107,0.979611,0.973921,0,0
standard,P019,108,0.97351,0.979186,0,0
standard,P019,109,0.988732,0.988732,0,0
standard,P019,110,0.983146,0.973772,0,0
standard,P019,111,0.992488,0.992488,0,0
standard,P019,112,0.985915,0.985915,0,0
standard,P019,113,0.995318,0.995318,0,0
standard,P019,114,0.996718,0.996718,0,0
standard,P019,115,0.991549,0.991549,0,0
standard,P019,116,0.993446,0.993446,0,0
standard,P019,117,0.982309,0.982309,0,0
standard,P019,118,0.978271,0.978271,0,0
standard,P019,119,0.986059,0.986059,0,0
standard,P019,120,0.994833,0.994833,0,0
standard,P019,121,0.984038,0.978137,0,0
standard,P020,1,0.988336,0.988336,0,0
standard,P020,2,0.996616,0.996616,0,0
standard,P020,3,0.993799,0.993799,0,0
standard,P020,4,0.991304,0.991304,0,0
standard,P020,5,0.993552,0.993552,0,0
standard,P020,6,0.990346,0.990346,0,0
standard,P020,7,0.992292,0.992292,0,0
standard,P020,8,0.98705,0.98705,0,0
standard,P020,9,0.991096,0.991096,0,0
standard,P020,10,0.991902,0.991902,0,0
standard,P020,11,0.992709,0.992709,0,0
standard,P020,12,0.988764,0.988764,0,0
standard,P020,13,0.993817,0.993817,0,0
standard,P020,14,0.994688,0.994688,0,0
standard,P020,15,0.994463,0.994463,0,0
standard,P020,16,0.996135,0.996135,0,0
standard,P020,17,0.989277,0.989277,0,0
standard,P020,18,0.99455,0.99455,0,0
standard,P020,19,0.986999,0.986999,0,0
standard,P020,20,0.968079,0.968079,0,0
standard,P020,21,0.946322,0.976718,0,0
standard,P020,22,0.971088,0.979741,0,0
standard,P020,23,0.976848,0.980121,0,0
standard,P020,24,0.980706,0.986907,0,0
standard,P020,25,0.976567,0.9787,0,0
standard,P020,26,0.980032,0.983906,0,0
standard,P020,27,0.98255,0.983187,0,0
standard,P020,28,0.980318,0.980497,0,0
standard,P020,29,0.970185,0.983222,0,0
standard,P020,30,0.987543,0.988936,0,0
standard,P020,31,0.992109,0.992109,0,0
standard,P020,32,0.989578,0.989578,0,0
standard,P020,33,0.991228,0.991228,0,0
standard,P020,34,0.989381,0.989381,0,0
standard,P020,35,0.986722,0.986722,0,0
standard,P020,36,0.98888,0.984876,0,0
standard,P020,37,0.990812,0.990812,0,0
standard,P020,38,0.980876,0.983,0,0
standard,P020,39,0.989076,0.989076,0,0
standard,P020,40,0.98545,0.98545,0,0
standard,P020,41,0.990392,0.990392,0,0
standard,P020,42,0.995558,0.995558,0,0
standard,P020,43,0.99604,0.99604,0,0
standard,P020,44,0.995265,0.995265,0,0
standard,P020,45,0.995728,0.995728,0,0
standard,P020,46,0.993414,0.993414,0,0
standard,P020,47,0.996432,0.996432,0,0
standard,P020,48,0.984725,0.984725,0,0
standard,P020,49,0.994419,0.994419,0,0
standard,P020,50,0.984367,0.984367,0,0
standard,P020,51,0.992715,0.992715,0,0
standard,P020,52,0.976111,0.976111,0,0
standard,P020,53,0.988079,0.988079,0,0
standard,P020,54,0.985203,0.985203,0,0
standard,P020,55,0.995947,0.995947,0,0
standard,P020,56,0.991426,0.991426,0,0
standard,P020,57,0.987382,0.987382,0,0
standard,P020,58,0.990461,0.990461,0,0
standard,P020,59,0.987355,0.987355,0,0
standard,P020,60,0.993519,0.993519,0,0
standard,P020,61,0.995284,0.995284,0,0
standard,P020,62,0.996045,0.996045,0,0
standard,P020,63,0.994824,0.994824,0,0
standard,P020,64,0.996053,0.996053,0,0
standard,P020,65,0.985551,0.985551,0,0
standard,P020,66,0.984608,0.984608,0,0
standard,P020,67,0.991388,0.991388,0,0
standard,P020,68,0.988098,0.988098,0,0
standard,P020,69,0.990164,0.987952,0,0
standard,P020,70,0.975142,0.97408,0,0
standard,P020,71,0.97841,0.978209,0,0
standard,P020,72,0.991105,0.991105,0,0
standard,P020,73,0.994138,0.994138,0,0
standard,P020,74,0.987001,0.987654,0,0
standard,P020,75,0.988694,0.987409,0,0
standard,P020,76,0.959388,0.967726,0,0
standard,P020,77,0.977326,0.980701,0,0
standard,P020,78,0.977885,0.989054,0,0
standard,P020,79,0.981188,0.984792,0,0
standard,P020,80,0.98481,0.989308,0,0
standard,P020,81,0.987113,0.987113,0,0
standard,P020,82,0.98949,0.98949,0,0
standard,P020,83,0.989942,0.989942,0,0
standard,P020,84,0.992612,0.992612,0,0
standard,P020,85,0.994463,0.994463,0,0
standard,P020,86,0.98813,0.98813,0,0
standard,P020,87,0.990281,0.990281,0,0
standard,P020,88,0.993707,0.993707,0,0
standard,P020,89,0.989663,0.989663,0,0
standard,P020,90,0.986516,0.986516,0,0
standard,P020,91,0.993182,0.993182,0,0
standard,P020,92,0.99044,0.99044,0,0
standard,P020,93,0.987232,0.987232,0,0
standard,P020,94,0.992135,0.992135,0,0
standard,P020,95,0.989047,0.989047,0,0
standard,P020,96,0.984811,0.984811,0,0
standard,P020,97,0.986784,0.986784,0,0
standard,P020,98,0.991185,0.991185,0,0
standard,P020,99,0.979466,0.979466,0,0
standard,P020,100,0.990515,0.990515,0,0
standard,P020,101,0.985066,0.985066,0,0
standard,P020,102,0.986418,0.986418,0,0
standard,P021,1,0.935223,0.935223,0,0
standard,P021,2,0.938697,0.938697,0,0
standard,P021,3,0.880131,0.880131,0,0
standard,P021,4,0.941844,0.941844,0,0
standard,P021,5,0.960106,0.960106,0,0
standard,P021,6,0.963158,0.963158,0,0
standard,P021,7,0.983827,0.983827,0,0
standard,P021,8,0.948229,0.948229,0,0
standard,P021,9,0.923077,0.921596,0,0
standard,P021,10,0.84375,0.85049,0,0
standard,P021,11,0.875,0.880626,0,0
standard,P021,12,0.831976,0.828207,0,0
standard,P021,13,0.947048,0.947048,0,0
standard,P021,14,0.97619,0.97619,0,0
standard,P021,15,0.964731,0.964731,0,0
standard,P021,16,0.979937,0.979937,0,0
standard,P021,17,0.977188,0.977188,0,0
standard,P021,18,0.960795,0.960795,0,0
standard,P021,19,0.896161,0.896161,0,0
standard,P021,20,0.82991,0.829228,0,0
standard,P021,21,0.854928,0.854928,0,0
standard,P021,22,0.775385,0.774194,0,0
standard,P021,23,0.810811,0.794702,0,0
standard,P021,24,0.713911,0.713911,0,0
standard,P021,25,0.8125,0.8125,0,0
standard,P021,26,0.9,0.9,0,0
standard,P021,27,0.850174,0.850174,0,0
standard,P021,28,0.865672,0.865672,0,0
standard,P021,29,0.849673,0.85342,0,0
standard,P021,30,0.847059,0.847059,0,0
standard,P021,31,0.702381,0.702381,0,0
standard,P021,32,0.663934,0.663934,0,0
standard,P021,33,0.819095,0.819095,0,0
standard,P021,34,0.874353,0.873942,0,0
standard,P021,35,0.896249,0.896249,0,0
standard,P021,36,0.916996,0.916996,0,0
standard,P021,37,0.951171,0.951171,0,0
standard,P021,38,0.984211,0.984211,0,0
standard,P021,39,0.974908,0.974908,0,0
standard,P021,40,0.96727,0.961911,0,0
standard,P021,41,0.976932,0.976932,0,0
standard,P021,42,0.989434,0.989434,0,0
standard,P021,43,0.972973,0.972973,0,0
standard,P021,44,0.973845,0.974597,0,0
standard,P021,45,0.986282,0.986282,0,0
standard,P021,46,0.988523,0.988523,0,0
standard,P021,47,0.992114,0.992114,0,0
standard,P021,48,0.984021,0.984021,0,0
standard,P021,49,0.990886,0.990886,0,0
standard,P021,50,0.987478,0.987478,0,0
standard,P021,51,0.983629,0.983629,0,0
standard,P021,52,0.992083,0.992083,0,0
standard,P021,53,0.983287,0.983287,0,0
standard,P021,54,0.987584,0.987584,0,0
standard,P021,55,0.959445,0.96996,0,0
standard,P021,56,0.97037,0.983558,0,0
standard,P021,57,0.981227,0.981227,0,0
standard,P021,58,0.990864,0.990864,0,0
standard,P021,59,0.99131,0.99131,0,0
standard,P021,60,0.989612,0.989612,0,0
standard,P021,61,0.984028,0.984028,0,0
standard,P021,62,0.986572,0.986572,0,0
standard,P021,63,0.985225,0.985225,0,0
standard,P021,64,0.9881,0.9881,0,0
standard,P021,65,0.978918,0.978918,0,0
standard,P021,66,0.982192,0.982192,0,0
standard,P021,67,0.986329,0.986329,0,0
standard,P021,68,0.990404,0.990404,0,0
standard,P021,69,0.978427,0.978427,0,0
standard,P021,70,0.976327,0.976327,0,0
standard,P021,71,0.956105,0.956105,0,0
standard,P021,72,0.962006,0.962006,0,0
standard,P021,73,0.973465,0.973465,0,0
standard,P021,74,0.971978,0.971978,0,0
standard,P021,75,0.977691,0.977691,0,0
standard,P021,76,0.964912,0.964912,0,0
standard,P021,77,0.988385,0.988385,0,0
standard,P021,78,0.986032,0.986032,0,0
standard,P021,79,0.974359,0.974359,0,0
standard,P021,80,0.987585,0.987585,0,0
standard,P021,81,0.991857,0.991857,0,0
standard,P021,82,0.983824,0.983824,0,0
standard,P021,83,0.990364,0.990364,0,0
standard,P021,84,0.984258,0.984258,0,0
standard,P021,85,0.977815,0.977815,0,0
standard,P021,86,0.96959,0.96959,0,0
standard,P021,87,0.968735,0.968735,0,0
standard,P021,88,0.975945,0.975945,0,0
standard,P021,89,0.977822,0.977822,0,0
standard,P021,90,0.971483,0.971483,0,0
standard,P021,91,0.965079,0.965079,0,0
standard,P021,92,0.983051,0.983051,0,0
standard,P021,93,0.965975,0.965975,0,0
standard,P021,94,0.98888,0.98888,0,0
standard,P021,95,0.98068,0.982267,0,0
standard,P021,96,0.972429,0.971726,0,0
standard,P021,97,0.935282,0.935652,0,0
standard,P021,98,0.899965,0.889662,0,0
standard,P021,99,0.826353,0.816186,0,0
standard,P021,100,0.647336,0.627027,0,0
standard,P021,101,0.877223,0.871404,0,0
standard,P021,102,0.778999,0.773089,0,0
standard,P021,103,0.811646,0.806852,0,0
standard,P021,104,0.890823,0.889415,0,0
standard,P021,105,0.945035,0.950761,0,0
standard,P021,106,0.943074,0.945766,0,0
standard,P021,107,0.881166,0.883146,0,0
standard,P021,108,0.952,0.952,0,0
standard,P021,109,0.829268,0.823804,0,0
standard,P021,110,0.863753,0.863753,0,0
standard,P021,111,0.78266,0.78266,0,0
standard,P021,112,0.791027,0.791027,0,0
standard,P021,113,0.956199,0.956199,0,0
standard,P021,114,0.734322,0.734322,0,0
standard,P021,115,0.727166,0.727166,0,0
standard,P021,116,0.668689,0.668689,0,0
standard,P021,117,0.609575,0.609575,0,0
standard,P021,118,0.885086,0.885086,0,0
standard,P021,119,0.859813,0.859813,0,0
standard,P021,120,0.805195,0.805195,0,0
standard,P021,121,0.931429,0.931429,0,0
standard,P021,122,0.830769,0.830769,0,0
standard,P021,123,0.862651,0.862651,0,0
standard,P021,124,0.910569,0.910569,0,0
standard,P021,125,0.831522,0.831522,0,0
standard,P021,126,0.935065,0.935065,0,0
standard,P021,127,0.788406,0.831461,0,0
standard,P021,128,0.872727,0.872727,0,0
standard,P021,129,0.0,0.0,0,0
standard,P021,130,0.938111,0.938111,0,0
standard,P021,131,0.945455,0.945455,0,0
standard,P021,132,0.947791,0.947791,0,0
standard,P021,133,0.0,0.0,1,0
standard,P021,134,0.0,0.0,0,1
standard,P021,135,0.0,0.0,0,0
standard,P021,136,0.410656,0.414776,0,0
standard,P021,137,0.914734,0.914179,0,0
standard,P021,138,0.968562,0.968562,0,0
standard,P021,139,0.981047,0.981047,0,0
standard,P021,140,0.965742,0.961688,0,0
standard,P021,141,0.972279,0.972279,0,0
standard,P021,142,0.979399,0.979399,0,0
standard,P021,143,0.957385,0.957385,0,0
standard,P021,144,0.979825,0.979825,0,0
standard,P021,145,0.991093,0.991093,0,0
standard,P021,146,0.9843,0.9843,0,0
standard,P021,147,0.979478,0.979478,0,0
standard,P021,148,0.989206,0.989206,0,0
standard,P021,149,0.973358,0.973358,0,0
standard,P021,150,0.993341,0.993341,0,0
standard,P021,151,0.97251,0.97251,0,0
standard,P021,152,0.986869,0.986869,0,0
standard,P021,153,0.985559,0.985559,0,0
standard,P021,154,0.976225,0.976225,0,0
standard,P021,155,0.956256,0.956256,0,0
standard,P021,156,0.9389,0.9389,0,0
standard,P021,157,0.953927,0.953927,0,0
standard,P021,158,0.788314,0.788314,0,0
standard,P021,159,0.952381,0.952381,0,0
standard,P021,160,0.868179,0.868179,0,0
standard,P021,161,0.944984,0.944984,0,0
standard,P021,162,0.911215,0.911215,0,0
standard,P021,163,0.939516,0.939516,0,0
standard,P021,164,0.902136,0.902136,0,0
standard,P021,165,0.800436,0.800546,0,0
standard,P021,166,0.449071,0.447905,0,0
standard,P021,167,0.0,0.0,0,0
standard,P021,168,0.801242,0.82716,0,0
standard,P021,169,0.777862,0.790347,0,0
standard,P021,170,0.220641,0.219858,0,0
standard,P021,171,0.0,0.0,0,0
standard,P021,172,0.631579,0.646617,0,0
standard,P021,173,0.0,0.0,0,0
standard,P021,174,0.705882,0.705882,0,0
standard,P021,175,0.72381,0.738318,0,0
standard,P021,176,0.939394,0.939394,0,0
standard,P021,177,0.772059,0.772059,0,0
standard,P021,178,0.875421,0.846667,0,0
standard,P021,179,0.772093,0.731481,0,0
standard,P021,180,0.605166,0.605166,0,0
standard,P021,181,0.799136,0.799136,0,0
standard,P021,182,0.864275,0.864275,0,0
standard,P021,183,0.858491,0.858491,0,0
standard,P021,184,0.928983,0.928983,0,0
standard,P021,185,0.947908,0.947908,0,0
standard,P021,186,0.965354,0.965354,0,0
standard,P021,187,0.983333,0.983333,0,0
standard,P021,188,0.98295,0.98295,0,0
standard,P021,189,0.970085,0.970085,0,0
standard,P021,190,0.934896,0.934896,0,0
standard,P021,191,0.957882,0.957882,0,0
standard,P021,192,0.972842,0.972842,0,0
standard,P021,193,0.956354,0.956354,0,0
standard,P021,194,0.966942,0.966942,0,0
standard,P021,195,0.923888,0.926682,0,0
standard,P021,196,0.937075,0.937075,0,0
standard,P021,197,0.98,0.98,0,0
standard,P021,198,0.966355,0.966355,0,0
standard,P021,199,0.980057,0.980057,0,0
standard,P040,1,0.986913,0.98755,0,0
standard,P040,2,0.992692,0.992692,0,0
standard,P040,3,0.995204,0.995204,0,0
standard,P040,4,0.984668,0.987433,0,0
standard,P040,5,0.997318,0.997318,0,0
standard,P040,6,0.998279,0.998279,0,0
standard,P040,7,0.993881,0.993881,0,0
standard,P040,8,0.997899,0.997899,0,0
standard,P040,9,0.998093,0.998093,0,0
standard,P040,10,0.998092,0.998092,0,0
standard,P040,11,0.998285,0.998285,0,0
standard,P040,12,0.997337,0.997337,0,0
standard,P040,13,0.996395,0.996395,0,0
standard,P040,14,0.995651,0.995651,0,0
standard,P040,15,0.999057,0.999057,0,0
standard,P040,16,0.998871,0.998871,0,0
standard,P040,17,0.99194,0.99194,0,0
standard,P040,18,0.992526,0.992526,0,0
standard,P040,19,0.996081,0.996081,0,0
standard,P040,20,0.996071,0.996071,0,0
standard,P040,21,0.996611,0.996611,0,0
standard,P040,22,0.981003,0.987749,0,0
standard,P040,23,0.992156,0.992156,0,0
standard,P040,24,0.993499,0.993499,0,0
standard,P040,25,0.997706,0.997706,0,0
standard,P040,26,0.997126,0.997126,0,0
standard,P040,27,0.995571,0.995571,0,0
standard,P040,28,0.996316,0.996316,0,0
standard,P040,29,0.997074,0.997074,0,0
standard,P040,30,0.997061,0.997061,0,0
standard,P040,31,0.995475,0.995475,0,0
standard,P040,32,0.997833,0.997833,0,0
standard,P040,33,0.994473,0.994473,0,0
standard,P040,34,0.992692,0.992692,0,0
standard,P040,35,0.99489,0.99489,0,0
standard,P040,36,0.996875,0.996875,0,0
standard,P040,37,0.989687,0.989687,0,0
standard,P040,38,0.986957,0.987023,0,0
standard,P040,39,0.981726,0.98417,0,0
standard,P040,40,0.96838,0.977146,0,0
standard,P040,41,0.969151,0.981474,0,0
standard,P040,42,0.972641,0.990295,0,0
standard,P040,43,0.978754,0.988728,0,0
standard,P040,44,0.980462,0.9872,0,0
standard,P040,45,0.979106,0.988451,0,0
standard,P040,46,0.977421,0.985498,0,0
standard,P040,47,0.981871,0.99393,0,0
standard,P040,48,0.986906,0.989021,0,0
standard,P040,49,0.990538,0.988541,0,0
standard,P040,50,0.979847,0.987361,0,0
standard,P040,51,0.993509,0.993546,0,0
standard,P040,52,0.987995,0.990215,0,0
standard,P040,53,0.991372,0.990842,0,0
standard,P040,54,0.985899,0.988102,0,0
standard,P040,55,0.981006,0.985698,0,0
standard,P040,56,0.991082,0.989803,0,0
standard,P040,57,0.985649,0.985879,0,0
standard,P040,58,0.988638,0.988638,0,0
standard,P040,59,0.991171,0.991171,0,0
standard,P040,60,0.987489,0.987489,0,0
standard,P040,61,0.995204,0.995204,0,0
standard,P040,62,0.995232,0.995232,0,0
standard,P040,63,0.994829,0.994829,0,0
standard,P040,64,0.988568,0.989306,0,0
standard,P040,65,0.994317,0.994317,0,0
standard,P040,66,0.991068,0.992182,0,0
standard,P040,67,0.98712,0.9879,0,0
standard,P040,68,0.996476,0.996476,0,0
standard,P040,69,0.996759,0.996759,0,0
standard,P040,70,0.998589,0.998589,0,0
standard,P040,71,0.996749,0.996749,0,0
standard,P040,72,0.991941,0.991941,0,0
standard,P040,73,0.992639,0.992639,0,0
standard,P040,74,0.994767,0.994767,0,0
standard,P040,75,0.993527,0.993527,0,0
standard,P040,76,0.997894,0.997894,0,0
standard,P040,77,0.99146,0.990777,0,0
standard,P040,78,0.994532,0.994532,0,0
standard,P040,79,0.989702,0.988499,0,0
standard,P040,80,0.987116,0.986928,0,0
standard,P040,81,0.984829,0.984208,0,0
standard,P040,82,0.983364,0.985545,0,0
standard,P040,83,0.976184,0.9865,0,0
standard,P040,84,0.97747,0.982289,0,0
standard,P040,85,0.976081,0.986156,0,0
standard,P040,86,0.980541,0.991046,0,0
standard,P040,87,0.977756,0.988404,0,0
standard,P040,88,0.985084,0.98627,0,0
standard,P040,89,0.990905,0.991258,0,0
standard,P040,90,0.990868,0.991979,0,0
standard,P040,91,0.991854,0.990838,0,0
standard,P040,92,0.993177,0.992672,0,0
standard,P040,93,0.989625,0.990056,0,0
standard,P040,94,0.98785,0.988323,0,0
standard,P040,95,0.980151,0.986396,0,0
standard,P040,96,0.989734,0.989734,0,0
standard,P040,97,0.990453,0.990453,0,0
standard,P040,98,0.993929,0.993929,0,0
standard,P040,99,0.990681,0.990681,0,0
standard,P040,100,0.992109,0.992109,0,0
standard,P040,101,0.977698,0.987186,0,0
standard,P040,102,0.985591,0.985042,0,0
standard,P040,103,0.986508,0.986508,0,0
standard,P040,104,0.988214,0.988214,0,0
standard,P040,105,0.98916,0.98916,0,0
standard,P040,106,0.993513,0.993513,0,0
standard,P040,107,0.993828,0.993828,0,0
standard,P040,108,0.993955,0.993955,0,0
standard,P040,109,0.99298,0.99298,0,0
standard,P040,110,0.992407,0.992407,0,0
standard,P040,111,0.992018,0.992018,0,0
standard,P040,112,0.996954,0.996954,0,0
standard,P040,113,0.996193,0.996193,0,0
standard,P040,114,0.990693,0.990693,0,0
standard,P040,115,0.995827,0.995827,0,0
standard,P040,116,0.993004,0.993004,0,0
standard,P040,117,0.996606,0.996606,0,0
standard,P040,118,0.99661,0.99661,0,0
standard,P040,119,0.99491,0.99491,0,0
standard,P040,120,0.996599,0.996599,0,0
standard,P041,1,0.988303,0.989364,0,0
standard,P041,2,0.986886,0.992031,0,0
standard,P041,3,0.990693,0.990035,0,0
standard,P041,4,0.980511,0.981956,0,0
standard,P041,5,0.990635,0.989926,0,0
standard,P041,6,0.987744,0.987744,0,0
standard,P041,7,0.990842,0.991053,0,0
standard,P041,8,0.990983,0.991141,0,0
standard,P041,9,0.988752,0.989622,0,0
standard,P041,10,0.992044,0.991829,0,0
standard,P041,11,0.997615,0.997615,0,0
standard,P041,12,0.994222,0.994222,0,0
standard,P041,13,0.991038,0.991038,0,0
standard,P041,14,0.992835,0.993047,0,0
standard,P041,15,0.98369,0.989395,0,0
standard,P041,16,0.993317,0.99299,0,0
standard,P041,17,0.996076,0.995263,0,0
standard,P041,18,0.991527,0.991861,0,0
standard,P041,19,0.989339,0.989339,0,0
standard,P041,20,0.992408,0.992408,0,0
standard,P041,21,0.989104,0.989104,0,0
standard,P041,22,0.984226,0.989029,0,0
standard,P041,23,0.997635,0.997635,0,0
standard,P041,24,0.996785,0.996785,0,0
standard,P041,25,0.992036,0.994104,0,0
standard,P041,26,0.99523,0.99523,0,0
standard,P041,27,0.990238,0.990303,0,0
standard,P041,28,0.992037,0.990907,0,0
standard,P041,29,0.994861,0.994861,0,0
standard,P041,30,0.996253,0.996253,0,0
standard,P041,31,0.997934,0.997934,0,0
standard,P041,32,0.99857,0.99857,0,0
standard,P041,33,0.996511,0.996511,0,0
standard,P041,34,0.998309,0.998309,0,0
standard,P041,35,0.997674,0.997674,0,0
standard,P041,36,0.997309,0.997309,0,0
standard,P041,37,0.997263,0.997263,0,0
standard,P041,38,0.997214,0.997214,0,0
standard,P041,39,0.997846,0.997846,0,0
standard,P041,40,0.996534,0.996534,0,0
standard,P041,41,0.998059,0.998059,0,0
standard,P041,42,0.996856,0.996856,0,0
standard,P041,43,0.997492,0.997492,0,0
standard,P041,44,0.99708,0.99687,0,0
standard,P041,45,0.998853,0.998853,0,0
standard,P041,46,0.997814,0.997814,0,0
standard,P041,47,0.998283,0.998283,0,0
standard,P041,48,0.997086,0.997086,0,0
standard,P041,49,0.998335,0.998335,0,0
standard,P041,50,0.996821,0.996821,0,0
standard,P041,51,0.995239,0.995012,0,0
standard,P041,52,0.996956,0.996903,0,0
standard,P041,53,0.994323,0.994303,0,0
standard,P041,54,0.994566,0.993425,0,0
standard,P041,55,0.995973,0.993719,0,0
standard,P041,56,0.990505,0.987319,0,0
standard,P041,57,0.989201,0.986499,0,0
standard,P041,58,0.989705,0.990283,0,0
standard,P041,59,0.994628,0.99246,0,0
standard,P041,60,0.992099,0.989846,0,0
standard,P041,61,0.99591,0.994038,0,0
standard,P041,62,0.996481,0.99497,0,0
standard,P041,63,0.994558,0.994496,0,0
standard,P041,64,0.995736,0.995626,0,0
standard,P041,65,0.99729,0.996556,0,0
standard,P041,66,0.98752,0.992379,0,0
standard,P041,67,0.994667,0.994667,0,0
standard,P041,68,0.990699,0.994398,0,0
standard,P041,69,0.992608,0.992447,0,0
standard,P041,70,0.992883,0.99627,0,0
standard,P041,71,0.994196,0.994574,0,0
standard,P041,72,0.99401,0.996342,0,0
standard,P041,73,0.996504,0.996937,0,0
standard,P041,74,0.99372,0.993323,0,0
standard,P041,75,0.994551,0.994386,0,0
standard,P041,76,0.9963,0.996517,0,0
standard,P041,77,0.996299,0.99646,0,0
standard,P041,78,0.996248,0.995426,0,0
standard,P041,79,0.998047,0.99685,0,0
standard,P041,80,0.997127,0.996527,0,0
standard,P041,81,0.996475,0.995657,0,0
standard,P041,82,0.996904,0.996304,0,0
standard,P041,83,0.996193,0.996139,0,0
standard,P041,84,0.996797,0.996633,0,0
standard,P041,85,0.995187,0.994589,0,0
standard,P041,86,0.996872,0.996872,0,0
standard,P041,87,0.995031,0.994487,0,0
standard,P041,88,0.993988,0.993988,0,0
standard,P041,89,0.993096,0.994884,0,0
standard,P041,90,0.993542,0.993542,0,0
standard,P041,91,0.992827,0.993703,0,0
standard,P041,92,0.994178,0.993022,0,0
standard,P041,93,0.995773,0.995994,0,0
standard,P041,94,0.993235,0.993334,0,0
standard,P041,95,0.996912,0.996912,0,0
standard,P041,96,0.995566,0.995566,0,0
standard,P041,97,0.992978,0.993316,0,0
standard,P041,98,0.99607,0.99607,0,0
standard,P041,99,0.996575,0.996575,0,0
standard,P041,100,0.997793,0.997793,0,0
standard,P041,101,0.997027,0.997027,0,0
standard,P041,102,0.997525,0.997525,0,0
standard,P041,103,0.994788,0.994788,0,0
standard,P041,104,0.997424,0.997424,0,0
standard,P041,105,0.99407,0.994107,0,0
standard,P041,106,0.993587,0.992873,0,0
standard,P041,107,0.989142,0.992841,0,0
standard,P041,108,0.992325,0.992991,0,0
standard,P041,109,0.99373,0.993234,0,0
standard,P041,110,0.986452,0.992024,0,0
standard,P041,111,0.990608,0.991195,0,0
standard,P041,112,0.991621,0.991653,0,0
standard,P041,113,0.993015,0.991974,0,0
standard,P041,114,0.989146,0.991942,0,0
standard,P041,115,0.991564,0.994218,0,0
standard,P041,116,0.993122,0.994041,0,0
standard,P041,117,0.992231,0.993875,0,0
standard,P041,118,0.995958,0.99565,0,0
standard,P041,119,0.995341,0.99598,0,0
standard,P041,120,0.994845,0.995378,0,0
standard,P041,121,0.994046,0.995256,0,0
standard,P041,122,0.996156,0.996156,0,0
standard,P041,123,0.99621,0.99621,0,0
standard,P041,124,0.9948,0.994379,0,0
standard,P041,125,0.995483,0.995483,0,0
standard,P041,126,0.994881,0.99561,0,0
standard,P041,127,0.996031,0.995985,0,0
standard,P043,1,0.138689,0.693685,0,0
standard,P043,2,0.804688,0.920561,0,0
standard,P043,3,0.878914,0.897151,0,0
standard,P043,4,0.926829,0.922935,0,0
standard,P043,5,0.922853,0.922853,0,0
standard,P043,6,0.516054,0.515535,0,0
standard,P043,7,0.0,0.0,0,0
standard,P043,8,0.543772,0.722261,0,0
standard,P043,9,0.940871,0.947368,0,0
standard,P043,10,0.961424,0.961424,0,0
standard,P043,11,0.786014,0.786014,0,0
standard,P043,12,0.771896,0.771896,0,0
standard,P043,13,0.903394,0.905195,0,0
standard,P043,14,0.81456,0.909959,0,0
standard,P043,15,0.919028,0.919028,0,0
standard,P043,16,0.893587,0.893587,0,0
standard,P043,17,0.918999,0.918999,0,0
standard,P043,18,0.908367,0.909574,0,0
standard,P043,19,0.944621,0.944621,0,0
standard,P043,20,0.916435,0.912256,0,0
standard,P043,21,0.506815,0.496719,0,0
standard,P043,22,0.856193,0.854886,0,0
standard,P043,23,0.427802,0.46469,0,0
standard,P043,24,0.650943,0.685149,0,0
standard,P043,25,0.867629,0.856969,0,0
standard,P043,26,0.570617,0.607977,0,0
standard,P043,27,0.844137,0.844688,0,0
standard,P043,28,0.753339,0.74444,0,0
standard,P043,29,0.776421,0.812109,0,0
standard,P043,30,0.83498,0.817194,0,0
standard,P043,31,0.900246,0.895772,0,0
standard,P043,32,0.868496,0.86041,0,0
standard,P043,33,0.915933,0.900994,0,0
standard,P043,34,0.924655,0.943411,0,0
standard,P043,35,0.924061,0.947242,0,0
standard,P043,36,0.945774,0.96571,0,0
standard,P043,37,0.973545,0.973545,0,0
standard,P043,38,0.914589,0.962903,0,0
standard,P043,39,0.961702,0.960068,0,0
standard,P043,40,0.964362,0.964362,0,0
standard,P043,41,0.913201,0.93778,0,0
standard,P043,42,0.945398,0.968799,0,0
standard,P043,43,0.940594,0.955927,0,0
standard,P043,44,0.915305,0.915305,0,0
standard,P043,45,0.945071,0.947251,0,0
standard,P043,46,0.946594,0.946594,0,0
standard,P043,47,0.864245,0.945372,0,0
standard,P043,48,0.943803,0.943803,0,0
standard,P043,49,0.967647,0.967647,0,0
standard,P043,50,0.903322,0.926371,0,0
standard,P043,51,0.966301,0.966301,0,0
standard,P043,52,0.8142,0.8142,0,0
standard,P043,53,0.936778,0.936778,0,0
standard,P043,54,0.951274,0.951274,0,0
standard,P043,55,0.955801,0.964641,0,0
standard,P043,56,0.919527,0.94879,0,0
standard,P043,57,0.947016,0.951478,0,0
standard,P043,58,0.938462,0.946283,0,0
standard,P043,59,0.831573,0.897165,0,0
standard,P043,60,0.956717,0.944351,0,0
standard,P043,61,0.981636,0.981636,0,0
standard,P043,62,0.937434,0.95334,0,0
standard,P043,63,0.95806,0.95806,0,0
standard,P043,64,0.975223,0.975223,0,0
standard,P043,65,0.963591,0.963591,0,0
standard,P043,66,0.951035,0.953722,0,0
standard,P043,67,0.983206,0.983206,0,0
standard,P043,68,0.968069,0.966119,0,0
standard,P043,69,0.970083,0.970083,0,0
standard,P043,70,0.842875,0.842875,0,0
standard,P043,71,0.902672,0.927603,0,0
standard,P043,72,0.959053,0.958746,0,0
standard,P043,73,0.954092,0.954092,0,0
standard,P043,74,0.732415,0.846639,0,0
standard,P043,75,0.849432,0.853012,0,0
standard,P043,76,0.839827,0.833174,0,0
standard,P043,77,0.927035,0.948341,0,0
standard,P043,78,0.784678,0.871492,0,0
standard,P043,79,0.930099,0.929049,0,0
standard,P043,80,0.961111,0.952938,0,0
standard,P043,81,0.830448,0.881833,0,0
standard,P043,82,0.954499,0.943537,0,0
standard,P043,83,0.929,0.94072,0,0
standard,P043,84,0.964044,0.934145,0,0
standard,P043,85,0.887977,0.876269,0,0
standard,P043,86,0.894627,0.928362,0,0
standard,P043,87,0.909485,0.913899,0,0
standard,P043,88,0.900565,0.901806,0,0
standard,P043,89,0.858338,0.862901,0,0
standard,P043,90,0.8976,0.894948,0,0
standard,P043,91,0.93297,0.93297,0,0
standard,P043,92,0.919853,0.928349,0,0
standard,P043,93,0.923343,0.919755,0,0
standard,P043,94,0.929381,0.929381,0,0
standard,P043,95,0.8737,0.89329,0,0
standard,P043,96,0.9,0.915385,0,0
standard,P043,97,0.831117,0.859865,0,0
standard,P043,98,0.612835,0.611856,0,0
standard,P043,99,0.619926,0.64165,0,0
standard,P085,1,0.992531,0.992531,0,0
standard,P085,2,0.995637,0.995637,0,0
standard,P085,3,0.993802,0.993802,0,0
standard,P085,4,0.985679,0.989414,0,0
standard,P085,5,0.990236,0.990236,0,0
standard,P085,6,0.99469,0.99469,0,0
standard,P085,7,0.992596,0.992596,0,0
standard,P085,8,0.994646,0.994646,0,0
standard,P085,9,0.990924,0.988662,0,0
standard,P085,10,0.98459,0.993039,0,0
standard,P085,11,0.993277,0.993277,0,0
standard,P085,12,0.992605,0.992605,0,0
standard,P085,13,0.991282,0.991282,0,0
standard,P085,14,0.991647,0.991647,0,0
standard,P085,15,0.993309,0.993309,0,0
standard,P085,16,0.989983,0.989983,0,0
standard,P085,17,0.992995,0.992995,0,0
standard,P085,18,0.994979,0.994979,0,0
standard,P085,19,0.988696,0.988486,0,0
standard,P085,20,0.987287,0.990354,0,0
standard,P085,21,0.98383,0.989429,0,0
standard,P085,22,0.982929,0.986187,0,0
standard,P085,23,0.990132,0.989144,0,0
standard,P085,24,0.993511,0.991471,0,0
standard,P085,25,0.991474,0.988615,0,0
standard,P085,26,0.994007,0.994007,0,0
standard,P085,27,0.994661,0.994457,0,0
standard,P085,28,0.990026,0.990441,0,0
standard,P085,29,0.991726,0.991726,0,0
standard,P085,30,0.994564,0.994564,0,0
standard,P085,31,0.986063,0.986069,0,0
standard,P085,32,0.996159,0.996159,0,0
standard,P085,33,0.993364,0.993364,0,0
standard,P085,34,0.994213,0.994213,0,0
standard,P085,35,0.994429,0.994429,0,0
standard,P085,36,0.994026,0.994026,0,0
standard,P085,37,0.990695,0.990695,0,0
standard,P085,38,0.993916,0.993916,0,0
standard,P085,39,0.99124,0.99124,0,0
standard,P085,40,0.990883,0.990145,0,0
standard,P085,41,0.993173,0.993165,0,0
standard,P085,42,0.981244,0.985748,0,0
standard,P085,43,0.976195,0.983112,0,0
standard,P085,44,0.99157,0.99218,0,0
standard,P085,45,0.989187,0.989389,0,0
standard,P085,46,0.986395,0.986395,0,0
standard,P085,47,0.989157,0.9864,0,0
standard,P085,48,0.992,0.992,0,0
standard,P085,49,0.988791,0.988791,0,0
standard,P085,50,0.992062,0.992062,0,0
standard,P085,51,0.991529,0.991529,0,0
standard,P085,52,0.988316,0.991231,0,0
standard,P085,53,0.987121,0.987351,0,0
standard,P085,54,0.989876,0.989876,0,0
standard,P085,55,0.992141,0.992141,0,0
standard,P085,56,0.994768,0.994768,0,0
standard,P085,57,0.991687,0.991687,0,0
standard,P085,58,0.990196,0.990196,0,0
standard,P085,59,0.990364,0.990364,0,0
standard,P085,60,0.992935,0.992935,0,0
standard,P085,61,0.990359,0.989828,0,0
standard,P085,62,0.988031,0.986977,0,0
standard,P085,63,0.989188,0.990926,0,0
standard,P085,64,0.990139,0.99086,0,0
standard,P085,65,0.991416,0.991416,0,0
standard,P085,66,0.991824,0.991824,0,0
standard,P085,67,0.989922,0.990489,0,0
standard,P085,68,0.992454,0.991654,0,0
standard,P085,69,0.992457,0.992457,0,0
standard,P085,70,0.985564,0.99179,0,0
standard,P085,71,0.995732,0.995732,0,0
standard,P085,72,0.993925,0.993925,0,0
standard,P085,73,0.985712,0.986045,0,0
standard,P085,74,0.995251,0.995251,0,0
standard,P085,75,0.993184,0.993184,0,0
standard,P085,76,0.986328,0.990282,0,0
standard,P085,77,0.993289,0.993289,0,0
standard,P085,78,0.995704,0.995704,0,0
standard,P085,79,0.994749,0.994749,0,0
standard,P085,80,0.991546,0.991546,0,0
standard,P089,1,0.996923,0.996923,0,0
standard,P089,2,0.997945,0.997945,0,0
standard,P089,3,0.997432,0.997432,0,0
standard,P089,4,0.99084,0.99084,0,0
standard,P089,5,0.992719,0.992719,0,0
standard,P089,6,0.992563,0.992563,0,0
standard,P089,7,0.987083,0.987083,0,0
standard,P089,8,0.990632,0.990632,0,0
standard,P089,9,0.99544,0.99544,0,0
standard,P089,10,0.994222,0.994222,0,0
standard,P089,11,0.993499,0.993499,0,0
standard,P089,12,0.991815,0.991815,0,0
standard,P089,13,0.995652,0.995652,0,0
standard,P089,14,0.992683,0.992683,0,0
standard,P089,15,0.995564,0.995564,0,0
standard,P089,16,0.997522,0.997522,0,0
standard,P089,17,0.996514,0.996514,0,0
standard,P089,18,0.991457,0.991457,0,0
standard,P089,19,0.991349,0.993107,0,0
standard,P089,20,0.990954,0.990954,0,0
standard,P089,21,0.990811,0.990811,0,0
standard,P089,22,0.99336,0.99336,0,0
standard,P089,23,0.997593,0.997593,0,0
standard,P089,24,0.994127,0.994127,0,0
standard,P089,25,0.995756,0.995756,0,0
standard,P089,26,0.991534,0.991534,0,0
standard,P089,27,0.987081,0.987081,0,0
standard,P089,28,0.969744,0.968686,0,0
standard,P089,29,0.96325,0.973375,0,0
standard,P089,30,0.948028,0.979458,0,0
standard,P089,31,0.968771,0.979104,0,0
standard,P089,32,0.973881,0.987537,0,0
standard,P089,33,0.956305,0.98624,0,0
standard,P089,34,0.976889,0.988933,0,0
standard,P089,35,0.983635,0.980009,0,0
standard,P089,36,0.981897,0.983487,0,0
standard,P089,37,0.991402,0.985495,0,0
standard,P089,38,0.986736,0.986614,0,0
standard,P089,39,0.975073,0.975478,0,0
standard,P089,40,0.975633,0.972721,0,0
standard,P089,41,0.985984,0.986189,0,0
standard,P089,42,0.979182,0.984344,0,0
standard,P089,43,0.976687,0.983623,0,0
standard,P089,44,0.973159,0.982353,0,0
standard,P089,45,0.987323,0.977514,0,0
standard,P089,46,0.983342,0.980136,0,0
standard,P089,47,0.98179,0.985381,0,0
standard,P089,48,0.989085,0.981034,0,0
standard,P089,49,0.990261,0.990261,0,0
standard,P089,50,0.984379,0.983909,0,0
standard,P089,51,0.990684,0.990684,0,0
standard,P089,52,0.990349,0.990349,0,0
standard,P089,53,0.992713,0.992713,0,0
standard,P089,54,0.987287,0.987287,0,0
standard,P089,55,0.991356,0.991356,0,0
standard,P089,56,0.981897,0.981486,0,0
standard,P089,57,0.997572,0.997572,0,0
standard,P089,58,0.997845,0.997845,0,0
standard,P089,59,0.994615,0.994615,0,0
standard,P089,60,0.989247,0.989247,0,0
standard,P089,61,0.991918,0.991918,0,0
standard,P089,62,0.988649,0.988649,0,0
standard,P089,63,0.990791,0.990791,0,0
standard,P089,64,0.988306,0.986828,0,0
standard,P089,65,0.994799,0.994799,0,0
standard,P089,66,0.989265,0.989265,0,0
standard,P089,67,0.995583,0.995583,0,0
standard,P089,68,0.995025,0.995025,0,0
standard,P089,69,0.994475,0.994475,0,0
standard,P089,70,0.990055,0.990055,0,0
standard,P089,71,0.992845,0.992845,0,0
standard,P089,72,0.995344,0.995344,0,0
standard,P089,73,0.995351,0.995351,0,0
standard,P089,74,0.99809,0.99809,0,0
standard,P089,75,0.997281,0.997281,0,0
standard,P089,76,0.998373,0.998373,0,0
standard,P089,77,0.990008,0.990008,0,0
standard,P089,78,0.997851,0.997851,0,0
standard,P089,79,0.997055,0.997055,0,0
standard,P089,80,0.995717,0.995717,0,0
standard,P089,81,0.997592,0.997592,0,0
standard,P089,82,0.99679,0.99679,0,0
standard,P089,83,0.993586,0.993586,0,0
standard,P089,84,0.993063,0.993063,0,0
standard,P089,85,0.997338,0.997338,0,0
standard,P089,86,0.997875,0.997875,0,0
standard,P089,87,0.992302,0.992302,0,0
standard,P089,88,0.991507,0.991507,0,0
standard,P089,89,0.998671,0.998671,0,0
standard,P089,90,0.996261,0.996261,0,0
standard,P089,91,0.99194,0.99194,0,0
standard,P089,92,0.994606,0.994606,0,0
standard,P089,93,0.992992,0.992992,0,0
standard,P089,94,0.99219,0.99219,0,0
standard,P089,95,0.995417,0.995417,0,0
standard,P089,96,0.997845,0.997845,0,0
standard,P089,97,0.998923,0.998923,0,0
standard,P095,1,0.976243,0.977184,0,0
standard,P095,2,0.977298,0.979172,0,0
standard,P095,3,0.974586,0.980231,0,0
standard,P095,4,0.976053,0.975007,0,0
standard,P095,5,0.990991,0.990991,0,0
standard,P095,6,0.986354,0.986354,0,0
standard,P095,7,0.978279,0.978279,0,0
standard,P095,8,0.978016,0.978016,0,0
standard,P095,9,0.962633,0.962633,0,0
standard,P095,10,0.964706,0.964706,0,0
standard,P095,11,0.968196,0.968196,0,0
standard,P095,12,0.990038,0.990038,0,0
standard,P095,13,0.979993,0.979993,0,0
standard,P095,14,0.983746,0.983746,0,0
standard,P095,15,0.990556,0.990556,0,0
standard,P095,16,0.978178,0.9708,0,0
standard,P095,17,0.983225,0.983225,0,0
standard,P095,18,0.990476,0.990476,0,0
standard,P095,19,0.981299,0.978462,0,0
standard,P095,20,0.994927,0.994927,0,0
standard,P095,21,0.986917,0.986917,0,0
standard,P095,22,0.96952,0.96952,0,0
standard,P095,23,0.928614,0.925347,0,0
standard,P095,24,0.953748,0.954026,0,0
standard,P095,25,0.963843,0.963843,0,0
standard,P095,26,0.967649,0.966906,0,0
standard,P095,27,0.963733,0.964508,0,0
standard,P095,28,0.924669,0.918314,0,0
standard,P095,29,0.914384,0.931856,0,0
standard,P095,30,0.880022,0.906351,0,0
standard,P095,31,0.949466,0.96893,0,0
standard,P095,32,0.957164,0.962744,0,0
standard,P095,33,0.958358,0.965642,0,0
standard,P095,34,0.970597,0.977979,0,0
standard,P095,35,0.961914,0.961914,0,0
standard,P095,36,0.967033,0.983429,0,0
standard,P095,37,0.976552,0.978958,0,0
standard,P095,38,0.984854,0.976942,0,0
standard,P095,39,0.96,0.974697,0,0
standard,P095,40,0.964378,0.967766,0,0
standard,P095,41,0.976744,0.964932,0,0
standard,P095,42,0.979136,0.972933,0,0
standard,P095,43,0.984962,0.976779,0,0
standard,P095,44,0.983025,0.978245,0,0
standard,P095,45,0.986646,0.976938,0,0
standard,P095,46,0.978972,0.964091,0,0
standard,P095,47,0.977154,0.970185,0,0
standard,P095,48,0.987331,0.97171,0,0
standard,P095,49,0.986907,0.983997,0,0
standard,P095,50,0.985173,0.985173,0,0
standard,P095,51,0.980897,0.980897,0,0
standard,P095,52,0.990886,0.990886,0,0
standard,P095,53,0.990585,0.990585,0,0
standard,P095,54,0.990252,0.990252,0,0
standard,P095,55,0.977394,0.977394,0,0
standard,P095,56,0.992896,0.992896,0,0
standard,P095,57,0.989474,0.989474,0,0
standard,P095,58,0.986371,0.986371,0,0
standard,P095,59,0.985819,0.985819,0,0
standard,P095,60,0.993991,0.993991,0,0
standard,P095,61,0.993966,0.993966,0,0
standard,P095,62,0.992174,0.992174,0,0
standard,P095,63,0.989863,0.989863,0,0
standard,P095,64,0.992007,0.992007,0,0
standard,P095,65,0.994714,0.994714,0,0
standard,P095,66,0.976826,0.974514,0,0
standard,P095,67,0.9869,0.9869,0,0
standard,P095,68,0.996065,0.996065,0,0
standard,P095,69,0.991236,0.991236,0,0
standard,P095,70,0.985953,0.985953,0,0
standard,P095,71,0.995602,0.995602,0,0
standard,P095,72,0.997796,0.997796,0,0
standard,P095,73,0.992952,0.988475,0,0
standard,P095,74,0.988636,0.988636,0,0
standard,P095,75,0.996534,0.996534,0,0
standard,P095,76,0.99305,0.99305,0,0
standard,P095,77,0.985482,0.982025,0,0
standard,P095,78,0.995105,0.995105,0,0
standard,P095,79,0.980097,0.980097,0,0
standard,P095,80,0.971702,0.972973,0,0
standard,P095,81,0.954939,0.967658,0,0
standard,P095,82,0.962289,0.967798,0,0
standard,P095,83,0.953833,0.968421,0,0
standard,P095,84,0.951876,0.966622,0,0
standard,P095,85,0.924138,0.935652,0,0
standard,P095,86,0.92057,0.926169,0,0
standard,P095,87,0.930341,0.93733,0,0
standard,P095,88,0.952416,0.957509,0,0
standard,P095,89,0.946657,0.955341,0,0
standard,P095,90,0.961525,0.973637,0,0
standard,P095,91,0.975359,0.983631,0,0
standard,P095,92,0.969767,0.972179,0,0
standard,P095,93,0.981556,0.981556,0,0
standard,P095,94,0.983389,0.983389,0,0
standard,P095,95,0.980241,0.980241,0,0
standard,P095,96,0.988666,0.988666,0,0
standard,P095,97,0.984072,0.984072,0,0
standard,P095,98,0.97817,0.97817,0,0
standard,P095,99,0.978706,0.978706,0,0
standard,P097,1,0.998888,0.998888,0,0
standard,P097,2,0.998414,0.998414,0,0
standard,P097,3,0.990347,0.990347,0,0
standard,P097,4,0.995261,0.995261,0,0
standard,P097,5,0.995422,0.995422,0,0
standard,P097,6,0.998421,0.998421,0,0
standard,P097,7,0.996376,0.996376,0,0
standard,P097,8,0.998586,0.998586,0,0
standard,P097,9,0.997327,0.997327,0,0
standard,P097,10,0.99733,0.99733,0,0
standard,P097,11,0.997489,0.997489,0,0
standard,P097,12,0.996702,0.996702,0,0
standard,P097,13,0.998429,0.998429,0,0
standard,P097,14,0.995759,0.995759,0,0
standard,P097,15,0.995131,0.995131,0,0
standard,P097,16,0.986662,0.989704,0,0
standard,P097,17,0.982291,0.992523,0,0
standard,P097,18,0.979944,0.990491,0,0
standard,P097,19,0.978125,0.990786,0,0
standard,P097,20,0.972175,0.985804,0,0
standard,P097,21,0.971772,0.979926,0,0
standard,P097,22,0.971588,0.985232,0,0
standard,P097,23,0.969767,0.987914,0,0
standard,P097,24,0.984435,0.987054,0,0
standard,P097,25,0.975155,0.97926,0,0
standard,P097,26,0.961217,0.984109,0,0
standard,P097,27,0.971657,0.980899,0,0
standard,P097,28,0.973157,0.983638,0,0
standard,P097,29,0.970524,0.981923,0,0
standard,P097,30,0.976285,0.985404,0,0
standard,P097,31,0.986659,0.989537,0,0
standard,P097,32,0.990739,0.985391,0,0
standard,P097,33,0.982654,0.989338,0,0
standard,P097,34,0.99011,0.990463,0,0
standard,P097,35,0.987106,0.988786,0,0
standard,P097,36,0.989311,0.988788,0,0
standard,P097,37,0.988003,0.987058,0,0
standard,P097,38,0.989704,0.989173,0,0
standard,P097,39,0.990281,0.990409,0,0
standard,P097,40,0.993567,0.99317,0,0
standard,P097,41,0.993935,0.993935,0,0
standard,P097,42,0.983537,0.991621,0,0
standard,P097,43,0.995596,0.995596,0,0
standard,P097,44,0.995864,0.995864,0,0
standard,P097,45,0.994662,0.994662,0,0
standard,P097,46,0.993441,0.993441,0,0
standard,P097,47,0.993548,0.993548,0,0
standard,P097,48,0.997848,0.997848,0,0
standard,P097,49,0.995578,0.995578,0,0
standard,P097,50,0.995345,0.995345,0,0
standard,P097,51,0.994201,0.994201,0,0
standard,P097,52,0.993094,0.993094,0,0
standard,P097,53,0.995617,0.995617,0,0
standard,P097,54,0.991648,0.991648,0,0
standard,P097,55,0.984893,0.987013,0,0
standard,P097,56,0.971203,0.976885,0,0
standard,P097,57,0.973934,0.978364,0,0
standard,P097,58,0.965222,0.985415,0,0
standard,P097,59,0.959294,0.978836,0,0
standard,P097,60,0.963188,0.981788,0,0
standard,P097,61,0.972958,0.984941,0,0
standard,P097,62,0.981101,0.985212,0,0
standard,P097,63,0.981158,0.988362,0,0
standard,P097,64,0.979491,0.98407,0,0
standard,P097,65,0.979132,0.982393,0,0
standard,P097,66,0.994779,0.994363,0,0
standard,P097,67,0.993548,0.993981,0,0
standard,P097,68,0.981848,0.98756,0,0
standard,P097,69,0.992257,0.992257,0,0
standard,P097,70,0.9982,0.9982,0,0
standard,P097,71,0.996955,0.996955,0,0
standard,P097,72,0.997509,0.997509,0,0
standard,P108,1,0.994313,0.994313,0,0
standard,P108,2,0.995624,0.995624,0,0
standard,P108,3,0.995635,0.995635,0,0
standard,P108,4,0.997598,0.997598,0,0
standard,P108,5,0.993868,0.993868,0,0
standard,P108,6,0.993194,0.993194,0,0
standard,P108,7,0.991623,0.991623,0,0
standard,P108,8,0.988225,0.988225,0,0
standard,P108,9,0.995085,0.995085,0,0
standard,P108,10,0.991503,0.991503,0,0
standard,P108,11,0.991943,0.991943,0,0
standard,P108,12,0.995971,0.995971,0,0
standard,P108,13,0.990152,0.990152,0,0
standard,P108,14,0.993271,0.993271,0,0
standard,P108,15,0.975445,0.991441,0,0
standard,P108,16,0.996392,0.996392,0,0
standard,P108,17,0.987876,0.987876,0,0
standard,P108,18,0.984169,0.984169,0,0
standard,P108,19,0.978261,0.978261,0,0
standard,P108,20,0.988235,0.988235,0,0
standard,P108,21,0.989271,0.989271,0,0
standard,P108,22,0.983416,0.992424,0,0
standard,P108,23,0.992857,0.992857,0,0
standard,P108,24,0.987984,0.987984,0,0
standard,P108,25,0.976486,0.99024,0,0
standard,P108,26,0.994456,0.994456,0,0
standard,P108,27,0.995773,0.995773,0,0
standard,P108,28,0.99333,0.99333,0,0
standard,P108,29,0.984916,0.984916,0,0
standard,P108,30,0.981391,0.981391,0,0
standard,P108,31,0.979231,0.979231,0,0
standard,P108,32,0.980505,0.983993,0,0
standard,P108,33,0.979857,0.981166,0,0
standard,P108,34,0.988219,0.988881,0,0
standard,P108,35,0.974897,0.976364,0,0
standard,P108,36,0.971612,0.97844,0,0
standard,P108,37,0.977194,0.984883,0,0
standard,P108,38,0.977135,0.97964,0,0
standard,P108,39,0.983932,0.981938,0,0
standard,P108,40,0.979767,0.982481,0,0
standard,P108,41,0.975657,0.971209,0,0
standard,P108,42,0.985352,0.985219,0,0
standard,P108,43,0.983752,0.983301,0,0
standard,P108,44,0.981207,0.981728,0,0
standard,P108,45,0.980286,0.98466,0,0
standard,P108,46,0.984337,0.984352,0,0
standard,P108,47,0.971886,0.985773,0,0
standard,P108,48,0.982986,0.98228,0,0
standard,P108,49,0.982849,0.982849,0,0
standard,P108,50,0.984733,0.98356,0,0
standard,P108,51,0.989283,0.989529,0,0
standard,P108,52,0.991025,0.991267,0,0
standard,P108,53,0.993681,0.993449,0,0
standard,P108,54,0.990937,0.990476,0,0
standard,P108,55,0.99237,0.992141,0,0
standard,P108,56,0.989416,0.988733,0,0
standard,P108,57,0.992898,0.992898,0,0
standard,P108,58,0.992262,0.992262,0,0
standard,P108,59,0.984199,0.985782,0,0
standard,P108,60,0.972766,0.988071,0,0
standard,P108,61,0.993234,0.993234,0,0
standard,P108,62,0.994585,0.994585,0,0
standard,P108,63,0.989398,0.989398,0,0
standard,P108,64,0.982921,0.985488,0,0
standard,P108,65,0.996642,0.996642,0,0
standard,P108,66,0.974635,0.987654,0,0
standard,P108,67,0.995726,0.995726,0,0
standard,P108,68,0.992133,0.992133,0,0
standard,P108,69,0.997078,0.997078,0,0
standard,P108,70,0.99865,0.99865,0,0
standard,P108,71,0.990751,0.990751,0,0
standard,P108,72,0.988448,0.988448,0,0
standard,P108,73,0.996593,0.996593,0,0
standard,P108,74,0.992488,0.992488,0,0
standard,P108,75,0.991803,0.991803,0,0
standard,P108,76,0.98729,0.98729,0,0
standard,P108,77,0.996153,0.996153,0,0
standard,P108,78,0.997513,0.997513,0,0
standard,P108,79,0.986468,0.986468,0,0
standard,P108,80,0.987816,0.987816,0,0
standard,P108,81,0.993434,0.993434,0,0
standard,P108,82,0.983473,0.990718,0,0
standard,P108,83,0.98073,0.989498,0,0
standard,P108,84,0.979138,0.976819,0,0
standard,P108,85,0.982567,0.983926,0,0
standard,P108,86,0.988739,0.988729,0,0
standard,P108,87,0.985878,0.988739,0,0
standard,P108,88,0.975599,0.991472,0,0
standard,P108,89,0.982519,0.990776,0,0
standard,P108,90,0.98009,0.988891,0,0
standard,P108,91,0.978694,0.985567,0,0
standard,P108,92,0.981246,0.983098,0,0
standard,P108,93,0.982691,0.979922,0,0
standard,P108,94,0.979573,0.984163,0,0
standard,P108,95,0.974217,0.989871,0,0
standard,P108,96,0.981524,0.990732,0,0
standard,P108,97,0.988644,0.988644,0,0
standard,P108,98,0.987483,0.987483,0,0
standard,P108,99,0.988153,0.988153,0,0
standard,P108,100,0.993696,0.993696,0,0
standard,P108,101,0.98513,0.988665,0,0
standard,P108,102,0.995621,0.995621,0,0
standard,P108,103,0.9945,0.9945,0,0
standard,P108,104,0.992502,0.992502,0,0
standard,P108,105,0.994131,0.994131,0,0
standard,P108,106,0.994807,0.994807,0,0
standard,P108,107,0.992525,0.992525,0,0
standard,P108,108,0.995226,0.995226,0,0
standard,P109,1,0.98855,0.98855,0,0
standard,P109,2,0.991304,0.991304,0,0
standard,P109,3,0.986472,0.986472,0,0
standard,P109,4,0.99811,0.99811,0,0
standard,P109,5,0.998105,0.998105,0,0
standard,P109,6,0.997015,0.997015,0,0
standard,P109,7,0.987688,0.987688,0,0
standard,P109,8,0.995308,0.995308,0,0
standard,P109,9,0.9964,0.9964,0,0
standard,P109,10,0.997508,0.997508,0,0
standard,P109,11,0.994194,0.994194,0,0
standard,P109,12,0.991745,0.991745,0,0
standard,P109,13,0.973076,0.973076,0,0
standard,P109,14,0.973133,0.973133,0,0
standard,P109,15,0.987661,0.987661,0,0
standard,P109,16,0.988636,0.988636,0,0
standard,P109,17,0.996739,0.996739,0,0
standard,P109,18,0.989719,0.989719,0,0
standard,P109,19,0.992457,0.992457,0,0
standard,P109,20,0.996499,0.996499,0,0
standard,P109,21,0.995962,0.995962,0,0
standard,P109,22,0.994362,0.994362,0,0
standard,P109,23,0.993314,0.993314,0,0
standard,P109,24,0.996257,0.996257,0,0
standard,P109,25,0.997047,0.997047,0,0
standard,P109,26,0.992996,0.992996,0,0
standard,P109,27,0.992744,0.992744,0,0
standard,P109,28,0.987965,0.987965,0,0
standard,P109,29,0.987166,0.987166,0,0
standard,P109,30,0.991402,0.991402,0,0
standard,P109,31,0.986782,0.986782,0,0
standard,P109,32,0.988063,0.988063,0,0
standard,P109,33,0.986369,0.986369,0,0
standard,P109,34,0.980016,0.980016,0,0
standard,P109,35,0.98843,0.98843,0,0
standard,P109,36,0.995039,0.995039,0,0
standard,P109,37,0.994502,0.994502,0,0
standard,P109,38,0.992358,0.992358,0,0
standard,P109,39,0.994592,0.994592,0,0
standard,P109,40,0.993819,0.993819,0,0
standard,P109,41,0.993822,0.993822,0,0
standard,P109,42,0.993796,0.993796,0,0
standard,P109,43,0.983819,0.983819,0,0
standard,P109,44,0.989224,0.989224,0,0
standard,P109,45,0.992156,0.992156,0,0
standard,P109,46,0.988556,0.988556,0,0
standard,P109,47,0.980606,0.978237,0,0
standard,P109,48,0.984179,0.983769,0,0
standard,P109,49,0.990419,0.990419,0,0
standard,P109,50,0.988746,0.988746,0,0
standard,P109,51,0.993164,0.991537,0,0
standard,P109,52,0.988904,0.988904,0,0
standard,P109,53,0.982823,0.982823,0,0
standard,P109,54,0.983598,0.982805,0,0
standard,P109,55,0.969332,0.977643,0,0
standard,P109,56,0.981227,0.981227,0,0
standard,P109,57,0.983253,0.983253,0,0
standard,P109,58,0.985117,0.985117,0,0
standard,P109,59,0.987554,0.987554,0,0
standard,P109,60,0.985268,0.985268,0,0
standard,P109,61,0.98979,0.98979,0,0
standard,P109,62,0.99092,0.974841,0,0
standard,P109,63,0.984051,0.966487,0,0
standard,P109,64,0.993737,0.978622,0,0
standard,P109,65,0.989537,0.989537,0,0
standard,P109,66,0.989747,0.989747,0,0
standard,P109,67,0.989091,0.989091,0,0
standard,P109,68,0.987005,0.988879,0,0
standard,P109,69,0.994899,0.994899,0,0
standard,P109,70,0.990181,0.990181,0,0
standard,P109,71,0.98829,0.98829,0,0
standard,P109,72,0.988809,0.988809,0,0
standard,P109,73,0.99294,0.99294,0,0
standard,P109,74,0.983817,0.983817,0,0
standard,P109,75,0.980631,0.979017,0,0
standard,P109,76,0.975225,0.98103,0,0
standard,P109,77,0.980871,0.978735,0,0
standard,P109,78,0.987163,0.987163,0,0
standard,P109,79,0.990063,0.990063,0,0
standard,P109,80,0.990255,0.990255,0,0
standard,P109,81,0.983333,0.983333,0,0
standard,P109,82,0.981435,0.974684,0,0
standard,P109,83,0.98606,0.98606,0,0
standard,P109,84,0.985431,0.985431,0,0
standard,P109,85,0.990476,0.990476,0,0
standard,P109,86,0.993353,0.993353,0,0
standard,P109,87,0.996344,0.996344,0,0
standard,P109,88,0.995425,0.995425,0,0
standard,P109,89,0.995125,0.995125,0,0
standard,P109,90,0.994819,0.994819,0,0
standard,P109,91,0.995122,0.995122,0,0
standard,P109,92,0.996028,0.996028,0,0
standard,P109,93,0.986503,0.986503,0,0
standard,P109,94,0.991379,0.991379,0,0
standard,P109,95,0.987013,0.987013,0,0
standard,P109,96,0.984404,0.984404,0,0
standard,P109,97,0.985516,0.985516,0,0
standard,P109,98,0.984459,0.984459,0,0
standard,P109,99,0.985275,0.985275,0,0
standard,P109,100,0.98713,0.98713,0,0
standard,P109,101,0.990654,0.990654,0,0
standard,P109,102,0.974524,0.977163,0,0
standard,P109,103,0.989677,0.989677,0,0
standard,P109,104,0.989032,0.989032,0,0
standard,P109,105,0.990672,0.990672,0,0
standard,P109,106,0.993263,0.993263,0,0
standard,P109,107,0.993928,0.993928,0,0
standard,P109,108,0.990428,0.990428,0,0
standard,P109,109,0.980467,0.971502,0,0
standard,P109,110,0.968889,0.979372,0,0
standard,P109,111,0.96143,0.974184,0,0
standard,P109,112,0.969887,0.979219,0,0
standard,P109,113,0.974859,0.979154,0,0
standard,P109,114,0.974779,0.983617,0,0
standard,P109,115,0.966984,0.984887,0,0
standard,P109,116,0.979708,0.984026,0,0
standard,P109,117,0.976273,0.979879,0,0
standard,P109,118,0.973952,0.978163,0,0
standard,P109,119,0.979955,0.980555,0,0
standard,P109,120,0.969968,0.972851,0,0
standard,P109,121,0.964963,0.975657,0,0
standard,P109,122,0.97536,0.979012,0,0
standard,P109,123,0.970328,0.981394,0,0
standard,P109,124,0.97134,0.97423,0,0
standard,P109,125,0.980222,0.980526,0,0
standard,P109,126,0.97775,0.981818,0,0
standard,P109,127,0.992899,0.992899,0,0
standard,P109,128,0.983364,0.983364,0,0
standard,P109,129,0.993218,0.993218,0,0
standard,P109,130,0.983961,0.983961,0,0
standard,P109,131,0.994134,0.994134,0,0
standard,P109,132,0.995679,0.995679,0,0
standard,P109,133,0.98735,0.98735,0,0
standard,P109,134,0.997842,0.997842,0,0
standard,P109,135,0.992296,0.992296,0,0
standard,P109,136,0.996616,0.996616,0,0
standard,P109,137,0.996934,0.996934,0,0
standard,P109,138,0.991193,0.991193,0,0
standard,P109,139,0.989778,0.989778,0,0
standard,P109,140,0.994627,0.994627,0,0
standard,P109,141,0.994972,0.994972,0,0
standard,P109,142,0.992958,0.992958,0,0
standard,P109,143,0.992442,0.992442,0,0
slim,P000,1,0.864989,0.713959,0,0
slim,P000,2,0.657005,0.867299,0,0
slim,P000,3,0.716792,0.83208,0,0
slim,P000,4,0.907514,0.907514,0,0
slim,P000,5,0.90027,0.90027,0,0
slim,P000,6,0.992556,0.992556,0,0
slim,P000,7,0.793177,0.762105,0,0
slim,P000,8,0.900685,0.862416,0,0
slim,P000,9,0.89689,0.869852,0,0
slim,P000,10,0.911439,0.911439,0,0
slim,P000,11,0.955102,0.955102,0,0
slim,P000,12,0.831933,0.894958,0,0
slim,P000,13,0.782961,0.884381,0,0
slim,P000,14,0.912281,0.912281,0,0
slim,P000,15,0.922581,0.941935,0,0
slim,P000,16,0.90379,0.90379,0,0
slim,P000,17,0.97992,0.97992,0,0
slim,P000,18,0.963636,0.92129,0,0
slim,P000,19,0.94075,0.90534,0,0
slim,P000,20,0.875556,0.933333,0,0
slim,P000,21,0.996812,0.996812,0,0
slim,P000,22,0.727064,0.897196,0,0
slim,P000,23,0.704225,0.843829,0,0
slim,P000,24,0.932203,0.932203,0,0
slim,P000,25,0.619433,0.65587,0,0
slim,P000,26,0.932039,0.915033,0,0
slim,P000,27,0.662824,0.737752,0,0
slim,P000,28,0.808163,0.82449,0,0
slim,P000,29,0.961538,0.961538,0,0
slim,P000,30,0.992908,0.992908,0,0
slim,P000,31,0.929254,0.929254,0,0
slim,P000,32,0.851064,0.877506,0,0
slim,P000,33,0.957494,0.957494,0,0
slim,P000,34,0.952381,0.952381,0,0
slim,P000,35,0.904673,0.904673,0,0
slim,P000,36,0.849926,0.861813,0,0
slim,P000,37,0.88993,0.879532,0,0
slim,P000,38,0.943284,0.943284,0,0
slim,P000,39,0.959259,0.959259,0,0
slim,P000,40,0.950495,0.950495,0,0
slim,P000,41,0.95,0.95,0,0
slim,P000,42,0.805139,0.806134,0,0
slim,P000,43,0.919654,0.865266,0,0
slim,P000,44,0.956322,0.956322,0,0
slim,P000,45,0.998857,0.998857,0,0
slim,P000,46,0.814614,0.821229,0,0
slim,P000,47,0.966777,0.966777,0,0
slim,P000,48,0.955372,0.955372,0,0
slim,P000,49,0.92769,0.92769,0,0
slim,P000,50,0.938776,0.938776,0,0
slim,P000,51,0.816024,0.829912,0,0
slim,P000,52,0.897119,0.897119,0,0
slim,P000,53,0.984709,0.984709,0,0
slim,P000,54,0.996904,0.996904,0,0
slim,P000,55,0.688435,0.807163,0,0
slim,P000,56,0.893365,0.907583,0,0
slim,P000,57,0.964079,0.964079,0,0
slim,P000,58,0.918618,0.944072,0,0
slim,P000,59,0.780488,0.77221,0,0
slim,P000,60,0.932704,0.92562,0,0
slim,P000,61,0.723077,0.852097,0,0
slim,P000,62,0.669065,0.844125,0,0
slim,P000,63,0.646739,0.872777,0,0
slim,P000,64,0.909825,0.920805,0,0
slim,P000,65,0.680973,0.661952,0,0
slim,P000,66,0.893142,0.92823,0,0
slim,P000,67,0.79566,0.831826,0,0
slim,P000,68,0.912664,0.93722,0,0
slim,P000,69,1.0,1.0,0,0
slim,P000,70,0.525469,0.75067,0,0
slim,P000,71,0.877907,0.842105,0,0
slim,P000,72,0.921182,0.862069,0,0
slim,P000,73,0.942478,0.942478,0,0
slim,P000,74,0.885932,0.885932,0,0
slim,P000,75,0.640867,0.866667,0,0
slim,P000,76,0.916883,0.916883,0,0
slim,P000,77,0.996416,0.996416,0,0
slim,P000,78,0.955429,0.955429,0,0
slim,P000,79,0.966916,0.958904,0,0
slim,P000,80,0.93595,0.964876,0,0
slim,P000,81,0.980392,0.980392,0,0
slim,P000,82,0.606522,0.932893,0,0
slim,P000,83,1.0,1.0,0,0
slim,P000,84,0.598525,0.897787,0,0
slim,P000,85,0.62513,0.934169,0,0
slim,P000,86,0.601179,0.874263,0,0
slim,P000,87,0.985127,0.985127,0,0
slim,P000,88,0.91646,0.95128,0,0
slim,P000,89,0.977528,0.977528,0,0
slim,P000,90,0.708481,0.916961,0,0
slim,P000,91,0.730496,0.951807,0,0
slim,P000,92,1.0,1.0,0,0
slim,P000,93,0.719501,0.92446,0,0
slim,P000,94,0.981643,0.982592,0,0
slim,P000,95,0.940719,0.961951,0,0
slim,P000,96,0.93001,0.975379,0,0
slim,P000,97,0.958295,0.953184,0,0
slim,P000,98,0.99908,0.99908,0,0
slim,P000,99,0.913124,0.949588,0,0
slim,P000,100,0.97026,0.968401,0,0
slim,P000,101,0.998134,0.998134,0,0
slim,P000,102,0.95393,0.958781,0,0
slim,P000,103,0.936323,0.961435,0,0
slim,P000,104,0.703839,0.915905,0,0
slim,P000,105,0.816,0.944,0,0
slim,P000,106,0.987889,0.987889,0,0
slim,P000,107,0.99914,0.99914,0,0
slim,P000,108,0.899729,0.936248,0,0
slim,P000,109,0.971098,0.970221,0,0
slim,P000,110,0.977099,0.977099,0,0
slim,P000,111,0.963303,0.963303,0,0
slim,P000,112,0.95713,0.95713,0,0
slim,P000,113,0.748621,0.914375,0,0
slim,P000,114,0.985999,0.983895,0,0
slim,P000,115,0.809992,0.938683,0,0
slim,P000,116,1.0,1.0,0,0
slim,P000,117,0.932806,0.972332,0,0
slim,P000,118,0.925778,0.976077,0,0
slim,P000,119,0.995253,0.995253,0,0
slim,P000,120,0.806084,0.939924,0,0
slim,P000,121,0.967422,0.967422,0,0
slim,P000,122,0.976712,0.964755,0,0
slim,P000,123,0.961938,0.964986,0,0
slim,P000,124,0.961186,0.961318,0,0
slim,P000,125,1.0,1.0,0,0
slim,P000,126,0.691765,0.890127,0,0
slim,P000,127,0.947935,0.933697,0,0
slim,P000,128,0.906954,0.909091,0,0
slim,P000,129,0.794268,0.880081,0,0
slim,P000,130,0.91326,0.947686,0,0
slim,P000,131,0.94246,0.954183,0,0
slim,P000,132,0.998008,0.998008,0,0
slim,P000,133,0.95825,0.950397,0,0
slim,P000,134,0.701933,0.944049,0,0
slim,P000,135,0.968619,0.970711,0,0
slim,P000,136,0.944,0.944,0,0
slim,P000,137,0.702392,0.938154,0,0
slim,P000,138,0.956439,0.956439,0,0
slim,P000,139,0.693762,0.906796,0,0
slim,P000,140,0.687556,0.898836,0,0
slim,P000,141,0.993277,0.993277,0,0
slim,P000,142,0.737762,0.90472,0,0
slim,P000,143,0.742807,0.924806,0,0
slim,P000,144,0.954271,0.954271,0,0
slim,P000,145,0.95435,0.95435,0,0
slim,P000,146,0.946725,0.946725,0,0
slim,P001,1,0.877193,0.881366,0,0
slim,P001,2,0.97483,0.974675,0,0
slim,P001,3,0.973978,0.978894,0,0
slim,P001,4,0.992377,0.992377,0,0
slim,P001,5,0.989833,0.989833,0,0
slim,P001,6,0.987999,0.987999,0,0
slim,P001,7,0.953419,0.970598,0,0
slim,P001,8,0.988802,0.98773,0,0
slim,P001,9,0.953753,0.977069,0,0
slim,P001,10,0.853446,0.880945,0,0
slim,P001,11,0.957012,0.957012,0,0
slim,P001,12,0.978395,0.978395,0,0
slim,P001,13,0.834862,0.845183,0,0
slim,P001,14,0.986437,0.986437,0,0
slim,P001,15,0.849956,0.859785,0,0
slim,P001,16,0.865058,0.858917,0,0
slim,P001,17,0.981769,0.975512,0,0
slim,P001,18,0.991886,0.991886,0,0
slim,P001,19,0.990553,0.990553,0,0
slim,P001,20,0.987919,0.987039,0,0
slim,P001,21,0.980013,0.971598,0,0
slim,P001,22,0.982926,0.982926,0,0
slim,P001,23,0.978538,0.981387,0,0
slim,P001,24,0.942202,0.96869,0,0
slim,P001,25,0.983719,0.984673,0,0
slim,P001,26,0.975258,0.974648,0,0
slim,P001,27,0.978576,0.978576,0,0
slim,P001,28,0.97201,0.977143,0,0
slim,P001,29,0.982097,0.979034,0,0
slim,P001,30,0.990112,0.990112,0,0
slim,P001,31,0.984499,0.979643,0,0
slim,P001,32,0.97069,0.96874,0,0
slim,P001,33,0.967559,0.980269,0,0
slim,P001,34,0.98374,0.98757,0,0
slim,P001,35,0.982137,0.976672,0,0
slim,P001,36,0.973146,0.966879,0,0
slim,P001,37,0.957576,0.970598,0,0
slim,P001,38,0.984038,0.983463,0,0
slim,P001,39,0.98615,0.98615,0,0
slim,P001,40,0.978646,0.979617,0,0
slim,P001,41,0.983175,0.983676,0,0
slim,P001,42,0.97479,0.984606,0,0
slim,P001,43,0.987873,0.983761,0,0
slim,P001,44,0.983041,0.984496,0,0
slim,P001,45,0.983161,0.983161,0,0
slim,P001,46,0.980006,0.978153,0,0
slim,P001,47,0.985722,0.981078,0,0
slim,P001,48,0.976917,0.972302,0,0
slim,P001,49,0.970757,0.971843,0,0
slim,P001,50,0.977918,0.97252,0,0
slim,P001,51,0.962384,0.965959,0,0
slim,P001,52,0.936325,0.959902,0,0
slim,P001,53,0.944805,0.97031,0,0
slim,P001,54,0.951007,0.978824,0,0
slim,P001,55,0.983529,0.97579,0,0
slim,P001,56,0.974514,0.973684,0,0
slim,P001,57,0.985585,0.973262,0,0
slim,P001,58,0.976855,0.977901,0,0
slim,P001,59,0.959972,0.969633,0,0
slim,P001,60,0.969807,0.969785,0,0
slim,P001,61,0.978534,0.980539,0,0
slim,P001,62,0.99295,0.99295,0,0
slim,P001,63,0.967742,0.983315,0,0
slim,P001,64,0.971301,0.975304,0,0
slim,P001,65,0.976586,0.985617,0,0
slim,P001,66,0.991258,0.991258,0,0
slim,P001,67,0.970888,0.981474,0,0
slim,P001,68,0.991754,0.991754,0,0
slim,P001,69,0.974765,0.978212,0,0
slim,P001,70,0.919567,0.978176,0,0
slim,P001,71,0.980686,0.982429,0,0
slim,P001,72,0.994111,0.994111,0,0
slim,P001,73,0.970484,0.97458,0,0
slim,P001,74,0.97951,0.97951,0,0
slim,P001,75,0.984477,0.984477,0,0
slim,P001,76,0.973716,0.981803,0,0
slim,P001,77,0.981177,0.97739,0,0
slim,P001,78,0.993192,0.993192,0,0
slim,P001,79,0.988414,0.988414,0,0
slim,P001,80,0.963023,0.973473,0,0
slim,P001,81,0.949917,0.971718,0,0
slim,P001,82,0.919078,0.978864,0,0
slim,P001,83,0.920527,0.96833,0,0
slim,P001,84,0.953874,0.984326,0,0
slim,P001,85,0.972401,0.972401,0,0
slim,P001,86,0.925551,0.974008,0,0
slim,P001,87,0.920188,0.966239,0,0
slim,P001,88,0.983152,0.983152,0,0
slim,P001,89,0.976605,0.96012,0,0
slim,P001,90,0.984064,0.966483,0,0
slim,P001,91,0.972862,0.970784,0,0
slim,P001,92,0.975636,0.972973,0,0
slim,P001,93,0.976216,0.974054,0,0
slim,P001,94,0.979303,0.96628,0,0
slim,P001,95,0.982514,0.981441,0,0
slim,P001,96,0.980032,0.979482,0,0
slim,P001,97,0.982888,0.988235,0,0
slim,P001,98,0.97306,0.969762,0,0
slim,P001,99,0.969247,0.969247,0,0
slim,P001,100,0.959089,0.979803,0,0
slim,P001,101,0.962774,0.962774,0,0
slim,P001,102,0.96012,0.96012,0,0
slim,P001,103,0.825742,0.841145,0,0
slim,P001,104,0.962882,0.963393,0,0
slim,P001,105,0.951899,0.951351,0,0
slim,P001,106,0.84701,0.839052,0,0
slim,P001,107,0.819079,0.837171,0,0
slim,P001,108,0.783993,0.828144,0,0
slim,P001,109,0.978417,0.978417,0,0
slim,P001,110,0.89911,0.953179,0,0
slim,P001,111,0.710702,0.775855,0,0
slim,P001,112,0.773927,0.789452,0,0
slim,P001,113,0.791684,0.787434,0,0
slim,P001,114,0.753193,0.789303,0,0
slim,P001,115,0.730159,0.750104,0,0
slim,P001,116,0.98355,0.984973,0,0
slim,P001,117,0.97747,0.97747,0,0
slim,P001,118,0.728317,0.822402,0,0
slim,P001,119,0.967966,0.944991,0,0
slim,P001,120,0.66178,0.674598,0,0
slim,P001,121,0.966867,0.964392,0,0
slim,P001,122,0.774882,0.763304,0,0
slim,P001,123,0.933558,0.939783,0,0
slim,P001,124,0.909154,0.910541,0,0
slim,P001,125,0.78943,0.783673,0,0
slim,P001,126,0.978571,0.978571,0,0
slim,P001,127,0.676588,0.679492,0,0
slim,P001,128,0.65507,0.673993,0,0
slim,P001,129,0.940552,0.940117,0,0
slim,P001,130,0.934955,0.928609,0,0
slim,P001,131,0.787114,0.79965,0,0
slim,P001,132,0.816723,0.806135,0,0
slim,P001,133,0.830235,0.830235,0,0
slim,P001,134,0.904202,0.91563,0,0
slim,P001,135,0.972695,0.963034,0,0
slim,P001,136,0.839048,0.877797,0,0
slim,P001,137,0.87574,0.87611,0,0
slim,P001,138,0.976393,0.976393,0,0
slim,P001,139,0.86746,0.86746,0,0
slim,P001,140,0.782918,0.785372,0,0
slim,P001,141,0.796323,0.818826,0,0
slim,P001,142,0.832288,0.836811,0,0
slim,P001,143,0.859794,0.922425,0,0
slim,P011,1,0.993989,0.993989,0,0
slim,P011,2,0.994343,0.994343,0,0
slim,P011,3,0.996863,0.996863,0,0
slim,P011,4,0.995282,0.995282,0,0
slim,P011,5,0.992715,0.992715,0,0
slim,P011,6,0.996819,0.996819,0,0
slim,P011,7,0.993959,0.993959,0,0
slim,P011,8,0.997776,0.997776,0,0
slim,P011,9,0.994588,0.994588,0,0
slim,P011,10,0.995218,0.995218,0,0
slim,P011,11,0.994275,0.994275,0,0
slim,P011,12,0.993963,0.993963,0,0
slim,P011,13,0.993647,0.993647,0,0
slim,P011,14,0.993357,0.993357,0,0
slim,P011,15,0.995589,0.995589,0,0
slim,P011,16,0.994972,0.994972,0,0
slim,P011,17,0.991793,0.991793,0,0
slim,P011,18,0.992031,0.992031,0,0
slim,P011,19,0.991014,0.991014,0,0
slim,P011,20,0.983161,0.983161,0,0
slim,P011,21,0.989261,0.989261,0,0
slim,P011,22,0.971091,0.976821,0,0
slim,P011,23,0.991736,0.983876,0,0
slim,P011,24,0.979861,0.979044,0,0
slim,P011,25,0.979725,0.971817,0,0
slim,P011,26,0.987021,0.978149,0,0
slim,P011,27,0.973223,0.971166,0,0
slim,P011,28,0.979687,0.980522,0,0
slim,P011,29,0.960135,0.964895,0,0
slim,P011,30,0.96254,0.957936,0,0
slim,P011,31,0.950019,0.950019,0,0
slim,P011,32,0.9817,0.9817,0,0
slim,P011,33,0.975318,0.975861,0,0
slim,P011,34,0.988008,0.987654,0,0
slim,P011,35,0.979699,0.981273,0,0
slim,P011,36,0.983988,0.984794,0,0
slim,P011,37,0.988571,0.988571,0,0
slim,P011,38,0.988956,0.988956,0,0
slim,P011,39,0.993939,0.993939,0,0
slim,P011,40,0.988218,0.988218,0,0
slim,P011,41,0.992795,0.992795,0,0
slim,P011,42,0.996007,0.996007,0,0
slim,P011,43,0.985782,0.985782,0,0
slim,P011,44,0.988979,0.988979,0,0
slim,P011,45,0.99037,0.99037,0,0
slim,P011,46,0.98622,0.98622,0,0
slim,P011,47,0.965335,0.966063,0,0
slim,P011,48,0.973298,0.973298,0,0
slim,P011,49,0.990744,0.988922,0,0
slim,P011,50,0.98709,0.98709,0,0
slim,P011,51,0.991118,0.991118,0,0
slim,P011,52,0.983716,0.983716,0,0
slim,P011,53,0.986019,0.986019,0,0
slim,P011,54,0.992652,0.992652,0,0
slim,P011,55,0.985978,0.985978,0,0
slim,P011,56,0.987407,0.987407,0,0
slim,P011,57,0.983523,0.983523,0,0
slim,P011,58,0.993856,0.993856,0,0
slim,P011,59,0.98769,0.977206,0,0
slim,P011,60,0.989489,0.989489,0,0
slim,P011,61,0.997108,0.997108,0,0
slim,P011,62,0.994555,0.994555,0,0
slim,P011,63,0.997085,0.997085,0,0
slim,P011,64,0.997813,0.997813,0,0
slim,P011,65,0.99562,0.99562,0,0
slim,P011,66,0.992674,0.992674,0,0
slim,P011,67,0.9967,0.9967,0,0
slim,P011,68,0.99524,0.99524,0,0
slim,P011,69,0.997439,0.997439,0,0
slim,P011,70,0.993048,0.993048,0,0
slim,P011,71,0.995981,0.995981,0,0
slim,P011,72,0.995278,0.995278,0,0
slim,P011,73,0.995295,0.995295,0,0
slim,P011,74,0.990566,0.990566,0,0
slim,P011,75,0.988649,0.988632,0,0
slim,P011,76,0.986765,0.986765,0,0
slim,P011,77,0.988574,0.988938,0,0
slim,P011,78,0.987755,0.987755,0,0
slim,P011,79,0.985736,0.982377,0,0
slim,P011,80,0.984476,0.984476,0,0
slim,P011,81,0.989691,0.980814,0,0
slim,P011,82,0.978378,0.976237,0,0
slim,P011,83,0.981818,0.968446,0,0
slim,P011,84,0.971451,0.9531,0,0
slim,P011,85,0.985173,0.964891,0,0
slim,P011,86,0.987437,0.980227,0,0
slim,P011,87,0.952818,0.971405,0,0
slim,P011,88,0.988012,0.986777,0,0
slim,P011,89,0.981397,0.985411,0,0
slim,P011,90,0.989553,0.989553,0,0
slim,P011,91,0.993232,0.993232,0,0
slim,P011,92,0.985928,0.985928,0,0
slim,P011,93,0.965399,0.981293,0,0
slim,P011,94,0.989303,0.9897,0,0
slim,P011,95,0.980645,0.977682,0,0
slim,P011,96,0.989293,0.988476,0,0
slim,P011,97,0.990686,0.990686,0,0
slim,P011,98,0.995777,0.995777,0,0
slim,P011,99,0.994058,0.994058,0,0
slim,P011,100,0.987136,0.987136,0,0
slim,P011,101,0.987408,0.987408,0,0
slim,P011,102,0.992573,0.992573,0,0
slim,P011,103,0.990022,0.990022,0,0
slim,P011,104,0.979609,0.979609,0,0
slim,P011,105,0.985869,0.985869,0,0
slim,P011,106,0.993437,0.993437,0,0
slim,P011,107,0.981952,0.981908,0,0
slim,P011,108,0.989344,0.989344,0,0
slim,P011,109,0.981978,0.981978,0,0
slim,P011,110,0.981633,0.981633,0,0
slim,P011,111,0.986913,0.986913,0,0
slim,P011,112,0.99314,0.99314,0,0
slim,P011,113,0.995816,0.995816,0,0
slim,P011,114,0.993156,0.993156,0,0
slim,P011,115,0.994685,0.994685,0,0
slim,P011,116,0.996977,0.996977,0,0
slim,P011,117,0.990943,0.990943,0,0
slim,P011,118,0.994717,0.994717,0,0
slim,P011,119,0.998493,0.998493,0,0
slim,P011,120,0.995461,0.995461,0,0
slim,P011,121,0.995051,0.995051,0,0
slim,P011,122,0.996947,0.996947,0,0
slim,P011,123,0.997325,0.997325,0,0
slim,P011,124,0.990046,0.990046,0,0
slim,P011,125,0.984983,0.984983,0,0
slim,P011,126,0.989867,0.989867,0,0
slim,P011,127,0.985748,0.985748,0,0
slim,P011,128,0.989996,0.989996,0,0
slim,P011,129,0.992748,0.992748,0,0
slim,P011,130,0.990662,0.990662,0,0
slim,P011,131,0.992641,0.992641,0,0
slim,P011,132,0.989708,0.989708,0,0
slim,P011,133,0.993773,0.993773,0,0
slim,P011,134,0.995819,0.995819,0,0
slim,P011,135,0.987448,0.987448,0,0
slim,P011,136,0.99707,0.99707,0,0
slim,P011,137,0.982924,0.982924,0,0
slim,P011,138,0.983471,0.97986,0,0
slim,P011,139,0.99018,0.99018,0,0
slim,P011,140,0.960548,0.982036,0,0
slim,P011,141,0.97985,0.972036,0,0
slim,P011,142,0.97795,0.979326,0,0
slim,P011,143,0.976976,0.974046,0,0
slim,P011,144,0.972576,0.974732,0,0
slim,P011,145,0.973369,0.986217,0,0
slim,P011,146,0.960949,0.964231,0,0
slim,P011,147,0.986001,0.969925,0,0
slim,P011,148,0.985007,0.982196,0,0
slim,P011,149,0.951327,0.969452,0,0
slim,P011,150,0.988431,0.975873,0,0
slim,P011,151,0.990326,0.971102,0,0
slim,P011,152,0.983618,0.980434,0,0
slim,P011,153,0.975124,0.980282,0,0
slim,P011,154,0.982317,0.973732,0,0
slim,P011,155,0.976208,0.977778,0,0
slim,P011,156,0.99586,0.99586,0,0
slim,P011,157,0.988722,0.988722,0,0
slim,P011,158,0.990605,0.990626,0,0
slim,P011,159,0.993631,0.993631,0,0
slim,P011,160,0.953195,0.979881,0,0
slim,P011,161,0.987845,0.987845,0,0
slim,P011,162,0.993766,0.993766,0,0
slim,P011,163,0.994152,0.994152,0,0
slim,P011,164,0.994165,0.994165,0,0
slim,P011,165,0.99635,0.99635,0,0
slim,P011,166,0.995969,0.995969,0,0
slim,P011,167,0.995572,0.995572,0,0
slim,P011,168,0.99628,0.99628,0,0
slim,P011,169,0.993621,0.993621,0,0
slim,P011,170,0.994725,0.994725,0,0
slim,P011,171,0.996224,0.996224,0,0
slim,P011,172,0.995441,0.995441,0,0
slim,P011,173,0.996564,0.996564,0,0
slim,P011,174,0.996944,0.996944,0,0
slim,P011,175,0.993888,0.993888,0,0
slim,P011,176,0.995032,0.995032,0,0
slim,P011,177,0.992767,0.992767,0,0
slim,P011,178,0.993916,0.993916,0,0
slim,P011,179,0.996949,0.996949,0,0
slim,P011,180,0.989189,0.989189,0,0
slim,P011,181,0.995309,0.995309,0,0
slim,P011,182,0.993346,0.993346,0,0
slim,P011,183,0.99451,0.99451,0,0
slim,P011,184,0.97879,0.977901,0,0
slim,P011,185,0.970414,0.972244,0,0
slim,P011,186,0.9736,0.969355,0,0
slim,P011,187,0.970273,0.962589,0,0
slim,P011,188,0.981879,0.956706,0,0
slim,P011,189,0.990397,0.96796,0,0
slim,P011,190,0.978899,0.958664,0,0
slim,P011,191,0.985892,0.981575,0,0
slim,P011,192,0.979933,0.987342,0,0
slim,P011,193,0.977074,0.984447,0,0
slim,P011,194,0.988382,0.986233,0,0
slim,P011,195,0.982809,0.98308,0,0
slim,P011,196,0.99322,0.99322,0,0
slim,P011,197,0.995349,0.995349,0,0
slim,P011,198,0.989865,0.989865,0,0
slim,P011,199,0.985714,0.985714,0,0
slim,P012,1,0.975475,0.977091,0,0
slim,P012,2,0.989306,0.989306,0,0
slim,P012,3,0.795924,0.946424,0,0
slim,P012,4,0.96701,0.983467,0,0
slim,P012,5,0.973643,0.985789,0,0
slim,P012,6,0.98666,0.98666,0,0
slim,P012,7,0.973553,0.975444,0,0
slim,P012,8,0.969697,0.989362,0,0
slim,P012,9,0.99788,0.99788,0,0
slim,P012,10,0.882038,0.962584,0,0
slim,P012,11,0.979946,0.971567,0,0
slim,P012,12,0.924383,0.966298,0,0
slim,P012,13,0.9192,0.977366,0,0
slim,P012,14,0.974464,0.971749,0,0
slim,P012,15,0.977855,0.972318,0,0
slim,P012,16,0.963791,0.97896,0,0
slim,P012,17,0.977085,0.971941,0,0
slim,P012,18,0.968324,0.979912,0,0
slim,P012,19,0.978888,0.978656,0,0
slim,P012,20,0.980739,0.981116,0,0
slim,P012,21,0.985075,0.987702,0,0
slim,P012,22,0.941151,0.975822,0,0
slim,P012,23,0.988276,0.988276,0,0
slim,P012,24,0.985922,0.988446,0,0
slim,P012,25,0.991312,0.991312,0,0
slim,P012,26,0.935032,0.961644,0,0
slim,P012,27,0.987742,0.988372,0,0
slim,P012,28,0.941454,0.950394,0,0
slim,P012,29,0.992269,0.992269,0,0
slim,P012,30,0.989854,0.989854,0,0
slim,P012,31,0.989247,0.988194,0,0
slim,P012,32,0.993248,0.993248,0,0
slim,P012,33,0.984977,0.985198,0,0
slim,P012,34,0.938144,0.973628,0,0
slim,P012,35,0.996185,0.996185,0,0
slim,P012,36,0.995974,0.995974,0,0
slim,P012,37,0.934899,0.966287,0,0
slim,P012,38,0.986811,0.986811,0,0
slim,P012,39,0.994106,0.994106,0,0
slim,P012,40,0.98047,0.982425,0,0
slim,P012,41,0.983201,0.982233,0,0
slim,P012,42,0.992606,0.992606,0,0
slim,P012,43,0.991604,0.991604,0,0
slim,P012,44,0.991811,0.991811,0,0
slim,P012,45,0.934927,0.964831,0,0
slim,P012,46,0.925492,0.96427,0,0
slim,P012,47,0.983028,0.983028,0,0
slim,P012,48,0.929155,0.965168,0,0
slim,P012,49,0.989419,0.989763,0,0
slim,P012,50,0.982524,0.983941,0,0
slim,P012,51,0.986879,0.983373,0,0
slim,P012,52,0.916129,0.968426,0,0
slim,P012,53,0.976098,0.978102,0,0
slim,P012,54,0.981081,0.982982,0,0
slim,P012,55,0.934787,0.969894,0,0
slim,P012,56,0.97895,0.976455,0,0
slim,P012,57,0.967464,0.978331,0,0
slim,P012,58,0.988705,0.988705,0,0
slim,P012,59,0.984763,0.984763,0,0
slim,P012,60,0.924817,0.976413,0,0
slim,P012,61,0.983188,0.983188,0,0
slim,P012,62,0.986059,0.986059,0,0
slim,P012,63,0.988021,0.988021,0,0
slim,P012,64,0.993023,0.993023,0,0
slim,P012,65,0.987113,0.983808,0,0
slim,P012,66,0.991654,0.991654,0,0
slim,P012,67,0.98417,0.98417,0,0
slim,P012,68,0.989986,0.989986,0,0
slim,P012,69,0.979005,0.977278,0,0
slim,P012,70,0.974549,0.977645,0,0
slim,P012,71,0.919944,0.968901,0,0
slim,P012,72,0.927105,0.965632,0,0
slim,P012,73,0.927702,0.972678,0,0
slim,P012,74,0.996741,0.996741,0,0
slim,P012,75,0.988025,0.988025,0,0
slim,P012,76,0.988038,0.988038,0,0
slim,P012,77,0.93146,0.983926,0,0
slim,P012,78,0.992658,0.992658,0,0
slim,P012,79,0.992852,0.992852,0,0
slim,P012,80,0.988241,0.988241,0,0
slim,P012,81,0.989561,0.989561,0,0
slim,P012,82,0.985153,0.985153,0,0
slim,P012,83,0.984817,0.980102,0,0
slim,P012,84,0.982782,0.981711,0,0
slim,P012,85,0.989773,0.986585,0,0
slim,P012,86,0.992475,0.992475,0,0
slim,P012,87,0.979262,0.972597,0,0
slim,P012,88,0.977356,0.976594,0,0
slim,P012,89,0.902179,0.969024,0,0
slim,P012,90,0.916398,0.972556,0,0
slim,P012,91,0.992386,0.992386,0,0
slim,P012,92,0.984059,0.984059,0,0
slim,P012,93,0.991442,0.991442,0,0
slim,P012,94,0.988352,0.988352,0,0
slim,P012,95,0.992356,0.992356,0,0
slim,P012,96,0.993846,0.993846,0,0
slim,P012,97,0.999339,0.999339,0,0
slim,P012,98,0.991007,0.991007,0,0
slim,P012,99,0.985205,0.985205,0,0
slim,P012,100,0.938481,0.970197,0,0
slim,P012,101,0.980012,0.977391,0,0
slim,P012,102,0.918815,0.951377,0,0
slim,P012,103,0.979204,0.983982,0,0
slim,P012,104,0.918055,0.961308,0,0
slim,P012,105,0.920954,0.962385,0,0
slim,P012,106,0.984451,0.979961,0,0
slim,P012,107,0.968996,0.983158,0,0
slim,P012,108,0.98755,0.98755,0,0
slim,P012,109,0.976744,0.976744,0,0
slim,P012,110,0.998501,0.998501,0,0
slim,P012,111,0.987994,0.987747,0,0
slim,P012,112,0.988878,0.987879,0,0
slim,P012,113,0.988838,0.985135,0,0
slim,P012,114,0.965207,0.975124,0,0
slim,P012,115,0.920393,0.970717,0,0
slim,P012,116,0.977995,0.975187,0,0
slim,P012,117,0.923153,0.972482,0,0
slim,P012,118,0.941697,0.976196,0,0
slim,P012,119,0.98249,0.983026,0,0
slim,P012,120,0.987998,0.987998,0,0
slim,P012,121,0.99905,0.99905,0,0
slim,P012,122,0.987462,0.986022,0,0
slim,P012,123,0.990369,0.990369,0,0
slim,P012,124,0.990472,0.990472,0,0
slim,P012,125,0.979724,0.979724,0,0
slim,P012,126,0.97515,0.97893,0,0
slim,P012,127,0.978106,0.980132,0,0
slim,P012,128,0.981818,0.981818,0,0
slim,P012,129,0.960408,0.980182,0,0
slim,P012,130,0.947516,0.975462,0,0
slim,P012,131,0.989894,0.989894,0,0
slim,P012,132,0.940457,0.976535,0,0
slim,P012,133,0.991517,0.991517,0,0
slim,P012,134,0.989329,0.989329,0,0
slim,P012,135,0.946988,0.973103,0,0
slim,P012,136,0.987057,0.987057,0,0
slim,P012,137,0.981863,0.981863,0,0
slim,P012,138,0.991013,0.991013,0,0
slim,P012,139,0.988825,0.988825,0,0
slim,P012,140,0.987636,0.987636,0,0
slim,P012,141,0.992625,0.992625,0,0
slim,P012,142,0.987642,0.987642,0,0
slim,P012,143,0.992075,0.992075,0,0
slim,P012,144,0.995059,0.995059,0,0
slim,P012,145,0.98581,0.98581,0,0
slim,P012,146,0.989711,0.989711,0,0
slim,P019,1,0.976706,0.946157,0,0
slim,P019,2,0.981459,0.974042,0,0
slim,P019,3,0.995078,0.995078,0,0
slim,P019,4,0.996735,0.996735,0,0
slim,P019,5,0.991916,0.991916,0,0
slim,P019,6,0.986889,0.986889,0,0
slim,P019,7,0.985277,0.985277,0,0
slim,P019,8,0.994756,0.994756,0,0
slim,P019,9,0.992695,0.992695,0,0
slim,P019,10,0.993098,0.993098,0,0
slim,P019,11,0.993103,0.993103,0,0
slim,P019,12,0.978551,0.978551,0,0
slim,P019,13,0.990737,0.990737,0,0
slim,P019,14,0.987952,0.987952,0,0
slim,P019,15,0.984468,0.984468,0,0
slim,P019,16,0.996438,0.996438,0,0
slim,P019,17,0.980846,0.980846,0,0
slim,P019,18,0.991136,0.991136,0,0
slim,P019,19,0.990744,0.990744,0,0
slim,P019,20,0.996381,0.996381,0,0
slim,P019,21,0.996387,0.996387,0,0
slim,P019,22,0.994802,0.994802,0,0
slim,P019,23,0.991249,0.991249,0,0
slim,P019,24,0.988442,0.988442,0,0
slim,P019,25,0.988773,0.988773,0,0
slim,P019,26,0.989633,0.989633,0,0
slim,P019,27,0.981993,0.981993,0,0
slim,P019,28,0.988581,0.988581,0,0
slim,P019,29,0.990947,0.990947,0,0
slim,P019,30,0.988525,0.988525,0,0
slim,P019,31,0.989699,0.989699,0,0
slim,P019,32,0.990886,0.990886,0,0
slim,P019,33,0.996705,0.996705,0,0
slim,P019,34,0.994661,0.994661,0,0
slim,P019,35,0.983498,0.983498,0,0
slim,P019,36,0.985124,0.985124,0,0
slim,P019,37,0.989247,0.989247,0,0
slim,P019,38,0.993344,0.993344,0,0
slim,P019,39,0.990826,0.990826,0,0
slim,P019,40,0.99335,0.99335,0,0
slim,P019,41,0.993388,0.993388,0,0
slim,P019,42,0.990562,0.990562,0,0
slim,P019,43,0.985258,0.985258,0,0
slim,P019,44,0.989741,0.989741,0,0
slim,P019,45,0.994683,0.994683,0,0
slim,P019,46,0.991042,0.991042,0,0
slim,P019,47,0.977724,0.982598,0,0
slim,P019,48,0.960479,0.970751,0,0
slim,P019,49,0.985427,0.984664,0,0
slim,P019,50,0.97501,0.972931,0,0
slim,P019,51,0.94391,0.950622,0,0
slim,P019,52,0.911392,0.932031,0,0
slim,P019,53,0.920687,0.92034,0,0
slim,P019,54,0.914784,0.940287,0,0
slim,P019,55,0.912361,0.948097,0,0
slim,P019,56,0.940372,0.975702,0,0
slim,P019,57,0.964534,0.983442,0,0
slim,P019,58,0.958968,0.946338,0,0
slim,P019,59,0.950607,0.949413,0,0
slim,P019,60,0.965952,0.965952,0,0
slim,P019,61,0.969388,0.969388,0,0
slim,P019,62,0.950471,0.943149,0,0
slim,P019,63,0.842506,0.86032,0,0
slim,P019,64,0.957156,0.96447,0,0
slim,P019,65,0.967742,0.956678,0,0
slim,P019,66,0.940294,0.934893,0,0
slim,P019,67,0.976942,0.976942,0,0
slim,P019,68,0.979469,0.979469,0,0
slim,P019,69,0.970764,0.970764,0,0
slim,P019,70,0.971913,0.971913,0,0
slim,P019,71,0.960192,0.960192,0,0
slim,P019,72,0.966799,0.966799,0,0
slim,P019,73,0.983636,0.983636,0,0
slim,P019,74,0.982353,0.982353,0,0
slim,P019,75,0.980608,0.980608,0,0
slim,P019,76,0.981649,0.981649,0,0
slim,P019,77,0.975045,0.975045,0,0
slim,P019,78,0.983993,0.983993,0,0
slim,P019,79,0.973692,0.973692,0,0
slim,P019,80,0.965453,0.965453,0,0
slim,P019,81,0.95935,0.967884,0,0
slim,P019,82,0.984635,0.984635,0,0
slim,P019,83,0.934252,0.958673,0,0
slim,P019,84,0.978643,0.978643,0,0
slim,P019,85,0.993742,0.993742,0,0
slim,P019,86,0.980629,0.980629,0,0
slim,P019,87,0.98438,0.98438,0,0
slim,P019,88,0.983136,0.983136,0,0
slim,P019,89,0.9801,0.9801,0,0
slim,P019,90,0.991234,0.991234,0,0
slim,P019,91,0.988005,0.988005,0,0
slim,P019,92,0.988557,0.988557,0,0
slim,P019,93,0.95499,0.961426,0,0
slim,P019,94,0.962355,0.966253,0,0
slim,P019,95,0.965371,0.952009,0,0
slim,P019,96,0.909157,0.853526,0,0
slim,P019,97,0.919453,0.936478,0,0
slim,P019,98,0.938003,0.926829,0,0
slim,P019,99,0.917038,0.917505,0,0
slim,P019,100,0.934164,0.962529,0,0
slim,P019,101,0.959908,0.973874,0,0
slim,P019,102,0.980301,0.980301,0,0
slim,P019,103,0.970266,0.957205,0,0
slim,P019,104,0.976237,0.977449,0,0
slim,P019,105,0.942745,0.975323,0,0
slim,P019,106,0.956727,0.968529,0,0
slim,P019,107,0.983645,0.966511,0,0
slim,P019,108,0.971919,0.956318,0,0
slim,P019,109,0.97235,0.97235,0,0
slim,P019,110,0.955826,0.960216,0,0
slim,P019,111,0.978939,0.978939,0,0
slim,P019,112,0.983698,0.983698,0,0
slim,P019,113,0.988358,0.988358,0,0
slim,P019,114,0.989439,0.989439,0,0
slim,P019,115,0.984978,0.984978,0,0
slim,P019,116,0.981301,0.981301,0,0
slim,P019,117,0.974783,0.974783,0,0
slim,P019,118,0.964256,0.964657,0,0
slim,P019,119,0.973063,0.973063,0,0
slim,P019,120,0.978939,0.978939,0,0
slim,P019,121,0.95072,0.960879,0,0
slim,P020,1,0.985163,0.985163,0,0
slim,P020,2,0.991996,0.991996,0,0
slim,P020,3,0.99153,0.99153,0,0
slim,P020,4,0.989331,0.989331,0,0
slim,P020,5,0.994874,0.994874,0,0
slim,P020,6,0.990802,0.990802,0,0
slim,P020,7,0.98943,0.98943,0,0
slim,P020,8,0.988607,0.988607,0,0
slim,P020,9,0.990644,0.990644,0,0
slim,P020,10,0.990772,0.990772,0,0
slim,P020,11,0.982068,0.982068,0,0
slim,P020,12,0.990576,0.990576,0,0
slim,P020,13,0.991938,0.991938,0,0
slim,P020,14,0.989583,0.989583,0,0
slim,P020,15,0.992878,0.992878,0,0
slim,P020,16,0.987355,0.987355,0,0
slim,P020,17,0.993717,0.993717,0,0
slim,P020,18,0.995001,0.995001,0,0
slim,P020,19,0.989947,0.989947,0,0
slim,P020,20,0.960129,0.960129,0,0
slim,P020,21,0.941896,0.969814,0,0
slim,P020,22,0.955167,0.965891,0,0
slim,P020,23,0.975699,0.982411,0,0
slim,P020,24,0.964459,0.975215,0,0
slim,P020,25,0.977164,0.984875,0,0
slim,P020,26,0.989894,0.983607,0,0
slim,P020,27,0.987781,0.9869,0,0
slim,P020,28,0.983583,0.987299,0,0
slim,P020,29,0.974518,0.983227,0,0
slim,P020,30,0.989354,0.989176,0,0
slim,P020,31,0.988457,0.988457,0,0
slim,P020,32,0.993885,0.993885,0,0
slim,P020,33,0.989842,0.989842,0,0
slim,P020,34,0.993833,0.993833,0,0
slim,P020,35,0.989136,0.989136,0,0
slim,P020,36,0.987816,0.990481,0,0
slim,P020,37,0.988597,0.988597,0,0
slim,P020,38,0.981507,0.980464,0,0
slim,P020,39,0.988996,0.988996,0,0
slim,P020,40,0.985845,0.985845,0,0
slim,P020,41,0.992036,0.992036,0,0
slim,P020,42,0.992105,0.992105,0,0
slim,P020,43,0.991499,0.991499,0,0
slim,P020,44,0.99643,0.99643,0,0
slim,P020,45,0.994401,0.994401,0,0
slim,P020,46,0.995288,0.995288,0,0
slim,P020,47,0.996639,0.996639,0,0
slim,P020,48,0.990629,0.990629,0,0
slim,P020,49,0.991119,0.991119,0,0
slim,P020,50,0.99137,0.99137,0,0
slim,P020,51,0.993583,0.993583,0,0
slim,P020,52,0.990696,0.990696,0,0
slim,P020,53,0.997126,0.997126,0,0
slim,P020,54,0.992942,0.992942,0,0
slim,P020,55,0.995831,0.995831,0,0
slim,P020,56,0.992583,0.992583,0,0
slim,P020,57,0.997388,0.997388,0,0
slim,P020,58,0.998477,0.998477,0,0
slim,P020,59,0.99609,0.99609,0,0
slim,P020,60,0.997612,0.997612,0,0
slim,P020,61,0.992167,0.992167,0,0
slim,P020,62,0.997822,0.997822,0,0
slim,P020,63,0.996959,0.996959,0,0
slim,P020,64,0.995027,0.995027,0,0
slim,P020,65,0.992896,0.992896,0,0
slim,P020,66,0.992439,0.992439,0,0
slim,P020,67,0.989767,0.989767,0,0
slim,P020,68,0.991282,0.991282,0,0
slim,P020,69,0.991703,0.990211,0,0
slim,P020,70,0.984286,0.98314,0,0
slim,P020,71,0.989359,0.988511,0,0
slim,P020,72,0.994578,0.994578,0,0
slim,P020,73,0.992828,0.992828,0,0
slim,P020,74,0.98978,0.988646,0,0
slim,P020,75,0.990654,0.98929,0,0
slim,P020,76,0.986848,0.981007,0,0
slim,P020,77,0.985527,0.983142,0,0
slim,P020,78,0.976829,0.988046,0,0
slim,P020,79,0.982554,0.988522,0,0
slim,P020,80,0.982557,0.984386,0,0
slim,P020,81,0.991719,0.991719,0,0
slim,P020,82,0.988903,0.988903,0,0
slim,P020,83,0.986198,0.986198,0,0
slim,P020,84,0.991119,0.991119,0,0
slim,P020,85,0.99311,0.99311,0,0
slim,P020,86,0.983933,0.983933,0,0
slim,P020,87,0.987098,0.987098,0,0
slim,P020,88,0.992958,0.992958,0,0
slim,P020,89,0.989394,0.989394,0,0
slim,P020,90,0.983522,0.983522,0,0
slim,P020,91,0.991601,0.991601,0,0
slim,P020,92,0.992577,0.992577,0,0
slim,P020,93,0.990395,0.990395,0,0
slim,P020,94,0.994381,0.994381,0,0
slim,P020,95,0.990538,0.990538,0,0
slim,P020,96,0.991528,0.991528,0,0
slim,P020,97,0.982265,0.982265,0,0
slim,P020,98,0.989113,0.989113,0,0
slim,P020,99,0.990142,0.990142,0,0
slim,P020,100,0.989462,0.989462,0,0
slim,P020,101,0.994132,0.994132,0,0
slim,P020,102,0.996641,0.996641,0,0
slim,P021,1,1.0,1.0,1,1
slim,P021,2,1.0,1.0,1,1
slim,P021,3,1.0,1.0,1,1
slim,P021,4,1.0,1.0,1,1
slim,P021,5,1.0,1.0,1,1
slim,P021,6,1.0,1.0,1,1
slim,P021,7,1.0,1.0,1,1
slim,P021,8,1.0,1.0,1,1
slim,P021,9,1.0,1.0,1,1
slim,P021,10,1.0,1.0,1,1
slim,P021,11,1.0,1.0,1,1
slim,P021,12,1.0,1.0,1,1
slim,P021,13,0.0,0.0,0,1
slim,P021,14,0.774194,0.774194,0,0
slim,P021,15,0.907407,0.907407,0,0
slim,P021,16,0.914573,0.914573,0,0
slim,P021,17,0.832432,0.832432,0,0
slim,P021,18,0.952381,0.952381,0,0
slim,P021,19,0.810458,0.810458,0,0
slim,P021,20,0.0,0.0,1,0
slim,P021,21,1.0,1.0,1,1
slim,P021,22,1.0,1.0,1,1
slim,P021,23,1.0,1.0,1,1
slim,P021,24,1.0,1.0,1,1
slim,P021,25,1.0,1.0,1,1
slim,P021,26,0.0,0.0,0,1
slim,P021,27,0.747664,0.747664,0,0
slim,P021,28,0.923077,0.923077,0,0
slim,P021,29,0.654867,0.685185,0,0
slim,P021,30,0.0,0.0,1,0
slim,P021,31,1.0,1.0,1,1
slim,P021,32,1.0,1.0,1,1
slim,P021,33,0.0,0.0,0,1
slim,P021,34,0.515759,0.515759,0,0
slim,P021,35,0.861897,0.861897,0,0
slim,P021,36,0.948396,0.948396,0,0
slim,P021,37,0.944584,0.944584,0,0
slim,P021,38,0.895299,0.895299,0,0
slim,P021,39,0.923214,0.923214,0,0
slim,P021,40,0.935609,0.935609,0,0
slim,P021,41,0.944056,0.944056,0,0
slim,P021,42,0.969099,0.969099,0,0
slim,P021,43,0.966645,0.966645,0,0
slim,P021,44,0.970899,0.969738,0,0
slim,P021,45,0.978102,0.978102,0,0
slim,P021,46,0.980908,0.980908,0,0
slim,P021,47,0.979434,0.979434,0,0
slim,P021,48,0.983312,0.983312,0,0
slim,P021,49,0.974198,0.974198,0,0
slim,P021,50,0.977191,0.977191,0,0
slim,P021,51,0.966343,0.966343,0,0
slim,P021,52,0.980154,0.980154,0,0
slim,P021,53,0.980545,0.980545,0,0
slim,P021,54,0.984392,0.984392,0,0
slim,P021,55,0.933916,0.952998,0,0
slim,P021,56,0.95284,0.964169,0,0
slim,P021,57,0.987733,0.987733,0,0
slim,P021,58,0.980021,0.980021,0,0
slim,P021,59,0.984741,0.984741,0,0
slim,P021,60,0.971867,0.971867,0,0
slim,P021,61,0.98853,0.98853,0,0
slim,P021,62,0.986612,0.986612,0,0
slim,P021,63,0.978184,0.978184,0,0
slim,P021,64,0.972264,0.972264,0,0
slim,P021,65,0.976081,0.976081,0,0
slim,P021,66,0.969409,0.969409,0,0
slim,P021,67,0.969863,0.969863,0,0
slim,P021,68,0.985075,0.985075,0,0
slim,P021,69,0.990571,0.990571,0,0
slim,P021,70,0.976109,0.976109,0,0
slim,P021,71,0.963495,0.963495,0,0
slim,P021,72,0.974587,0.974587,0,0
slim,P021,73,0.95788,0.95788,0,0
slim,P021,74,0.981949,0.981949,0,0
slim,P021,75,0.979321,0.979321,0,0
slim,P021,76,0.959885,0.959885,0,0
slim,P021,77,0.986851,0.986851,0,0
slim,P021,78,0.982603,0.982603,0,0
slim,P021,79,0.982456,0.982456,0,0
slim,P021,80,0.933333,0.933333,0,0
slim,P021,81,0.970297,0.970297,0,0
slim,P021,82,0.974717,0.974717,0,0
slim,P021,83,0.927063,0.927063,0,0
slim,P021,84,0.947712,0.947712,0,0
slim,P021,85,0.954436,0.954436,0,0
slim,P021,86,0.97066,0.97066,0,0
slim,P021,87,0.965438,0.965438,0,0
slim,P021,88,0.988914,0.988914,0,0
slim,P021,89,0.980306,0.980306,0,0
slim,P021,90,0.952381,0.952381,0,0
slim,P021,91,0.950049,0.950049,0,0
slim,P021,92,0.964457,0.964457,0,0
slim,P021,93,0.953033,0.953033,0,0
slim,P021,94,0.979466,0.979466,0,0
slim,P021,95,0.972079,0.972079,0,0
slim,P021,96,0.962588,0.962588,0,0
slim,P021,97,0.893757,0.893757,0,0
slim,P021,98,0.370079,0.354049,0,0
slim,P021,99,0.0,0.0,1,0
slim,P021,100,1.0,1.0,1,1
slim,P021,101,1.0,1.0,1,1
slim,P021,102,1.0,1.0,1,1
slim,P021,103,1.0,1.0,1,1
slim,P021,104,1.0,1.0,1,1
slim,P021,105,1.0,1.0,1,1
slim,P021,106,1.0,1.0,1,1
slim,P021,107,1.0,1.0,1,1
slim,P021,108,1.0,1.0,1,1
slim,P021,109,1.0,1.0,1,1
slim,P021,110,1.0,1.0,1,1
slim,P021,111,1.0,1.0,1,1
slim,P021,112,1.0,1.0,1,1
slim,P021,113,1.0,1.0,1,1
slim,P021,114,1.0,1.0,1,1
slim,P021,115,1.0,1.0,1,1
slim,P021,116,1.0,1.0,1,1
slim,P021,117,1.0,1.0,1,1
slim,P021,118,1.0,1.0,1,1
slim,P021,119,1.0,1.0,1,1
slim,P021,120,1.0,1.0,1,1
slim,P021,121,1.0,1.0,1,1
slim,P021,122,1.0,1.0,1,1
slim,P021,123,1.0,1.0,1,1
slim,P021,124,1.0,1.0,1,1
slim,P021,125,1.0,1.0,1,1
slim,P021,126,1.0,1.0,1,1
slim,P021,127,1.0,1.0,1,1
slim,P021,128,1.0,1.0,1,1
slim,P021,129,1.0,1.0,1,1
slim,P021,130,1.0,1.0,1,1
slim,P021,131,1.0,1.0,1,1
slim,P021,132,1.0,1.0,1,1
slim,P021,133,1.0,1.0,1,1
slim,P021,134,1.0,1.0,1,1
slim,P021,135,1.0,1.0,1,1
slim,P021,136,1.0,1.0,1,1
slim,P021,137,1.0,1.0,1,1
slim,P021,138,1.0,1.0,1,1
slim,P021,139,1.0,1.0,1,1
slim,P021,140,1.0,1.0,1,1
slim,P021,141,1.0,1.0,1,1
slim,P021,142,1.0,1.0,1,1
slim,P021,143,1.0,1.0,1,1
slim,P021,144,1.0,1.0,1,1
slim,P021,145,1.0,1.0,1,1
slim,P021,146,1.0,1.0,1,1
slim,P021,147,1.0,1.0,1,1
slim,P021,148,1.0,1.0,1,1
slim,P021,149,1.0,1.0,1,1
slim,P021,150,1.0,1.0,1,1
slim,P021,151,1.0,1.0,1,1
slim,P021,152,1.0,1.0,1,1
slim,P021,153,1.0,1.0,1,1
slim,P021,154,1.0,1.0,1,1
slim,P021,155,1.0,1.0,1,1
slim,P021,156,1.0,1.0,1,1
slim,P021,157,1.0,1.0,1,1
slim,P021,158,1.0,1.0,1,1
slim,P021,159,1.0,1.0,1,1
slim,P021,160,1.0,1.0,1,1
slim,P021,161,1.0,1.0,1,1
slim,P021,162,1.0,1.0,1,1
slim,P021,163,1.0,1.0,1,1
slim,P021,164,1.0,1.0,1,1
slim,P021,165,1.0,1.0,1,1
slim,P021,166,1.0,1.0,1,1
slim,P021,167,1.0,1.0,1,1
slim,P021,168,1.0,1.0,1,1
slim,P021,169,1.0,1.0,1,1
slim,P021,170,1.0,1.0,1,1
slim,P021,171,1.0,1.0,1,1
slim,P021,172,1.0,1.0,1,1
slim,P021,173,1.0,1.0,1,1
slim,P021,174,1.0,1.0,1,1
slim,P021,175,1.0,1.0,1,1
slim,P021,176,1.0,1.0,1,1
slim,P021,177,1.0,1.0,1,1
slim,P021,178,1.0,1.0,1,1
slim,P021,179,1.0,1.0,1,1
slim,P021,180,1.0,1.0,1,1
slim,P021,181,1.0,1.0,1,1
slim,P021,182,1.0,1.0,1,1
slim,P021,183,1.0,1.0,1,1
slim,P021,184,1.0,1.0,1,1
slim,P021,185,1.0,1.0,1,1
slim,P021,186,1.0,1.0,1,1
slim,P021,187,1.0,1.0,1,1
slim,P021,188,1.0,1.0,1,1
slim,P021,189,1.0,1.0,1,1
slim,P021,190,1.0,1.0,1,1
slim,P021,191,1.0,1.0,1,1
slim,P021,192,1.0,1.0,1,1
slim,P021,193,1.0,1.0,1,1
slim,P021,194,1.0,1.0,1,1
slim,P021,195,1.0,1.0,1,1
slim,P021,196,1.0,1.0,1,1
slim,P021,197,1.0,1.0,1,1
slim,P021,198,1.0,1.0,1,1
slim,P021,199,1.0,1.0,1,1
slim,P040,1,0.987629,0.985881,0,0
slim,P040,2,0.991913,0.991913,0,0
slim,P040,3,0.994527,0.994527,0,0
slim,P040,4,0.987434,0.983897,0,0
slim,P040,5,0.997973,0.997973,0,0
slim,P040,6,0.99715,0.99715,0,0
slim,P040,7,0.994471,0.994471,0,0
slim,P040,8,0.997128,0.997128,0,0
slim,P040,9,0.99877,0.99877,0,0
slim,P040,10,0.998156,0.998156,0,0
slim,P040,11,0.998976,0.998976,0,0
slim,P040,12,0.997952,0.997952,0,0
slim,P040,13,0.994473,0.994473,0,0
slim,P040,14,0.99529,0.99529,0,0
slim,P040,15,0.997745,0.997745,0,0
slim,P040,16,0.997536,0.997536,0,0
slim,P040,17,0.987326,0.987326,0,0
slim,P040,18,0.990881,0.990881,0,0
slim,P040,19,0.993369,0.993369,0,0
slim,P040,20,0.995586,0.995586,0,0
slim,P040,21,0.996368,0.996368,0,0
slim,P040,22,0.984953,0.98565,0,0
slim,P040,23,0.989551,0.989551,0,0
slim,P040,24,0.994462,0.994462,0,0
slim,P040,25,0.994855,0.994855,0,0
slim,P040,26,0.998139,0.998139,0,0
slim,P040,27,0.995653,0.995653,0,0
slim,P040,28,0.995025,0.995025,0,0
slim,P040,29,0.996468,0.996468,0,0
slim,P040,30,0.996667,0.996667,0,0
slim,P040,31,0.994975,0.994975,0,0
slim,P040,32,0.992797,0.992797,0,0
slim,P040,33,0.995095,0.995095,0,0
slim,P040,34,0.990246,0.990246,0,0
slim,P040,35,0.991593,0.991593,0,0
slim,P040,36,0.993129,0.993129,0,0
slim,P040,37,0.985537,0.985537,0,0
slim,P040,38,0.98362,0.985782,0,0
slim,P040,39,0.968567,0.975021,0,0
slim,P040,40,0.952461,0.977112,0,0
slim,P040,41,0.959237,0.976019,0,0
slim,P040,42,0.973745,0.98365,0,0
slim,P040,43,0.975683,0.98848,0,0
slim,P040,44,0.972511,0.985528,0,0
slim,P040,45,0.976887,0.989522,0,0
slim,P040,46,0.97287,0.986385,0,0
slim,P040,47,0.985274,0.989435,0,0
slim,P040,48,0.993736,0.989846,0,0
slim,P040,49,0.990826,0.989205,0,0
slim,P040,50,0.977402,0.987678,0,0
slim,P040,51,0.988061,0.992623,0,0
slim,P040,52,0.98144,0.984768,0,0
slim,P040,53,0.984422,0.989858,0,0
slim,P040,54,0.985781,0.990688,0,0
slim,P040,55,0.978659,0.984967,0,0
slim,P040,56,0.987688,0.988458,0,0
slim,P040,57,0.984743,0.983777,0,0
slim,P040,58,0.989399,0.989399,0,0
slim,P040,59,0.990712,0.990712,0,0
slim,P040,60,0.992042,0.992042,0,0
slim,P040,61,0.994577,0.994577,0,0
slim,P040,62,0.996488,0.996488,0,0
slim,P040,63,0.99606,0.99606,0,0
slim,P040,64,0.98952,0.989978,0,0
slim,P040,65,0.997384,0.997384,0,0
slim,P040,66,0.989787,0.990925,0,0
slim,P040,67,0.990812,0.986647,0,0
slim,P040,68,0.993328,0.993328,0,0
slim,P040,69,0.988428,0.988428,0,0
slim,P040,70,0.993767,0.993767,0,0
slim,P040,71,0.989351,0.989351,0,0
slim,P040,72,0.98688,0.98688,0,0
slim,P040,73,0.987807,0.987807,0,0
slim,P040,74,0.993575,0.993575,0,0
slim,P040,75,0.99348,0.99348,0,0
slim,P040,76,0.996899,0.996899,0,0
slim,P040,77,0.988079,0.989001,0,0
slim,P040,78,0.99456,0.99456,0,0
slim,P040,79,0.98631,0.986811,0,0
slim,P040,80,0.980954,0.98316,0,0
slim,P040,81,0.984991,0.986182,0,0
slim,P040,82,0.976239,0.98295,0,0
slim,P040,83,0.977326,0.983845,0,0
slim,P040,84,0.978431,0.984486,0,0
slim,P040,85,0.965928,0.979681,0,0
slim,P040,86,0.972288,0.983595,0,0
slim,P040,87,0.977231,0.977595,0,0
slim,P040,88,0.983524,0.981843,0,0
slim,P040,89,0.992563,0.990052,0,0
slim,P040,90,0.986876,0.988159,0,0
slim,P040,91,0.988514,0.98832,0,0
slim,P040,92,0.994652,0.993956,0,0
slim,P040,93,0.987922,0.984474,0,0
slim,P040,94,0.990215,0.990187,0,0
slim,P040,95,0.979754,0.983988,0,0
slim,P040,96,0.989358,0.989358,0,0
slim,P040,97,0.994078,0.994078,0,0
slim,P040,98,0.992903,0.992903,0,0
slim,P040,99,0.989003,0.989003,0,0
slim,P040,100,0.992322,0.992322,0,0
slim,P040,101,0.968889,0.980423,0,0
slim,P040,102,0.978822,0.978617,0,0
slim,P040,103,0.987202,0.987202,0,0
slim,P040,104,0.986978,0.986978,0,0
slim,P040,105,0.988118,0.988118,0,0
slim,P040,106,0.987255,0.987255,0,0
slim,P040,107,0.989251,0.989251,0,0
slim,P040,108,0.996417,0.996417,0,0
slim,P040,109,0.984222,0.984222,0,0
slim,P040,110,0.988587,0.988587,0,0
slim,P040,111,0.985171,0.985171,0,0
slim,P040,112,0.994007,0.994007,0,0
slim,P040,113,0.993571,0.993571,0,0
slim,P040,114,0.986968,0.986968,0,0
slim,P040,115,0.994768,0.994768,0,0
slim,P040,116,0.991085,0.991085,0,0
slim,P040,117,0.995745,0.995745,0,0
slim,P040,118,0.996316,0.996316,0,0
slim,P040,119,0.993979,0.993979,0,0
slim,P040,120,0.994559,0.994559,0,0
slim,P041,1,0.995076,0.994009,0,0
slim,P041,2,0.980992,0.988249,0,0
slim,P041,3,0.985804,0.984636,0,0
slim,P041,4,0.985112,0.985015,0,0
slim,P041,5,0.990741,0.990375,0,0
slim,P041,6,0.994178,0.994178,0,0
slim,P041,7,0.987291,0.989057,0,0
slim,P041,8,0.992035,0.992087,0,0
slim,P041,9,0.988951,0.991901,0,0
slim,P041,10,0.990531,0.99042,0,0
slim,P041,11,0.994674,0.994674,0,0
slim,P041,12,0.994159,0.994159,0,0
slim,P041,13,0.991225,0.991224,0,0
slim,P041,14,0.98997,0.989854,0,0
slim,P041,15,0.986785,0.986437,0,0
slim,P041,16,0.994229,0.994005,0,0
slim,P041,17,0.994095,0.994431,0,0
slim,P041,18,0.989478,0.989703,0,0
slim,P041,19,0.99386,0.99386,0,0
slim,P041,20,0.991949,0.991949,0,0
slim,P041,21,0.993846,0.993846,0,0
slim,P041,22,0.987119,0.990792,0,0
slim,P041,23,0.997766,0.997766,0,0
slim,P041,24,0.997405,0.997405,0,0
slim,P041,25,0.993293,0.992774,0,0
slim,P041,26,0.992957,0.992957,0,0
slim,P041,27,0.992075,0.993151,0,0
slim,P041,28,0.996724,0.995199,0,0
slim,P041,29,0.994044,0.994044,0,0
slim,P041,30,0.995602,0.995602,0,0
slim,P041,31,0.996492,0.996492,0,0
slim,P041,32,0.998324,0.998324,0,0
slim,P041,33,0.996379,0.996379,0,0
slim,P041,34,0.998214,0.998214,0,0
slim,P041,35,0.996637,0.996637,0,0
slim,P041,36,0.997011,0.997011,0,0
slim,P041,37,0.997877,0.997877,0,0
slim,P041,38,0.998367,0.998367,0,0
slim,P041,39,0.997716,0.997716,0,0
slim,P041,40,0.99581,0.99581,0,0
slim,P041,41,0.998038,0.998038,0,0
slim,P041,42,0.996625,0.996625,0,0
slim,P041,43,0.997449,0.997449,0,0
slim,P041,44,0.993377,0.99397,0,0
slim,P041,45,0.998095,0.998095,0,0
slim,P041,46,0.997655,0.997655,0,0
slim,P041,47,0.998199,0.998199,0,0
slim,P041,48,0.996883,0.996883,0,0
slim,P041,49,0.996207,0.996207,0,0
slim,P041,50,0.996308,0.996308,0,0
slim,P041,51,0.993557,0.992593,0,0
slim,P041,52,0.994679,0.994568,0,0
slim,P041,53,0.995028,0.993311,0,0
slim,P041,54,0.994586,0.991913,0,0
slim,P041,55,0.99451,0.994432,0,0
slim,P041,56,0.988347,0.990933,0,0
slim,P041,57,0.990692,0.987695,0,0
slim,P041,58,0.984403,0.990143,0,0
slim,P041,59,0.99369,0.992014,0,0
slim,P041,60,0.9866,0.985545,0,0
slim,P041,61,0.993353,0.992167,0,0
slim,P041,62,0.994764,0.995129,0,0
slim,P041,63,0.993811,0.992946,0,0
slim,P041,64,0.994554,0.995296,0,0
slim,P041,65,0.993296,0.992966,0,0
slim,P041,66,0.98103,0.986693,0,0
slim,P041,67,0.99188,0.991986,0,0
slim,P041,68,0.988553,0.989403,0,0
slim,P041,69,0.98827,0.988099,0,0
slim,P041,70,0.98751,0.989263,0,0
slim,P041,71,0.991324,0.991381,0,0
slim,P041,72,0.992823,0.993456,0,0
slim,P041,73,0.993834,0.992947,0,0
slim,P041,74,0.992938,0.993326,0,0
slim,P041,75,0.992812,0.992869,0,0
slim,P041,76,0.995551,0.995725,0,0
slim,P041,77,0.994687,0.994335,0,0
slim,P041,78,0.991547,0.990904,0,0
slim,P041,79,0.995291,0.99402,0,0
slim,P041,80,0.995256,0.994509,0,0
slim,P041,81,0.996065,0.995663,0,0
slim,P041,82,0.995829,0.995367,0,0
slim,P041,83,0.99645,0.996334,0,0
slim,P041,84,0.997018,0.997016,0,0
slim,P041,85,0.997299,0.997067,0,0
slim,P041,86,0.995338,0.995338,0,0
slim,P041,87,0.986771,0.987807,0,0
slim,P041,88,0.982423,0.982423,0,0
slim,P041,89,0.99294,0.993235,0,0
slim,P041,90,0.994854,0.994854,0,0
slim,P041,91,0.990989,0.990981,0,0
slim,P041,92,0.993613,0.992813,0,0
slim,P041,93,0.99368,0.99374,0,0
slim,P041,94,0.993239,0.993043,0,0
slim,P041,95,0.992377,0.992377,0,0
slim,P041,96,0.995553,0.995553,0,0
slim,P041,97,0.992831,0.992765,0,0
slim,P041,98,0.995951,0.996075,0,0
slim,P041,99,0.993574,0.993574,0,0
slim,P041,100,0.995635,0.995635,0,0
slim,P041,101,0.996081,0.996081,0,0
slim,P041,102,0.996095,0.996095,0,0
slim,P041,103,0.993068,0.993068,0,0
slim,P041,104,0.9941,0.994225,0,0
slim,P041,105,0.991897,0.989809,0,0
slim,P041,106,0.990206,0.989943,0,0
slim,P041,107,0.987427,0.984196,0,0
slim,P041,108,0.989077,0.988783,0,0
slim,P041,109,0.990808,0.990883,0,0
slim,P041,110,0.987134,0.989098,0,0
slim,P041,111,0.989833,0.991775,0,0
slim,P041,112,0.98568,0.989323,0,0
slim,P041,113,0.9932,0.99225,0,0
slim,P041,114,0.992873,0.994003,0,0
slim,P041,115,0.99495,0.995429,0,0
slim,P041,116,0.991123,0.991948,0,0
slim,P041,117,0.990903,0.99158,0,0
slim,P041,118,0.992511,0.993947,0,0
slim,P041,119,0.98833,0.989629,0,0
slim,P041,120,0.991377,0.993148,0,0
slim,P041,121,0.993418,0.992939,0,0
slim,P041,122,0.992599,0.992599,0,0
slim,P041,123,0.994839,0.994839,0,0
slim,P041,124,0.992644,0.992101,0,0
slim,P041,125,0.995492,0.995492,0,0
slim,P041,126,0.992673,0.993535,0,0
slim,P041,127,0.995679,0.995952,0,0
slim,P043,1,0.034457,0.649111,0,0
slim,P043,2,0.760407,0.886427,0,0
slim,P043,3,0.924282,0.880973,0,0
slim,P043,4,0.94958,0.94958,0,0
slim,P043,5,0.883217,0.904872,0,0
slim,P043,6,0.703671,0.70256,0,0
slim,P043,7,0.0,0.0,0,0
slim,P043,8,0.0,0.0,1,0
slim,P043,9,1.0,1.0,1,1
slim,P043,10,1.0,1.0,1,1
slim,P043,11,0.0,0.0,0,1
slim,P043,12,0.459364,0.459364,0,0
slim,P043,13,0.0,0.0,1,0
slim,P043,14,1.0,1.0,1,1
slim,P043,15,0.0,0.0,0,1
slim,P043,16,0.0,0.0,1,0
slim,P043,17,0.0,0.0,0,1
slim,P043,18,0.538462,0.538462,0,0
slim,P043,19,0.509804,0.509804,0,0
slim,P043,20,0.0,0.0,1,0
slim,P043,21,0.0,0.0,0,1
slim,P043,22,0.8125,0.8125,0,0
slim,P043,23,0.433588,0.421538,0,0
slim,P043,24,0.368175,0.38965,0,0
slim,P043,25,0.320513,0.305304,0,0
slim,P043,26,0.721336,0.909091,0,0
slim,P043,27,0.931449,0.92253,0,0
slim,P043,28,0.761354,0.755738,0,0
slim,P043,29,0.85447,0.942857,0,0
slim,P043,30,0.88699,0.877493,0,0
slim,P043,31,0.927676,0.916104,0,0
slim,P043,32,0.80033,0.80033,0,0
slim,P043,33,0.818182,0.805049,0,0
slim,P043,34,0.555669,0.567318,0,0
slim,P043,35,0.722513,0.722513,0,0
slim,P043,36,0.915789,0.953684,0,0
slim,P043,37,0.9653,0.9653,0,0
slim,P043,38,0.928879,0.928647,0,0
slim,P043,39,0.923259,0.923259,0,0
slim,P043,40,0.962175,0.962175,0,0
slim,P043,41,0.892774,0.904429,0,0
slim,P043,42,0.924433,0.942065,0,0
slim,P043,43,0.883117,0.864227,0,0
slim,P043,44,0.832099,0.830049,0,0
slim,P043,45,0.915305,0.921944,0,0
slim,P043,46,0.88169,0.883263,0,0
slim,P043,47,0.789116,0.840816,0,0
slim,P043,48,0.936047,0.936047,0,0
slim,P043,49,0.938953,0.938953,0,0
slim,P043,50,0.922207,0.917143,0,0
slim,P043,51,0.906793,0.906793,0,0
slim,P043,52,0.943522,0.943522,0,0
slim,P043,53,0.925424,0.925424,0,0
slim,P043,54,0.405797,0.405797,0,0
slim,P043,55,0.520446,0.520446,0,0
slim,P043,56,0.831169,0.839827,0,0
slim,P043,57,0.884404,0.899083,0,0
slim,P043,58,0.843049,0.870073,0,0
slim,P043,59,0.873973,0.884932,0,0
slim,P043,60,0.967742,0.953079,0,0
slim,P043,61,0.885117,0.885117,0,0
slim,P043,62,0.898219,0.900763,0,0
slim,P043,63,0.826797,0.826797,0,0
slim,P043,64,0.791139,0.791139,0,0
slim,P043,65,0.966887,0.966887,0,0
slim,P043,66,0.946794,0.946794,0,0
slim,P043,67,0.991597,0.991597,0,0
slim,P043,68,0.848387,0.864686,0,0
slim,P043,69,0.904382,0.904382,0,0
slim,P043,70,0.936441,0.936441,0,0
slim,P043,71,0.773148,0.893519,0,0
slim,P043,72,0.923077,0.923077,0,0
slim,P043,73,0.901345,0.901345,0,0
slim,P043,74,0.553642,0.570292,0,0
slim,P043,75,0.834891,0.806065,0,0
slim,P043,76,0.934645,0.931469,0,0
slim,P043,77,0.95665,0.954315,0,0
slim,P043,78,0.885599,0.886379,0,0
slim,P043,79,0.8618,0.856942,0,0
slim,P043,80,0.852234,0.874892,0,0
slim,P043,81,0.776716,0.881385,0,0
slim,P043,82,0.748686,0.747899,0,0
slim,P043,83,0.431718,0.433628,0,0
slim,P043,84,0.466165,0.5,0,0
slim,P043,85,0.123077,0.130769,0,0
slim,P043,86,0.57975,0.643551,0,0
slim,P043,87,0.698413,0.661499,0,0
slim,P043,88,0.74386,0.757143,0,0
slim,P043,89,0.848249,0.875969,0,0
slim,P043,90,0.587571,0.587571,0,0
slim,P043,91,0.976,0.976,0,0
slim,P043,92,0.421053,0.442105,0,0
slim,P043,93,0.0,0.0,1,0
slim,P043,94,1.0,1.0,1,1
slim,P043,95,1.0,1.0,1,1
slim,P043,96,1.0,1.0,1,1
slim,P043,97,0.0,0.0,0,1
slim,P043,98,0.481633,0.481633,0,0
slim,P043,99,0.745,0.77,0,0
slim,P085,1,0.985277,0.985277,0,0
slim,P085,2,0.99721,0.99721,0,0
slim,P085,3,0.992079,0.992079,0,0
slim,P085,4,0.981626,0.984257,0,0
slim,P085,5,0.989711,0.989711,0,0
slim,P085,6,0.987049,0.987049,0,0
slim,P085,7,0.986378,0.986378,0,0
slim,P085,8,0.989195,0.989195,0,0
slim,P085,9,0.987018,0.988264,0,0
slim,P085,10,0.984258,0.985957,0,0
slim,P085,11,0.990693,0.990693,0,0
slim,P085,12,0.990928,0.990928,0,0
slim,P085,13,0.990519,0.990519,0,0
slim,P085,14,0.991121,0.991121,0,0
slim,P085,15,0.987711,0.987711,0,0
slim,P085,16,0.989238,0.989238,0,0
slim,P085,17,0.99083,0.99083,0,0
slim,P085,18,0.996361,0.996361,0,0
slim,P085,19,0.993584,0.993584,0,0
slim,P085,20,0.980141,0.981749,0,0
slim,P085,21,0.990158,0.990646,0,0
slim,P085,22,0.977142,0.98259,0,0
slim,P085,23,0.98457,0.98781,0,0
slim,P085,24,0.988367,0.990913,0,0
slim,P085,25,0.990803,0.993688,0,0
slim,P085,26,0.992104,0.992104,0,0
slim,P085,27,0.98815,0.98815,0,0
slim,P085,28,0.990087,0.990087,0,0
slim,P085,29,0.991339,0.991339,0,0
slim,P085,30,0.992279,0.992279,0,0
slim,P085,31,0.988787,0.99019,0,0
slim,P085,32,0.995362,0.995362,0,0
slim,P085,33,0.994953,0.994953,0,0
slim,P085,34,0.995964,0.995964,0,0
slim,P085,35,0.996165,0.996165,0,0
slim,P085,36,0.993514,0.993514,0,0
slim,P085,37,0.993506,0.993506,0,0
slim,P085,38,0.995557,0.995557,0,0
slim,P085,39,0.989883,0.989883,0,0
slim,P085,40,0.984263,0.986363,0,0
slim,P085,41,0.981447,0.980376,0,0
slim,P085,42,0.97947,0.981116,0,0
slim,P085,43,0.985922,0.979965,0,0
slim,P085,44,0.990866,0.99152,0,0
slim,P085,45,0.988857,0.987347,0,0
slim,P085,46,0.987247,0.987247,0,0
slim,P085,47,0.981391,0.977944,0,0
slim,P085,48,0.993351,0.993351,0,0
slim,P085,49,0.99272,0.99272,0,0
slim,P085,50,0.994926,0.994926,0,0
slim,P085,51,0.989622,0.989622,0,0
slim,P085,52,0.988739,0.985062,0,0
slim,P085,53,0.994046,0.992746,0,0
slim,P085,54,0.991656,0.991656,0,0
slim,P085,55,0.993631,0.993631,0,0
slim,P085,56,0.991205,0.991205,0,0
slim,P085,57,0.985658,0.985658,0,0
slim,P085,58,0.992944,0.992944,0,0
slim,P085,59,0.992977,0.992977,0,0
slim,P085,60,0.988136,0.988136,0,0
slim,P085,61,0.983689,0.983469,0,0
slim,P085,62,0.982168,0.981535,0,0
slim,P085,63,0.973847,0.982274,0,0
slim,P085,64,0.989602,0.988869,0,0
slim,P085,65,0.985855,0.985855,0,0
slim,P085,66,0.989659,0.989659,0,0
slim,P085,67,0.984097,0.986106,0,0
slim,P085,68,0.99043,0.991018,0,0
slim,P085,69,0.991021,0.991021,0,0
slim,P085,70,0.984317,0.993464,0,0
slim,P085,71,0.996083,0.996083,0,0
slim,P085,72,0.992395,0.992395,0,0
slim,P085,73,0.986266,0.985158,0,0
slim,P085,74,0.989633,0.989633,0,0
slim,P085,75,0.991781,0.991781,0,0
slim,P085,76,0.980322,0.984779,0,0
slim,P085,77,0.990496,0.990496,0,0
slim,P085,78,0.990196,0.990196,0,0
slim,P085,79,0.991576,0.991576,0,0
slim,P085,80,0.989255,0.989255,0,0
slim,P089,1,0.996755,0.996755,0,0
slim,P089,2,0.995125,0.995125,0,0
slim,P089,3,0.994565,0.994565,0,0
slim,P089,4,0.991281,0.991281,0,0
slim,P089,5,0.997274,0.997274,0,0
slim,P089,6,0.994289,0.994289,0,0
slim,P089,7,0.992962,0.992962,0,0
slim,P089,8,0.99351,0.99351,0,0
slim,P089,9,0.99647,0.99647,0,0
slim,P089,10,0.993986,0.993986,0,0
slim,P089,11,0.989804,0.989804,0,0
slim,P089,12,0.996681,0.996681,0,0
slim,P089,13,0.994178,0.994178,0,0
slim,P089,14,0.995551,0.995551,0,0
slim,P089,15,0.994691,0.994691,0,0
slim,P089,16,0.997755,0.997755,0,0
slim,P089,17,0.999439,0.999439,0,0
slim,P089,18,0.988327,0.988327,0,0
slim,P089,19,0.988914,0.988614,0,0
slim,P089,20,0.989421,0.989421,0,0
slim,P089,21,0.979467,0.979467,0,0
slim,P089,22,0.986748,0.986748,0,0
slim,P089,23,0.990083,0.990083,0,0
slim,P089,24,0.991481,0.991481,0,0
slim,P089,25,0.993432,0.993432,0,0
slim,P089,26,0.986183,0.986183,0,0
slim,P089,27,0.984229,0.984229,0,0
slim,P089,28,0.986582,0.985523,0,0
slim,P089,29,0.980977,0.985736,0,0
slim,P089,30,0.951609,0.971151,0,0
slim,P089,31,0.9659,0.976531,0,0
slim,P089,32,0.966326,0.981329,0,0
slim,P089,33,0.94237,0.9862,0,0
slim,P089,34,0.974121,0.984166,0,0
slim,P089,35,0.981302,0.98042,0,0
slim,P089,36,0.982342,0.979431,0,0
slim,P089,37,0.987785,0.978397,0,0
slim,P089,38,0.988691,0.984852,0,0
slim,P089,39,0.978451,0.977461,0,0
slim,P089,40,0.987858,0.977552,0,0
slim,P089,41,0.99042,0.98275,0,0
slim,P089,42,0.984394,0.985651,0,0
slim,P089,43,0.974727,0.984706,0,0
slim,P089,44,0.962705,0.976744,0,0
slim,P089,45,0.979255,0.990552,0,0
slim,P089,46,0.986667,0.979449,0,0
slim,P089,47,0.984953,0.976792,0,0
slim,P089,48,0.985821,0.9812,0,0
slim,P089,49,0.993247,0.993247,0,0
slim,P089,50,0.985923,0.982073,0,0
slim,P089,51,0.991921,0.991921,0,0
slim,P089,52,0.989831,0.989831,0,0
slim,P089,53,0.992434,0.992434,0,0
slim,P089,54,0.990854,0.990854,0,0
slim,P089,55,0.992967,0.992967,0,0
slim,P089,56,0.984488,0.983564,0,0
slim,P089,57,0.996129,0.996129,0,0
slim,P089,58,0.998708,0.998708,0,0
slim,P089,59,0.994558,0.994558,0,0
slim,P089,60,0.990916,0.990916,0,0
slim,P089,61,0.98982,0.98982,0,0
slim,P089,62,0.984019,0.984019,0,0
slim,P089,63,0.990291,0.990291,0,0
slim,P089,64,0.98203,0.986133,0,0
slim,P089,65,0.992859,0.992859,0,0
slim,P089,66,0.988871,0.988871,0,0
slim,P089,67,0.997347,0.997347,0,0
slim,P089,68,0.995518,0.995518,0,0
slim,P089,69,0.992662,0.992662,0,0
slim,P089,70,0.991641,0.991641,0,0
slim,P089,71,0.999478,0.999478,0,0
slim,P089,72,0.996352,0.996352,0,0
slim,P089,73,0.994816,0.994816,0,0
slim,P089,74,0.999483,0.999483,0,0
slim,P089,75,0.997157,0.997157,0,0
slim,P089,76,0.996131,0.996131,0,0
slim,P089,77,0.992547,0.992547,0,0
slim,P089,78,0.99692,0.99692,0,0
slim,P089,79,0.99923,0.99923,0,0
slim,P089,80,0.994356,0.994356,0,0
slim,P089,81,0.997952,0.997952,0,0
slim,P089,82,0.99872,0.99872,0,0
slim,P089,83,0.997692,0.997692,0,0
slim,P089,84,0.99537,0.99537,0,0
slim,P089,85,0.997429,0.997429,0,0
slim,P089,86,0.998973,0.998973,0,0
slim,P089,87,0.993578,0.993578,0,0
slim,P089,88,0.995387,0.995387,0,0
slim,P089,89,0.999233,0.999233,0,0
slim,P089,90,0.995914,0.995914,0,0
slim,P089,91,0.99847,0.99847,0,0
slim,P089,92,0.99414,0.99414,0,0
slim,P089,93,0.993676,0.993676,0,0
slim,P089,94,0.992178,0.992178,0,0
slim,P089,95,0.998736,0.998736,0,0
slim,P089,96,0.998486,0.998486,0,0
slim,P089,97,0.998992,0.998992,0,0
slim,P095,1,0.924812,0.924812,0,0
slim,P095,2,0.826389,0.895833,0,0
slim,P095,3,0.700935,0.700935,0,0
slim,P095,4,0.81862,0.828571,0,0
slim,P095,5,0.915119,0.915119,0,0
slim,P095,6,0.97909,0.97909,0,0
slim,P095,7,0.948052,0.948052,0,0
slim,P095,8,0.940837,0.940837,0,0
slim,P095,9,0.968652,0.968652,0,0
slim,P095,10,0.97553,0.97553,0,0
slim,P095,11,0.945227,0.945227,0,0
slim,P095,12,0.954286,0.954286,0,0
slim,P095,13,0.988981,0.988981,0,0
slim,P095,14,0.896296,0.896296,0,0
slim,P095,15,0.93809,0.93809,0,0
slim,P095,16,0.920635,0.920635,0,0
slim,P095,17,0.925987,0.925987,0,0
slim,P095,18,0.978528,0.978528,0,0
slim,P095,19,0.931765,0.931765,0,0
slim,P095,20,0.980299,0.980299,0,0
slim,P095,21,0.917155,0.917155,0,0
slim,P095,22,0.902077,0.902077,0,0
slim,P095,23,0.876712,0.866516,0,0
slim,P095,24,0.879659,0.879659,0,0
slim,P095,25,0.870805,0.870805,0,0
slim,P095,26,0.954155,0.954155,0,0
slim,P095,27,0.952068,0.950392,0,0
slim,P095,28,0.878256,0.894075,0,0
slim,P095,29,0.875,0.907059,0,0
slim,P095,30,0.952707,0.912644,0,0
slim,P095,31,0.949593,0.913446,0,0
slim,P095,32,0.974224,0.973795,0,0
slim,P095,33,0.97817,0.964341,0,0
slim,P095,34,0.973629,0.97801,0,0
slim,P095,35,0.969094,0.969094,0,0
slim,P095,36,0.969697,0.963918,0,0
slim,P095,37,0.979592,0.9727,0,0
slim,P095,38,0.968496,0.970707,0,0
slim,P095,39,0.966135,0.961013,0,0
slim,P095,40,0.965076,0.966926,0,0
slim,P095,41,0.979257,0.96575,0,0
slim,P095,42,0.986366,0.979972,0,0
slim,P095,43,0.974977,0.980681,0,0
slim,P095,44,0.984274,0.976169,0,0
slim,P095,45,0.971725,0.969188,0,0
slim,P095,46,0.966764,0.962782,0,0
slim,P095,47,0.940206,0.932503,0,0
slim,P095,48,0.968228,0.955014,0,0
slim,P095,49,0.987991,0.978654,0,0
slim,P095,50,0.969596,0.969596,0,0
slim,P095,51,0.975637,0.975637,0,0
slim,P095,52,0.97669,0.97669,0,0
slim,P095,53,0.980769,0.980769,0,0
slim,P095,54,0.989703,0.989703,0,0
slim,P095,55,0.944807,0.944807,0,0
slim,P095,56,0.992941,0.992941,0,0
slim,P095,57,0.95683,0.95683,0,0
slim,P095,58,0.991774,0.991774,0,0
slim,P095,59,0.981609,0.981609,0,0
slim,P095,60,0.98991,0.98991,0,0
slim,P095,61,0.989532,0.989532,0,0
slim,P095,62,0.991247,0.991247,0,0
slim,P095,63,0.990705,0.990705,0,0
slim,P095,64,0.994005,0.994005,0,0
slim,P095,65,0.993471,0.993471,0,0
slim,P095,66,0.972177,0.968297,0,0
slim,P095,67,0.983696,0.983696,0,0
slim,P095,68,0.991398,0.991398,0,0
slim,P095,69,0.980624,0.980624,0,0
slim,P095,70,0.988134,0.988134,0,0
slim,P095,71,0.989801,0.989801,0,0
slim,P095,72,0.994652,0.994652,0,0
slim,P095,73,0.985154,0.984615,0,0
slim,P095,74,0.982768,0.982768,0,0
slim,P095,75,0.992754,0.992754,0,0
slim,P095,76,0.995846,0.995846,0,0
slim,P095,77,0.984919,0.982365,0,0
slim,P095,78,0.99324,0.99324,0,0
slim,P095,79,0.96541,0.96541,0,0
slim,P095,80,0.957601,0.959089,0,0
slim,P095,81,0.9484,0.953069,0,0
slim,P095,82,0.958333,0.961185,0,0
slim,P095,83,0.952917,0.973752,0,0
slim,P095,84,0.931565,0.961373,0,0
slim,P095,85,0.922026,0.934558,0,0
slim,P095,86,0.934073,0.929056,0,0
slim,P095,87,0.936518,0.95142,0,0
slim,P095,88,0.938182,0.958738,0,0
slim,P095,89,0.959524,0.962876,0,0
slim,P095,90,0.929513,0.935949,0,0
slim,P095,91,0.95089,0.954248,0,0
slim,P095,92,0.972507,0.972767,0,0
slim,P095,93,0.95831,0.95831,0,0
slim,P095,94,0.974178,0.974178,0,0
slim,P095,95,0.979475,0.979475,0,0
slim,P095,96,0.971014,0.971014,0,0
slim,P095,97,0.975281,0.975281,0,0
slim,P095,98,0.961024,0.961024,0,0
slim,P095,99,0.955828,0.955828,0,0
slim,P097,1,0.996829,0.996829,0,0
slim,P097,2,0.995421,0.995421,0,0
slim,P097,3,0.989924,0.989924,0,0
slim,P097,4,0.989823,0.989823,0,0
slim,P097,5,0.990994,0.990994,0,0
slim,P097,6,0.996451,0.996451,0,0
slim,P097,7,0.996317,0.996317,0,0
slim,P097,8,0.99663,0.99663,0,0
slim,P097,9,0.997088,0.997088,0,0
slim,P097,10,0.99664,0.99664,0,0
slim,P097,11,0.995446,0.995446,0,0
slim,P097,12,0.992164,0.992164,0,0
slim,P097,13,0.997602,0.997602,0,0
slim,P097,14,0.994611,0.994611,0,0
slim,P097,15,0.99595,0.99595,0,0
slim,P097,16,0.985667,0.989011,0,0
slim,P097,17,0.975991,0.988438,0,0
slim,P097,18,0.979145,0.987378,0,0
slim,P097,19,0.977739,0.98223,0,0
slim,P097,20,0.967248,0.978879,0,0
slim,P097,21,0.966662,0.972199,0,0
slim,P097,22,0.961142,0.974208,0,0
slim,P097,23,0.960495,0.985029,0,0
slim,P097,24,0.979461,0.983835,0,0
slim,P097,25,0.97884,0.976554,0,0
slim,P097,26,0.967733,0.979116,0,0
slim,P097,27,0.968009,0.983213,0,0
slim,P097,28,0.96756,0.981345,0,0
slim,P097,29,0.960573,0.980615,0,0
slim,P097,30,0.97275,0.97727,0,0
slim,P097,31,0.988014,0.987719,0,0
slim,P097,32,0.986873,0.981945,0,0
slim,P097,33,0.976996,0.98818,0,0
slim,P097,34,0.989819,0.988427,0,0
slim,P097,35,0.97992,0.987834,0,0
slim,P097,36,0.991532,0.989321,0,0
slim,P097,37,0.990105,0.989654,0,0
slim,P097,38,0.986249,0.986249,0,0
slim,P097,39,0.988925,0.989222,0,0
slim,P097,40,0.989283,0.989283,0,0
slim,P097,41,0.992145,0.992145,0,0
slim,P097,42,0.977501,0.989807,0,0
slim,P097,43,0.995258,0.995258,0,0
slim,P097,44,0.99573,0.99573,0,0
slim,P097,45,0.99114,0.99114,0,0
slim,P097,46,0.993256,0.993256,0,0
slim,P097,47,0.996167,0.996167,0,0
slim,P097,48,0.995106,0.995106,0,0
slim,P097,49,0.994378,0.994378,0,0
slim,P097,50,0.993976,0.993976,0,0
slim,P097,51,0.990937,0.990937,0,0
slim,P097,52,0.993701,0.993701,0,0
slim,P097,53,0.995921,0.995921,0,0
slim,P097,54,0.980012,0.980012,0,0
slim,P097,55,0.965171,0.97093,0,0
slim,P097,56,0.972125,0.977121,0,0
slim,P097,57,0.961703,0.967279,0,0
slim,P097,58,0.938857,0.955035,0,0
slim,P097,59,0.956777,0.973995,0,0
slim,P097,60,0.971306,0.983285,0,0
slim,P097,61,0.976434,0.985449,0,0
slim,P097,62,0.982639,0.985971,0,0
slim,P097,63,0.978033,0.987544,0,0
slim,P097,64,0.98819,0.987801,0,0
slim,P097,65,0.980059,0.98225,0,0
slim,P097,66,0.992034,0.992034,0,0
slim,P097,67,0.992339,0.993199,0,0
slim,P097,68,0.978157,0.98399,0,0
slim,P097,69,0.994355,0.994355,0,0
slim,P097,70,0.995896,0.995896,0,0
slim,P097,71,0.996732,0.996732,0,0
slim,P097,72,0.994448,0.994448,0,0
slim,P108,1,0.989625,0.989625,0,0
slim,P108,2,0.993393,0.993393,0,0
slim,P108,3,0.992863,0.992863,0,0
slim,P108,4,0.99486,0.99486,0,0
slim,P108,5,0.989515,0.989515,0,0
slim,P108,6,0.989702,0.989702,0,0
slim,P108,7,0.992299,0.992299,0,0
slim,P108,8,0.98964,0.98964,0,0
slim,P108,9,0.990455,0.990455,0,0
slim,P108,10,0.989821,0.989821,0,0
slim,P108,11,0.989295,0.989295,0,0
slim,P108,12,0.991812,0.991812,0,0
slim,P108,13,0.992625,0.992625,0,0
slim,P108,14,0.990721,0.990721,0,0
slim,P108,15,0.972382,0.983867,0,0
slim,P108,16,0.99506,0.99506,0,0
slim,P108,17,0.992597,0.992597,0,0
slim,P108,18,0.989838,0.989838,0,0
slim,P108,19,0.988708,0.988708,0,0
slim,P108,20,0.986165,0.986165,0,0
slim,P108,21,0.989158,0.989158,0,0
slim,P108,22,0.969629,0.973971,0,0
slim,P108,23,0.990606,0.990606,0,0
slim,P108,24,0.990043,0.990043,0,0
slim,P108,25,0.97023,0.987241,0,0
slim,P108,26,0.995185,0.995185,0,0
slim,P108,27,0.99067,0.99067,0,0
slim,P108,28,0.989023,0.989023,0,0
slim,P108,29,0.986904,0.986904,0,0
slim,P108,30,0.984276,0.984276,0,0
slim,P108,31,0.978214,0.978214,0,0
slim,P108,32,0.984118,0.982749,0,0
slim,P108,33,0.962622,0.962541,0,0
slim,P108,34,0.984265,0.984248,0,0
slim,P108,35,0.975793,0.978815,0,0
slim,P108,36,0.972592,0.97397,0,0
slim,P108,37,0.975917,0.98531,0,0
slim,P108,38,0.970469,0.978503,0,0
slim,P108,39,0.976248,0.986236,0,0
slim,P108,40,0.97212,0.984094,0,0
slim,P108,41,0.959646,0.97974,0,0
slim,P108,42,0.976994,0.978929,0,0
slim,P108,43,0.976639,0.969103,0,0
slim,P108,44,0.985817,0.978164,0,0
slim,P108,45,0.987211,0.974757,0,0
slim,P108,46,0.984496,0.984988,0,0
slim,P108,47,0.984975,0.980057,0,0
slim,P108,48,0.990974,0.990974,0,0
slim,P108,49,0.978318,0.978318,0,0
slim,P108,50,0.986058,0.984874,0,0
slim,P108,51,0.993717,0.99348,0,0
slim,P108,52,0.990338,0.98986,0,0
slim,P108,53,0.992528,0.992528,0,0
slim,P108,54,0.989701,0.989701,0,0
slim,P108,55,0.991193,0.991193,0,0
slim,P108,56,0.989851,0.989856,0,0
slim,P108,57,0.985778,0.985778,0,0
slim,P108,58,0.989667,0.989667,0,0
slim,P108,59,0.972668,0.985998,0,0
slim,P108,60,0.974347,0.985149,0,0
slim,P108,61,0.993662,0.993662,0,0
slim,P108,62,0.992311,0.992311,0,0
slim,P108,63,0.986462,0.986462,0,0
slim,P108,64,0.983356,0.985035,0,0
slim,P108,65,0.993063,0.993063,0,0
slim,P108,66,0.967121,0.988593,0,0
slim,P108,67,0.993508,0.993508,0,0
slim,P108,68,0.991063,0.991063,0,0
slim,P108,69,0.994874,0.994874,0,0
slim,P108,70,0.999332,0.999332,0,0
slim,P108,71,0.989778,0.989778,0,0
slim,P108,72,0.987353,0.987353,0,0
slim,P108,73,0.996452,0.996452,0,0
slim,P108,74,0.992032,0.992032,0,0
slim,P108,75,0.992011,0.992011,0,0
slim,P108,76,0.990404,0.990404,0,0
slim,P108,77,0.99395,0.99395,0,0
slim,P108,78,0.996417,0.996417,0,0
slim,P108,79,0.989741,0.989741,0,0
slim,P108,80,0.991961,0.991961,0,0
slim,P108,81,0.991917,0.991917,0,0
slim,P108,82,0.982014,0.988759,0,0
slim,P108,83,0.974126,0.985607,0,0
slim,P108,84,0.977655,0.982513,0,0
slim,P108,85,0.980547,0.984252,0,0
slim,P108,86,0.98878,0.990391,0,0
slim,P108,87,0.982092,0.99053,0,0
slim,P108,88,0.97202,0.985644,0,0
slim,P108,89,0.984246,0.986321,0,0
slim,P108,90,0.982522,0.987246,0,0
slim,P108,91,0.981284,0.971808,0,0
slim,P108,92,0.973872,0.975297,0,0
slim,P108,93,0.972947,0.968599,0,0
slim,P108,94,0.966314,0.963855,0,0
slim,P108,95,0.978357,0.977865,0,0
slim,P108,96,0.97998,0.982413,0,0
slim,P108,97,0.986395,0.986395,0,0
slim,P108,98,0.985219,0.985219,0,0
slim,P108,99,0.98717,0.98717,0,0
slim,P108,100,0.990555,0.990555,0,0
slim,P108,101,0.977756,0.978549,0,0
slim,P108,102,0.988127,0.988127,0,0
slim,P108,103,0.986673,0.986673,0,0
slim,P108,104,0.991108,0.991108,0,0
slim,P108,105,0.990476,0.990476,0,0
slim,P108,106,0.991935,0.991935,0,0
slim,P108,107,0.992392,0.992392,0,0
slim,P108,108,0.996901,0.996901,0,0
slim,P109,1,0.994207,0.994207,0,0
slim,P109,2,0.994767,0.994767,0,0
slim,P109,3,0.989083,0.989083,0,0
slim,P109,4,0.996744,0.996744,0,0
slim,P109,5,0.995101,0.995101,0,0
slim,P109,6,0.997272,0.997272,0,0
slim,P109,7,0.993439,0.993439,0,0
slim,P109,8,0.995079,0.995079,0,0
slim,P109,9,0.995372,0.995372,0,0
slim,P109,10,0.998911,0.998911,0,0
slim,P109,11,0.995636,0.995636,0,0
slim,P109,12,0.991262,0.991262,0,0
slim,P109,13,0.982418,0.982418,0,0
slim,P109,14,0.986624,0.986081,0,0
slim,P109,15,0.98904,0.98904,0,0
slim,P109,16,0.991979,0.991979,0,0
slim,P109,17,0.994675,0.994675,0,0
slim,P109,18,0.995233,0.995233,0,0
slim,P109,19,0.997888,0.997888,0,0
slim,P109,20,0.998154,0.998154,0,0
slim,P109,21,0.998153,0.998153,0,0
slim,P109,22,0.997356,0.997356,0,0
slim,P109,23,0.992326,0.992326,0,0
slim,P109,24,0.993943,0.993943,0,0
slim,P109,25,0.997111,0.997111,0,0
slim,P109,26,0.996583,0.996583,0,0
slim,P109,27,0.996845,0.996845,0,0
slim,P109,28,0.987596,0.987596,0,0
slim,P109,29,0.990714,0.990714,0,0
slim,P109,30,0.990415,0.990415,0,0
slim,P109,31,0.988512,0.988512,0,0
slim,P109,32,0.990374,0.990374,0,0
slim,P109,33,0.991983,0.991983,0,0
slim,P109,34,0.986074,0.986074,0,0
slim,P109,35,0.987006,0.987006,0,0
slim,P109,36,0.985931,0.985931,0,0
slim,P109,37,0.99192,0.99192,0,0
slim,P109,38,0.99277,0.99277,0,0
slim,P109,39,0.99556,0.99556,0,0
slim,P109,40,0.995003,0.995003,0,0
slim,P109,41,0.997497,0.997497,0,0
slim,P109,42,0.996094,0.996094,0,0
slim,P109,43,0.985459,0.985459,0,0
slim,P109,44,0.990749,0.990749,0,0
slim,P109,45,0.987086,0.987086,0,0
slim,P109,46,0.991833,0.991833,0,0
slim,P109,47,0.973416,0.974676,0,0
slim,P109,48,0.986961,0.986857,0,0
slim,P109,49,0.994036,0.994036,0,0
slim,P109,50,0.989498,0.989498,0,0
slim,P109,51,0.98948,0.985836,0,0
slim,P109,52,0.983991,0.983991,0,0
slim,P109,53,0.976744,0.976744,0,0
slim,P109,54,0.983343,0.983672,0,0
slim,P109,55,0.982184,0.987246,0,0
slim,P109,56,0.989112,0.989112,0,0
slim,P109,57,0.989997,0.989997,0,0
slim,P109,58,0.993119,0.993119,0,0
slim,P109,59,0.990773,0.990773,0,0
slim,P109,60,0.991577,0.991577,0,0
slim,P109,61,0.992094,0.992094,0,0
slim,P109,62,0.987559,0.975133,0,0
slim,P109,63,0.982759,0.970753,0,0
slim,P109,64,0.979302,0.985592,0,0
slim,P109,65,0.986706,0.986706,0,0
slim,P109,66,0.994668,0.994668,0,0
slim,P109,67,0.993456,0.993456,0,0
slim,P109,68,0.989549,0.986342,0,0
slim,P109,69,0.995813,0.995813,0,0
slim,P109,70,0.991627,0.991627,0,0
slim,P109,71,0.990744,0.990744,0,0
slim,P109,72,0.99433,0.99433,0,0
slim,P109,73,0.993421,0.993421,0,0
slim,P109,74,0.983439,0.983439,0,0
slim,P109,75,0.976857,0.978723,0,0
slim,P109,76,0.972239,0.982748,0,0
slim,P109,77,0.984414,0.979782,0,0
slim,P109,78,0.988191,0.988191,0,0
slim,P109,79,0.987738,0.987738,0,0
slim,P109,80,0.985865,0.985865,0,0
slim,P109,81,0.985541,0.985541,0,0
slim,P109,82,0.987705,0.989817,0,0
slim,P109,83,0.987482,0.987482,0,0
slim,P109,84,0.990714,0.990714,0,0
slim,P109,85,0.992701,0.992701,0,0
slim,P109,86,0.992623,0.992623,0,0
slim,P109,87,0.995548,0.995548,0,0
slim,P109,88,0.994942,0.994942,0,0
slim,P109,89,0.992866,0.992866,0,0
slim,P109,90,0.993193,0.993193,0,0
slim,P109,91,0.994981,0.994981,0,0
slim,P109,92,0.994978,0.994978,0,0
slim,P109,93,0.994668,0.994668,0,0
slim,P109,94,0.994665,0.994665,0,0
slim,P109,95,0.992,0.992,0,0
slim,P109,96,0.993792,0.993792,0,0
slim,P109,97,0.993201,0.993201,0,0
slim,P109,98,0.992271,0.992271,0,0
slim,P109,99,0.987433,0.987433,0,0
slim,P109,100,0.988221,0.988221,0,0
slim,P109,101,0.99238,0.99238,0,0
slim,P109,102,0.977015,0.979529,0,0
slim,P109,103,0.989526,0.989526,0,0
slim,P109,104,0.990111,0.990111,0,0
slim,P109,105,0.99257,0.99257,0,0
slim,P109,106,0.993777,0.993777,0,0
slim,P109,107,0.991591,0.991591,0,0
slim,P109,108,0.987247,0.987247,0,0
slim,P109,109,0.976183,0.97309,0,0
slim,P109,110,0.974853,0.980757,0,0
slim,P109,111,0.966026,0.961856,0,0
slim,P109,112,0.971336,0.974828,0,0
slim,P109,113,0.977463,0.971817,0,0
slim,P109,114,0.975625,0.984941,0,0
slim,P109,115,0.962107,0.978981,0,0
slim,P109,116,0.975923,0.986434,0,0
slim,P109,117,0.964274,0.976306,0,0
slim,P109,118,0.965161,0.979126,0,0
slim,P109,119,0.97332,0.974557,0,0
slim,P109,120,0.974196,0.967139,0,0
slim,P109,121,0.971662,0.980604,0,0
slim,P109,122,0.982347,0.977792,0,0
slim,P109,123,0.977791,0.973532,0,0
slim,P109,124,0.979285,0.974172,0,0
slim,P109,125,0.984772,0.985655,0,0
slim,P109,126,0.979348,0.9812,0,0
slim,P109,127,0.989549,0.989549,0,0
slim,P109,128,0.979905,0.979905,0,0
slim,P109,129,0.983721,0.983721,0,0
slim,P109,130,0.989389,0.989389,0,0
slim,P109,131,0.992014,0.992014,0,0
slim,P109,132,0.996023,0.996023,0,0
slim,P109,133,0.991768,0.991768,0,0
slim,P109,134,0.994875,0.994875,0,0
slim,P109,135,0.99486,0.99486,0,0
slim,P109,136,0.994561,0.994561,0,0
slim,P109,137,0.995114,0.995114,0,0
slim,P109,138,0.988215,0.988215,0,0
slim,P109,139,0.993123,0.993123,0,0
slim,P109,140,0.995703,0.995703,0,0
slim,P109,141,0.995698,0.995698,0,0
slim,P109,142,0.995408,0.995408,0,0
slim,P109,143,0.994825,0.994825,0,0
