split,patient_id,frame_id,shift_px,target_px,instruction_px,truth_px,quality,dice
test,P000,P000/seq0/000000,26,2,-0.19043733481127845,2.008134276462357,0.1868643452178945,0.44611059044048734
test,P000,P000/seq0/000000,24,4,0.8958265579180704,4.008134276462357,0.21462568413757058,0.4461839530332681
test,P000,P000/seq0/000000,22,6,1.3632728836293637,6.008134276462357,0.31596178221337085,0.41760491299897645
test,P000,P000/seq0/000000,20,8,2.9588853860560675,8.008134276462357,0.2960973576558189,0.4109014675052411
test,P000,P000/seq0/000000,18,10,5.5662645327070805,10.008134276462357,0.295458068919275,0.4246713852376138
test,P000,P000/seq0/000000,15,13,10.265260713243961,13.008134276462357,0.19798820317203206,0.47343895619757687
test,P000,P000/seq0/000000,12,16,13.56927933684355,16.008134276462357,0.1859008232983872,0.4664778092540132
test,P000,P000/seq0/000000,8,20,16.860694437689318,20.008134276462357,0.2194095211825439,0.4446620959843291
test,P000,P000/seq0/000000,3,25,20.49204871828755,25.008134276462357,0.3025974301482101,0.42374616171954965
test,P000,P000/seq0/000000,-4,32,29.59030526961746,32.00813427646236,0.18625470299091482,0.4660377358490566
test,P000,P000/seq0/000000,-12,40,34.95888538605607,40.00813427646236,0.2961268528004248,0.4109014675052411
test,P000,P000/seq0/000000,30,-2,-4.649629825138078,-1.991865723537643,0.20206573242730266,0.46210720887245843
test,P000,P000/seq0/000000,32,-4,-7.416841188048522,-3.991865723537643,0.19582802040815958,0.4716073147256978
test,P000,P000/seq0/000000,34,-6,-10.34845528589932,-5.991865723537643,0.2782634515033801,0.4274193548387097
test,P000,P000/seq0/000000,36,-8,-12.9888980993301,-7.991865723537643,0.2965810879897554,0.4129301355578728
test,P000,P000/seq0/000000,38,-10,-14.569606765853251,-9.991865723537643,0.3153264108867772,0.42083758937691523
test,P000,P000/seq0/000000,41,-13,-15.330242696876695,-12.991865723537643,0.19944910596565643,0.4388422035480859
test,P000,P000/seq0/000000,44,-16,-18.39452226240107,-15.991865723537643,0.18385875718954697,0.4684854186265287
test,P000,P000/seq0/000000,48,-20,-23.352497907445695,-19.991865723537643,0.1930406916751874,0.4731800766283525
test,P000,P000/seq0/000000,53,-25,-29.725881528135346,-24.991865723537643,0.30931495124751895,0.4089068825910931
test,P000,P000/seq0/000000,60,-32,-34.153407213066856,-31.991865723537643,0.17802349901981449,0.46567717996289426
test,P000,P000/seq0/000000,68,-40,-44.710256528135346,-39.99186572353764,0.2996536389554588,0.42276422764227645
test,P000,P000/seq0/000036,24,2,3.354508572535792,2.110228053362448,0.1574196979656135,0.4670558798999166
test,P000,P000/seq0/000036,22,4,3.835132520856007,4.110228053362448,0.1555168345140572,0.4616724738675958
test,P000,P000/seq0/000036,20,6,4.334386329007515,6.110228053362448,0.19650213608877878,0.4369449378330373
test,P000,P000/seq0/000036,18,8,8.140682439000798,8.110228053362448,0.15345105169779463,0.47026532479414457
test,P000,P000/seq0/000036,16,10,10.19934799163866,10.110228053362448,0.15557000603609122,0.47332185886402756
test,P000,P000/seq0/000036,13,13,15.045672325619591,13.110228053362448,0.15714504776417154,0.4880461665292663
test,P000,P000/seq0/000036,10,16,18.91193448310061,16.110228053362448,0.1573142412637409,0.4922813036020583
test,P000,P000/seq0/000036,6,20,19.91075796461827,20.110228053362448,0.1552756569258956,0.46153846153846156
test,P000,P000/seq0/000036,1,25,25.557364617239102,25.110228053362448,0.15515895488610734,0.4687224669603524
test,P000,P000/seq0/000036,-6,32,34.91193448310061,32.11022805336245,0.15732889931766378,0.4922813036020583
test,P000,P000/seq0/000036,-14,40,40.1406824390008,40.11022805336245,0.15347317609635916,0.47026532479414457
test,P000,P000/seq0/000036,28,-2,-0.01610068397950215,-1.889771946637552,0.15746545146434232,0.4852941176470588
test,P000,P000/seq0/000036,30,-4,-2.163360441765576,-3.889771946637552,0.15714997145230272,0.4870292887029289
test,P000,P000/seq0/000036,32,-6,-5.750172494521905,-5.889771946637552,0.15580258548531956,0.4674657534246575
test,P000,P000/seq0/000036,34,-8,-7.770708946232077,-7.889771946637552,0.15352355927909184,0.4730593607305936
test,P000,P000/seq0/000036,36,-10,-11.670005420306694,-9.889771946637552,0.19856541511056225,0.4367816091954023
test,P000,P000/seq0/000036,39,-13,-12.475263349417759,-12.889771946637552,0.15646653547322148,0.45661331086773377
test,P000,P000/seq0/000036,42,-16,-13.110674355433389,-15.889771946637552,0.15751055456697402,0.49146757679180886
test,P000,P000/seq0/000036,46,-20,-18.23153312388004,-19.889771946637552,0.15768600532030688,0.4842454394693201
test,P000,P000/seq0/000036,51,-25,-25.572208116637626,-24.889771946637552,0.15368384786905975,0.4484304932735426
test,P000,P000/seq0/000036,58,-32,-29.10537344697991,-31.889771946637552,0.15754827545484554,0.4911092294665538
test,P000,P000/seq0/000036,66,-40,-39.436796117578155,-39.88977194663755,0.15452861960200853,0.4753521126760563
test,P000,P000/seq0/000072,18,2,3.165359235411458,2.3853317071587696,0.2870834369424491,0.44712182061579653
test,P000,P000/seq0/000072,16,4,5.113607108228294,4.38533170715877,0.29305948695225004,0.4222222222222222
test,P000,P000/seq0/000072,14,6,7.359020580298392,6.38533170715877,0.30709971698444055,0.4140845070422535
test,P000,P000/seq0/000072,12,8,9.723792551619255,8.38533170715877,0.30558574498639085,0.4158415841584158
test,P000,P000/seq0/000072,10,10,12.18349347186465,10.38533170715877,0.3085800815384941,0.3977272727272727
test,P000,P000/seq0/000072,7,13,15.05085458297576,13.38533170715877,0.29123111465325024,0.4088397790055249
test,P000,P000/seq0/000072,4,16,17.35649739856622,16.38533170715877,0.243537561089008,0.4489795918367347
test,P000,P000/seq0/000072,0,20,21.162600614721796,20.38533170715877,0.291004870470347,0.4228094575799722
test,P000,P000/seq0/000072,-5,25,26.788228320349504,25.38533170715877,0.32066849781039775,0.4005641748942172
test,P000,P000/seq0/000072,-12,32,33.35649739856622,32.38533170715877,0.24349963148939555,0.4489795918367347
test,P000,P000/seq0/000072,-20,40,41.728767862108555,40.38533170715877,0.30162139131346805,0.4180790960451977
test,P000,P000/seq0/000072,22,-2,-0.2021920120063072,-1.6146682928412304,0.2813971320786831,0.4246575342465753
test,P000,P000/seq0/000072,24,-4,-1.2739211244086448,-3.6146682928412304,0.2915420877883373,0.4
test,P000,P000/seq0/000072,26,-6,-3.8429725775180543,-5.61466829284123,0.3101458219084882,0.39660056657223797
test,P000,P000/seq0/000072,28,-8,-6.219292672713664,-7.61466829284123,0.3035454267518584,0.4197183098591549
test,P000,P000/seq0/000072,30,-10,-8.54901392458504,-9.61466829284123,0.3131709219229638,0.4179523141654979
test,P000,P000/seq0/000072,33,-13,-11.804171872050688,-12.61466829284123,0.3089385854032093,0.417462482946794
test,P000,P000/seq0/000072,36,-16,-14.626059636943637,-15.61466829284123,0.2441046181906838,0.45047489823609227
test,P000,P000/seq0/000072,40,-20,-17.54954224242107,-19.61466829284123,0.29626284895136146,0.40730337078651685
test,P000,P000/seq0/000072,45,-25,-23.471884435112088,-24.61466829284123,0.32439014777573555,0.41620111731843573
test,P000,P000/seq0/000072,52,-32,-30.586519154397962,-31.61466829284123,0.25729831453651775,0.4528301886792453
test,P000,P000/seq0/000072,60,-40,-38.291778267265784,-39.61466829284123,0.3030749948469822,0.43956043956043955
test,P000,P000/seq0/000108,19,2,0.23562660599479557,1.5927129742723594,0.3122486396496828,0.7296511627906976
test,P000,P000/seq0/000108,17,4,2.459268537827711,3.5927129742723594,0.313256133528588,0.7299058653149891
test,P000,P000/seq0/000108,15,6,4.196773695254933,5.592712974272359,0.31203639051971543,0.7341040462427746
test,P000,P000/seq0/000108,13,8,6.148153458724053,7.592712974272359,0.31004982834255956,0.7283236994219653
test,P000,P000/seq0/000108,11,10,8.068767218566506,9.59271297427236,0.32663887434144445,0.721216509775525
test,P000,P000/seq0/000108,8,13,10.935521835980751,12.59271297427236,0.3128729987001706,0.718320057929037
test,P000,P000/seq0/000108,5,16,13.831908146499444,15.59271297427236,0.33540403081516507,0.7194767441860465
test,P000,P000/seq0/000108,1,20,18.43038905816242,19.59271297427236,0.31330063892810345,0.7293777134587555
test,P000,P000/seq0/000108,-4,25,23.339481691759943,24.59271297427236,0.31058845538786645,0.7267483777937995
test,P000,P000/seq0/000108,-11,32,29.846924322928487,31.59271297427236,0.33438389667495416,0.72
test,P000,P000/seq0/000108,-19,40,38.18269472351156,39.59271297427236,0.3096201184297426,0.7293777134587555
test,P000,P000/seq0/000108,23,-2,-4.239511847284291,-2.4072870257276406,0.32875690926447065,0.7185454545454546
test,P000,P000/seq0/000108,25,-4,-5.91251117004515,-4.407287025727641,0.3220040735723451,0.7204066811909949
test,P000,P000/seq0/000108,27,-6,-7.897674182944314,-6.407287025727641,0.3198774899335486,0.7221418234442837
test,P000,P000/seq0/000108,29,-8,-9.755381692825722,-8.40728702572764,0.31150282492527787,0.7308248914616498
test,P000,P000/seq0/000108,31,-10,-11.781309159714283,-10.40728702572764,0.3120619193341318,0.7346348517715112
test,P000,P000/seq0/000108,34,-13,-14.552483142101096,-13.40728702572764,0.3130231543731668,0.7308248914616498
test,P000,P000/seq0/000108,37,-16,-18.087261875728927,-16.40728702572764,0.33171795564266116,0.7221006564551422
test,P000,P000/seq0/000108,41,-20,-21.88465971115923,-20.40728702572764,0.31472376202557856,0.7218591140159768
test,P000,P000/seq0/000108,46,-25,-26.71844787806981,-25.40728702572764,0.31249090157076004,0.7373737373737373
test,P000,P000/seq0/000108,53,-32,-34.42595573657863,-32.40728702572764,0.329127274506279,0.7255611875452571
test,P000,P000/seq0/000108,61,-40,-42.02834991334936,-40.40728702572764,0.30831251517704517,0.7345767575322812
test,P001,P001/seq0/000000,40,2,-16.681339382934368,2.138130568638843,0.3003874261348578,0.6313213703099511
test,P001,P001/seq0/000000,38,4,-13.761870801712234,4.138130568638843,0.3035781907209396,0.6455203116304953
test,P001,P001/seq0/000000,36,6,-11.873601415483705,6.138130568638843,0.31472876586214815,0.6510710259301015
test,P001,P001/seq0/000000,34,8,-10.701251382337745,8.138130568638843,0.3100127811796539,0.6461366181410975
test,P001,P001/seq0/000000,32,10,-8.697383313076926,10.138130568638843,0.3073934672066929,0.6471416502393692
test,P001,P001/seq0/000000,29,13,-4.792128514106423,13.138130568638843,0.3118909536851596,0.6549275773927862
test,P001,P001/seq0/000000,26,16,-0.7541997725233216,16.138130568638843,0.29488612531972674,0.645931685642877
test,P001,P001/seq0/000000,22,20,3.868245887323596,20.138130568638843,0.3082975007099619,0.6596531134489622
test,P001,P001/seq0/000000,17,25,6.763359388819666,25.138130568638843,0.3069013109375129,0.6480855855855856
test,P001,P001/seq0/000000,10,32,15.679059711180898,32.13813056863884,0.2936777789958179,0.6497206703910614
test,P001,P001/seq0/000000,2,40,22.684619796952987,40.13813056863884,0.4189345566564406,0.6581050228310502
test,P001,P001/seq0/000000,44,-2,-21.157238925453044,-1.861869431361157,0.3038820076650066,0.6392719249862107
test,P001,P001/seq0/000000,46,-4,-22.870901270671055,-3.861869431361157,0.3094378510645028,0.6488313151225007
test,P001,P001/seq0/000000,48,-6,-24.936508132756643,-5.861869431361157,0.3059366970393075,0.6435560525580095
test,P001,P001/seq0/000000,50,-8,-25.96220373713578,-7.861869431361157,0.30754162732099394,0.6527738665164742
test,P001,P001/seq0/000000,52,-10,-26.808600898996275,-9.861869431361157,0.3136755242426251,0.6607703281027104
test,P001,P001/seq0/000000,55,-13,-29.099360748634922,-12.861869431361157,0.30562686818998486,0.6552498596294217
test,P001,P001/seq0/000000,58,-16,-30.566525981225595,-15.861869431361157,0.30609965789497245,0.6689595872742906
test,P001,P001/seq0/000000,62,-20,-32.631302636216645,-19.861869431361157,0.333698945864093,0.709855695425238
test,P001,P001/seq0/000000,67,-25,-37.234848717952445,-24.861869431361157,0.3234743793991797,0.7134538768004903
test,P001,P001/seq0/000000,74,-32,-33.081315796735595,-31.861869431361157,0.2983190118430853,0.8273177636234961
test,P001,P001/seq0/000000,82,-40,-41.138708829669696,-39.86186943136116,0.30986471625239126,0.8455640744797371
test,P001,P001/seq0/000036,40,2,-3.539235871999267,1.9485533636729997,0.3882644170357242,0.7972789115646258
test,P001,P001/seq0/000036,38,4,-1.4830930665968936,3.9485533636729997,0.38932053946629974,0.7964841108857336
test,P001,P001/seq0/000036,36,6,0.39953975706536937,5.948553363673,0.39035065665792223,0.7944650691866352
test,P001,P001/seq0/000036,34,8,2.383474543942185,7.948553363673,0.39608784032397076,0.798641765704584
test,P001,P001/seq0/000036,32,10,4.440483299238267,9.948553363673,0.3966269524505333,0.799039780521262
test,P001,P001/seq0/000036,29,13,7.520087452208628,12.948553363673,0.3943813553295598,0.8001368925393566
test,P001,P001/seq0/000036,26,16,10.550619604795173,15.948553363673,0.3857739897749119,0.7962021024075958
test,P001,P001/seq0/000036,22,20,14.521714625710814,19.948553363673,0.3896352543723584,0.7958079783637593
test,P001,P001/seq0/000036,17,25,19.62712211264136,24.948553363673,0.39759784231752265,0.7974167233174712
test,P001,P001/seq0/000036,10,32,26.550619604795173,31.948553363673,0.3857307424940296,0.7962021024075958
test,P001,P001/seq0/000036,2,40,34.45756824527855,39.948553363673,0.47714997371698836,0.797558494404883
test,P001,P001/seq0/000036,44,-2,-7.545167951470717,-2.0514466363270003,0.3900141119805248,0.7990446946434664
test,P001,P001/seq0/000036,46,-4,-9.585102776597836,-4.051446636327,0.3966067136541665,0.8
test,P001,P001/seq0/000036,48,-6,-11.611883293021776,-6.051446636327,0.39730685149868605,0.7991789257612042
test,P001,P001/seq0/000036,50,-8,-13.712990428499864,-8.051446636327,0.3942647205312914,0.7993197278911565
test,P001,P001/seq0/000036,52,-10,-15.617142755680248,-10.051446636327,0.39075173907905747,0.7948717948717948
test,P001,P001/seq0/000036,55,-13,-18.556445275866736,-13.051446636327,0.389783286344064,0.7980997624703088
test,P001,P001/seq0/000036,58,-16,-21.55941009524537,-16.051446636327,0.3862990549030231,0.7978290366350068
test,P001,P001/seq0/000036,62,-20,-25.574188416680244,-20.051446636327,0.3986570651715914,0.8016500515641114
test,P001,P001/seq0/000036,67,-25,-30.130966049057122,-25.051446636327,0.39767103858255837,0.8046211348963642
test,P001,P001/seq0/000036,74,-32,-37.272337065048106,-32.051446636327,0.38922885715896377,0.8053187862257075
test,P001,P001/seq0/000036,82,-40,-44.56146594888645,-40.051446636327,0.3841743735857954,0.8258289703315881
test,P001,P001/seq0/000072,43,2,-1.514912398580691,1.5684945949553963,0.36066089835214543,0.8377649325626204
test,P001,P001/seq0/000072,41,4,0.6690596533135391,3.5684945949553963,0.36454734317301646,0.8386100386100386
test,P001,P001/seq0/000072,39,6,2.443655620114484,5.568494594955396,0.3624226347660933,0.8389105058365759
test,P001,P001/seq0/000072,37,8,3.7818928089197783,7.568494594955396,0.3608556411367754,0.8342498036135114
test,P001,P001/seq0/000072,35,10,5.987130231446528,9.568494594955396,0.3606337389134899,0.8375196232339089
test,P001,P001/seq0/000072,32,13,9.103017199512522,12.568494594955396,0.35577998470873323,0.8336579664978574
test,P001,P001/seq0/000072,29,16,11.846117700788568,15.568494594955396,0.3574028025311542,0.8320373250388803
test,P001,P001/seq0/000072,25,20,16.6622062594154,19.568494594955396,0.3646694898595243,0.8390582786568892
test,P001,P001/seq0/000072,20,25,20.992507642613432,24.568494594955396,0.36299158818922694,0.8371361132966169
test,P001,P001/seq0/000072,13,32,27.860756476655894,31.568494594955396,0.3580489650511872,0.8321678321678322
test,P001,P001/seq0/000072,5,40,35.79706564759687,39.568494594955396,0.4784702815658391,0.8354927365528072
test,P001,P001/seq0/000072,47,-2,-5.914055296102504,-2.4315054050445895,0.35436238245307483,0.8313908313908314
test,P001,P001/seq0/000072,49,-4,-8.06371673574779,-4.4315054050445895,0.35796110246417084,0.8342455043002346
test,P001,P001/seq0/000072,51,-6,-10.058165935800844,-6.4315054050445895,0.3608956864405671,0.8359497645211931
test,P001,P001/seq0/000072,53,-8,-12.19507857977527,-8.43150540504459,0.36268294055581407,0.8318931657501963
test,P001,P001/seq0/000072,55,-10,-13.55147737861546,-10.43150540504459,0.3613197320136259,0.8370283936211591
test,P001,P001/seq0/000072,58,-13,-16.511000777120472,-13.43150540504459,0.3643243924122378,0.8359706676958704
test,P001,P001/seq0/000072,61,-16,-20.092158368626144,-16.43150540504459,0.3520763851545692,0.8302325581395349
test,P001,P001/seq0/000072,65,-20,-24.076865524675128,-20.43150540504459,0.3566646620415574,0.8311180609851446
test,P001,P001/seq0/000072,70,-25,-29.103758960379963,-25.43150540504459,0.3610905147617669,0.8307210031347962
test,P001,P001/seq0/000072,77,-32,-35.62099524222563,-32.43150540504459,0.3581349036130775,0.8349514563106796
test,P001,P001/seq0/000072,85,-40,-43.444564659376425,-40.43150540504459,0.3392721038350126,0.8389662027833003
test,P001,P001/seq0/000108,43,2,-3.2707441086321296,1.8544803139699155,0.27693490088669304,0.8316151202749141
test,P001,P001/seq0/000108,41,4,-1.0134281699263852,3.8544803139699155,0.2860561276746151,0.837784371909001
test,P001,P001/seq0/000108,39,6,0.4344803139699138,5.8544803139699155,0.2835709369978393,0.82439744220364
test,P001,P001/seq0/000108,37,8,2.4977266651419683,7.8544803139699155,0.28427679201614026,0.8253339930727362
test,P001,P001/seq0/000108,35,10,4.361470491363264,9.854480313969916,0.2801462109557576,0.8219042920572275
test,P001,P001/seq0/000108,32,13,7.081642913205442,12.854480313969916,0.2788603258000355,0.8142292490118577
test,P001,P001/seq0/000108,29,16,10.357925290046467,15.854480313969916,0.28427200473818093,0.8259791769955379
test,P001,P001/seq0/000108,25,20,14.909146456939283,19.854480313969916,0.28848898301962805,0.8358061325420376
test,P001,P001/seq0/000108,20,25,19.439462309727816,24.854480313969916,0.286434848821228,0.8230044620723848
test,P001,P001/seq0/000108,13,32,26.36668453828186,31.854480313969916,0.2847102343682824,0.8251609707776126
test,P001,P001/seq0/000108,5,40,34.508902350369326,39.854480313969916,0.32876773979183976,0.8247524752475247
test,P001,P001/seq0/000108,47,-2,-8.060810033670407,-2.1455196860300703,0.27776040135515495,0.8131760078662733
test,P001,P001/seq0/000108,49,-4,-9.74926853182879,-4.14551968603007,0.27666222649310623,0.8175110673880964
test,P001,P001/seq0/000108,51,-6,-11.655265770279527,-6.14551968603007,0.2755601693416659,0.8218503937007874
test,P001,P001/seq0/000108,53,-8,-13.391483293934613,-8.14551968603007,0.2830427293914713,0.8272458045409674
test,P001,P001/seq0/000108,55,-10,-15.55016478501608,-10.14551968603007,0.28067480253701016,0.8235294117647058
test,P001,P001/seq0/000108,58,-13,-18.150997268876097,-13.14551968603007,0.27988648370759983,0.8364532019704434
test,P001,P001/seq0/000108,61,-16,-21.64021942238395,-16.14551968603007,0.283438020811977,0.8264299802761341
test,P001,P001/seq0/000108,65,-20,-25.701065351664766,-20.14551968603007,0.2731521757552568,0.8194308145240432
test,P001,P001/seq0/000108,70,-25,-30.492544351013578,-25.14551968603007,0.2807262703660376,0.8269419862340216
test,P001,P001/seq0/000108,77,-32,-37.32884925879705,-32.14551968603007,0.2801585748451184,0.8324270884824518
test,P001,P001/seq0/000108,85,-40,-44.7350440635461,-40.14551968603007,0.2749196469331741,0.8402190144350423
test,P012,P012/seq0/000000,29,2,0.07301685315961493,2.1141132197638086,0.3910665948648259,0.8614248479582971
test,P012,P012/seq0/000000,27,4,2.567177100183244,4.114113219763809,0.38859676561999157,0.868103448275862
test,P012,P012/seq0/000000,25,6,4.68490476218723,6.114113219763809,0.3883546714548565,0.8741976893453145
test,P012,P012/seq0/000000,23,8,6.595525784789828,8.114113219763809,0.38139379571181986,0.8828789531079607
test,P012,P012/seq0/000000,21,10,8.156479486658924,10.114113219763809,0.37904585867208146,0.8835571208452564
test,P012,P012/seq0/000000,18,13,10.386222345104088,13.114113219763809,0.37924613605224333,0.8736141906873615
test,P012,P012/seq0/000000,15,16,13.588025737417112,16.11411321976381,0.38347243584462576,0.8663431848257609
test,P012,P012/seq0/000000,11,20,18.556594913106338,20.11411321976381,0.3883396845898802,0.8681769147788565
test,P012,P012/seq0/000000,6,25,23.320879003000186,25.11411321976381,0.37886529659730983,0.8856266432953549
test,P012,P012/seq0/000000,-1,32,29.52113016334907,32.11411321976381,0.3858245460659279,0.865533230293663
test,P012,P012/seq0/000000,-9,40,38.572470744591925,40.11411321976381,0.4102096988107734,0.8820960698689956
test,P012,P012/seq0/000000,33,-2,-4.569558853716728,-1.8858867802361772,0.3835059939025944,0.866225165562914
test,P012,P012/seq0/000000,35,-4,-6.321183680453231,-3.885886780236177,0.3819341315944721,0.8767245215843347
test,P012,P012/seq0/000000,37,-6,-7.815125009907376,-5.885886780236177,0.3803349521946915,0.8823400043985045
test,P012,P012/seq0/000000,39,-8,-9.403489952295189,-7.885886780236177,0.38386040544099415,0.8817110432125709
test,P012,P012/seq0/000000,41,-10,-11.238712699090428,-9.885886780236177,0.3877236287283023,0.8735287823667879
test,P012,P012/seq0/000000,44,-13,-14.753953443647191,-12.885886780236177,0.38965561489023093,0.8615984405458089
test,P012,P012/seq0/000000,47,-16,-18.32423052999235,-15.885886780236177,0.3833032488168663,0.8654609616232907
test,P012,P012/seq0/000000,51,-20,-22.362568939650203,-19.885886780236177,0.38092795139721763,0.8753056234718827
test,P012,P012/seq0/000000,56,-25,-26.156945269857204,-24.885886780236177,0.38295329199724776,0.876210979547901
test,P012,P012/seq0/000000,63,-32,-34.18896023183905,-31.885886780236177,0.3841951117581981,0.8647577092511013
test,P012,P012/seq0/000000,71,-40,-41.08666991574276,-39.88588678023618,0.3865875143222903,0.8778043999128731
test,P012,P012/seq0/000036,22,2,-2.3262446536654693,1.742612324323673,0.4031694398640185,0.8324301792413505
test,P012,P012/seq0/000036,20,4,-0.1900089410602277,3.742612324323673,0.4034904020019258,0.8384822724445365
test,P012,P012/seq0/000036,18,6,1.957735103663822,5.742612324323673,0.4060275742535341,0.8389233954451346
test,P012,P012/seq0/000036,16,8,4.254029186150362,7.742612324323673,0.41387515165725125,0.8423236514522822
test,P012,P012/seq0/000036,14,10,5.843314900436084,9.742612324323673,0.4142630250620878,0.8376460767946577
test,P012,P012/seq0/000036,11,13,8.760300217046662,12.742612324323673,0.4121213026138394,0.8393717277486911
test,P012,P012/seq0/000036,8,16,11.950305652443873,15.742612324323673,0.4068306303510066,0.8370927318295739
test,P012,P012/seq0/000036,4,20,15.856591753507573,19.742612324323673,0.402595519866935,0.838789888106092
test,P012,P012/seq0/000036,-1,25,21.13274220657574,24.742612324323673,0.41521434632028376,0.8389108293494076
test,P012,P012/seq0/000036,-8,32,27.913145006391503,31.742612324323673,0.41159705306048233,0.8366067697450899
test,P012,P012/seq0/000036,-16,40,36.21846508666701,39.74261232432367,0.45975978839933995,0.8418430884184309
test,P012,P012/seq0/000036,26,-2,-6.324363516918794,-2.257387675676341,0.4121262362817202,0.8373266078184111
test,P012,P012/seq0/000036,28,-4,-8.164608063971514,-4.257387675676341,0.41221007965337203,0.8419732441471572
test,P012,P012/seq0/000036,30,-6,-10.182856358211808,-6.257387675676341,0.415385108439416,0.83729662077597
test,P012,P012/seq0/000036,32,-8,-11.806895183597533,-8.257387675676341,0.4140278991072271,0.8410788381742739
test,P012,P012/seq0/000036,34,-10,-14.174362848771608,-10.257387675676341,0.4049713126460417,0.8378546282874301
test,P012,P012/seq0/000036,37,-13,-17.231613312054947,-13.257387675676341,0.4013373108247233,0.835956917978459
test,P012,P012/seq0/000036,40,-16,-20.22226247798659,-16.25738767567634,0.4072026082685784,0.835384936365533
test,P012,P012/seq0/000036,44,-20,-24.29628719253057,-20.25738767567634,0.411572320520574,0.8400167084377611
test,P012,P012/seq0/000036,49,-25,-28.915293996911373,-25.25738767567634,0.41127694697933587,0.8380834365964478
test,P012,P012/seq0/000036,56,-32,-36.39238131734277,-32.25738767567634,0.4053948131869608,0.8345802161263508
test,P012,P012/seq0/000036,64,-40,-43.916448609011496,-40.25738767567634,0.41764890296189605,0.8400498545907769
test,P012,P012/seq0/000072,25,2,6.145244454182929,1.7490254333357598,0.3867265764729584,0.8395112859805343
test,P012,P012/seq0/000072,23,4,7.979391753239554,3.7490254333357598,0.3894047062726032,0.8357709987463435
test,P012,P012/seq0/000072,21,6,9.757822109886547,5.74902543333576,0.3849689754557611,0.8419280151547043
test,P012,P012/seq0/000072,19,8,11.103920112392927,7.74902543333576,0.38261581950844253,0.8480985765880603
test,P012,P012/seq0/000072,17,10,12.717255827713089,9.74902543333576,0.3818203622266791,0.8565365025466893
test,P012,P012/seq0/000072,14,13,16.612817340013976,12.74902543333576,0.38172633760257096,0.8588088296543107
test,P012,P012/seq0/000072,11,16,20.33074151491749,15.74902543333576,0.385135351832071,0.8435627195701592
test,P012,P012/seq0/000072,7,20,23.980767062428427,19.74902543333576,0.38955126293562725,0.8359456635318704
test,P012,P012/seq0/000072,2,25,27.84197303420983,24.74902543333576,0.3815064791146142,0.8542286442838929
test,P012,P012/seq0/000072,-5,32,36.29777009676677,31.74902543333576,0.4056268265963791,0.843737081438611
test,P012,P012/seq0/000072,-13,40,43.09176659325193,39.74902543333576,0.44259476926199737,0.8482787930301743
test,P012,P012/seq0/000072,29,-2,1.9311329043499796,-2.2509745666642402,0.3787272772305889,0.8563752841496177
test,P012,P012/seq0/000072,31,-4,-0.7499949587188439,-4.25097456666424,0.3818737995312987,0.8530090165653177
test,P012,P012/seq0/000072,33,-6,-3.257875575754383,-6.25097456666424,0.38029301629401363,0.8559322033898306
test,P012,P012/seq0/000072,35,-8,-4.913903005267599,-8.25097456666424,0.38229482748032073,0.8478030142220335
test,P012,P012/seq0/000072,37,-10,-6.222180537836238,-10.25097456666424,0.3853215298043975,0.8406893652795292
test,P012,P012/seq0/000072,40,-13,-8.98623828140785,-13.25097456666424,0.3897599211360553,0.8387096774193549
test,P012,P012/seq0/000072,43,-16,-11.635647153135352,-16.25097456666424,0.38465569174534603,0.8414533443435177
test,P012,P012/seq0/000072,47,-20,-16.742995815279926,-20.25097456666424,0.38215146280108037,0.8521229868228404
test,P012,P012/seq0/000072,52,-25,-21.632163428911184,-25.25097456666424,0.38094760709994363,0.8476653285442637
test,P012,P012/seq0/000072,59,-32,-27.594729905515834,-32.25097456666424,0.3823782000641363,0.8408482602429483
test,P012,P012/seq0/000072,67,-40,-36.938499549481804,-40.25097456666424,0.38103400876678667,0.8457627118644068
test,P012,P012/seq0/000108,27,2,5.541384834195384,1.999038204124119,0.399913563894085,0.8829742289818335
test,P012,P012/seq0/000108,25,4,7.31039698604468,3.999038204124119,0.4005039533862781,0.8849894291754757
test,P012,P012/seq0/000108,23,6,9.093904910593224,5.999038204124119,0.39599867379800996,0.8916382252559727
test,P012,P012/seq0/000108,21,8,10.557220027704375,7.999038204124119,0.39200807595443316,0.9058798190824898
test,P012,P012/seq0/000108,19,10,12.327141671607478,9.999038204124119,0.3964589575276458,0.9062634989200864
test,P012,P012/seq0/000108,16,13,15.267054573595345,12.999038204124119,0.39610926334006125,0.9005572224603515
test,P012,P012/seq0/000108,13,16,19.297105562283562,15.999038204124119,0.3947485903727928,0.8912489379779099
test,P012,P012/seq0/000108,9,20,23.323782961786492,19.99903820412412,0.40076549399399813,0.8849407783417935
test,P012,P012/seq0/000108,4,25,27.39859719299382,24.99903820412412,0.3940929897803045,0.9074433656957929
test,P012,P012/seq0/000108,-3,32,35.26701619913739,31.99903820412412,0.3992365830356617,0.890777730556736
test,P012,P012/seq0/000108,-11,40,42.523958488929495,39.99903820412412,0.4434350548702316,0.9062702003878474
test,P012,P012/seq0/000108,31,-2,0.7942282444971056,-2.0009617958758668,0.3938586686713437,0.896037494674052
test,P012,P012/seq0/000108,33,-4,-1.683795901547711,-4.000961795875867,0.3944461567955316,0.901481004507405
test,P012,P012/seq0/000108,35,-6,-3.643511547357889,-6.000961795875867,0.39590052223036526,0.9051315222078482
test,P012,P012/seq0/000108,37,-8,-5.401958655794914,-8.000961795875867,0.3906686314168391,0.9055304497525285
test,P012,P012/seq0/000108,39,-10,-6.813981039163224,-10.000961795875867,0.39693392483874945,0.8902127659574468
test,P012,P012/seq0/000108,42,-13,-9.538400606279424,-13.000961795875867,0.39956615955218827,0.8830458561211612
test,P012,P012/seq0/000108,45,-16,-12.556592468851704,-16.000961795875867,0.39461926861592694,0.8891239949217097
test,P012,P012/seq0/000108,49,-20,-17.654103978619958,-20.000961795875867,0.3950017613181096,0.8997858672376874
test,P012,P012/seq0/000108,54,-25,-22.024059697443107,-25.000961795875867,0.39335604399834473,0.8975505857294994
test,P012,P012/seq0/000108,61,-32,-28.421040841860844,-32.00096179587587,0.3921561699874653,0.8872497365648051
test,P012,P012/seq0/000108,69,-40,-37.15714989505389,-40.00096179587587,0.3902841749549619,0.9019021158367172
val,P022,P022/seq0/000000,42,2,-9.894055596664941,1.7086296704118666,0.48264040457220736,0.7131537242472267
val,P022,P022/seq0/000000,40,4,-7.430864410566869,3.7086296704118666,0.47375358520981764,0.7202286440139727
val,P022,P022/seq0/000000,38,6,-4.4473031602597075,5.708629670411867,0.457630330072788,0.7409261576971214
val,P022,P022/seq0/000000,36,8,-2.7149735092674234,7.708629670411867,0.4695129714039754,0.7365823565700185
val,P022,P022/seq0/000000,34,10,-0.4783363286341,9.708629670411867,0.47588549069975844,0.7401719901719902
val,P022,P022/seq0/000000,31,13,3.699717565128907,12.708629670411867,0.46278248486270473,0.7446808510638298
val,P022,P022/seq0/000000,28,16,4.569433080501625,15.708629670411867,0.478427791058762,0.7153797064454371
val,P022,P022/seq0/000000,24,20,8.686365093486273,19.708629670411867,0.4738373140953783,0.7158365261813537
val,P022,P022/seq0/000000,19,25,14.727321890936167,24.708629670411867,0.4675308049275326,0.7418361059765866
val,P022,P022/seq0/000000,12,32,20.629912963390083,31.708629670411867,0.47421763800183275,0.7144227694275663
val,P022,P022/seq0/000000,4,40,29.12981349096077,39.70862967041187,0.4686250751299233,0.7316165063605337
val,P022,P022/seq0/000000,46,-2,-12.006365095826652,-2.291370329588119,0.46944098755130226,0.7375039295818925
val,P022,P022/seq0/000000,48,-4,-14.138850777336614,-4.291370329588119,0.4783567181544183,0.7317376437674852
val,P022,P022/seq0/000000,50,-6,-16.42696429632278,-6.291370329588119,0.4840188457537154,0.740989615149664
val,P022,P022/seq0/000000,52,-8,-18.797538323646563,-8.29137032958812,0.47638193673945967,0.7389434889434889
val,P022,P022/seq0/000000,54,-10,-20.39041525829407,-10.29137032958812,0.45998893122628265,0.7462039045553145
val,P022,P022/seq0/000000,57,-13,-25.284147313118268,-13.29137032958812,0.486362259243775,0.7058068655758742
val,P022,P022/seq0/000000,60,-16,-27.356283018201566,-16.29137032958812,0.48003918526707945,0.7191650853889943
val,P022,P022/seq0/000000,64,-20,-27.887248965598985,-20.29137032958812,0.4694654836227582,0.7042420646692377
val,P022,P022/seq0/000000,69,-25,-33.90535074515938,-25.29137032958812,0.46263939023080686,0.7458476966468192
val,P022,P022/seq0/000000,76,-32,-37.51805640383455,-32.29137032958812,0.4843828892327933,0.6801594602882551
val,P022,P022/seq0/000000,84,-40,-43.964849302170876,-40.29137032958812,0.5002066485743059,0.6977168949771689
val,P022,P022/seq0/000054,39,2,-9.119587514050835,2.252558117173578,0.39727943478867184,0.6470180305131762
val,P022,P022/seq0/000054,37,4,-4.283352351231173,4.252558117173578,0.269140420439038,0.6621758167733244
val,P022,P022/seq0/000054,35,6,-1.3115026340543636,6.252558117173578,0.24696947534398137,0.6675461741424802
val,P022,P022/seq0/000054,33,8,0.4439580312516256,8.252558117173578,0.30637313113241393,0.705535538814281
val,P022,P022/seq0/000054,31,10,3.3760337944453056,10.252558117173578,0.2645273731827663,0.6686746987951807
val,P022,P022/seq0/000054,28,13,4.271964718572292,13.252558117173578,0.4141215578893112,0.6671285071007966
val,P022,P022/seq0/000054,25,16,6.258745082170606,16.252558117173578,0.43834130626013207,0.6869565217391305
val,P022,P022/seq0/000054,21,20,10.582389250802862,20.252558117173578,0.411839001612058,0.6668967897825336
val,P022,P022/seq0/000054,16,25,18.09459745765787,25.252558117173578,0.2823596895693897,0.6805970149253732
val,P022,P022/seq0/000054,9,32,22.396539588369507,32.25255811717358,0.4444112657344233,0.6836461126005362
val,P022,P022/seq0/000054,1,40,32.2227862610881,40.25255811717358,0.43242220553751226,0.7069767441860465
val,P022,P022/seq0/000054,43,-2,-11.961117113333273,-1.747441882826422,0.4085399632997522,0.6652920962199312
val,P022,P022/seq0/000054,45,-4,-10.220383613123431,-3.747441882826422,0.2491461978667898,0.679082141669438
val,P022,P022/seq0/000054,47,-6,-12.590965189552662,-5.747441882826422,0.25507444189141504,0.6739562624254473
val,P022,P022/seq0/000054,49,-8,-15.203348387732063,-7.747441882826422,0.2924543512156669,0.7061872367994817
val,P022,P022/seq0/000054,51,-10,-17.310294783682394,-9.747441882826422,0.24175129927419944,0.6723404255319149
val,P022,P022/seq0/000054,54,-13,-23.403215529917873,-12.747441882826422,0.39997644580177716,0.6508710801393728
val,P022,P022/seq0/000054,57,-16,-26.24320838291041,-15.747441882826422,0.42714821229111033,0.6951907131011609
val,P022,P022/seq0/000054,61,-20,-26.065396715051236,-19.747441882826422,0.24218034748875916,0.6820580474934037
val,P022,P022/seq0/000054,66,-25,-31.476213974943846,-24.747441882826422,0.2533338287098527,0.6951697127937336
val,P022,P022/seq0/000054,73,-32,-38.41823251441323,-31.747441882826422,0.47321950659302453,0.6959505833905285
val,P022,P022/seq0/000054,81,-40,-43.439535116009495,-39.74744188282642,0.271943522107308,0.711897738446411
val,P022,P022/seq0/000108,17,2,-2.34832842356019,1.645122176584735,0.3597128812408751,0.659881812212738
val,P022,P022/seq0/000108,15,4,0.610031011800757,3.645122176584735,0.3610334302321668,0.6616785946649317
val,P022,P022/seq0/000108,13,6,3.6065673712357267,5.645122176584735,0.37829323514287855,0.6567550096961862
val,P022,P022/seq0/000108,11,8,4.756190329894139,7.645122176584735,0.3886981151184384,0.6602378656380585
val,P022,P022/seq0/000108,9,10,6.104184465653475,9.645122176584735,0.3873168057820214,0.6681672025723473
val,P022,P022/seq0/000108,6,13,8.770223952345134,12.645122176584735,0.3901448831600954,0.673430564362714
val,P022,P022/seq0/000108,3,16,11.126819910004926,15.645122176584735,0.36875466234506127,0.658686509220317
val,P022,P022/seq0/000108,-1,20,16.57571469488623,19.645122176584735,0.36165913047052684,0.6618939147412951
val,P022,P022/seq0/000108,-6,25,21.371372110731684,24.645122176584735,0.3795269721258061,0.6556741028128031
val,P022,P022/seq0/000108,-13,32,27.13029465296701,31.645122176584735,0.3688380961229442,0.6591203104786546
val,P022,P022/seq0/000108,-21,40,36.787222137496926,39.645122176584735,0.340429175653764,0.6608807457409194
val,P022,P022/seq0/000108,21,-2,-6.727127693779522,-2.3548778234152508,0.38119026645889065,0.6653870761356366
val,P022,P022/seq0/000108,23,-4,-8.072802653596597,-4.354877823415251,0.3992459967483425,0.6861819326408561
val,P022,P022/seq0/000108,25,-6,-9.97418841668025,-6.354877823415251,0.38921022389233473,0.6711624919717405
val,P022,P022/seq0/000108,27,-8,-11.180411566895032,-8.35487782341525,0.3896183620461737,0.6619537275064268
val,P022,P022/seq0/000108,29,-10,-12.490536031240936,-10.35487782341525,0.38420021693909545,0.6617363344051447
val,P022,P022/seq0/000108,32,-13,-17.55020790576907,-13.35487782341525,0.3673243239156912,0.6675392670157068
val,P022,P022/seq0/000108,35,-16,-21.359637333088898,-16.35487782341525,0.37844835682947126,0.6685934489402697
val,P022,P022/seq0/000108,39,-20,-24.796718621998167,-20.35487782341525,0.40847086768895824,0.6953539133146243
val,P022,P022/seq0/000108,44,-25,-28.763264046932335,-25.35487782341525,0.3996522345262067,0.6738578680203046
val,P022,P022/seq0/000108,51,-32,-38.453545118739385,-32.35487782341525,0.39446413344763026,0.6759405627568764
val,P022,P022/seq0/000108,59,-40,-45.597896977573555,-40.35487782341525,0.45373530074075424,0.6931608133086876
val,P022,P022/seq0/000162,20,2,-6.088500802944509,1.9685313506525262,0.4813658234047375,0.6517110266159696
val,P022,P022/seq0/000162,18,4,-2.8493934328972443,3.968531350652526,0.47900421249188835,0.6403903903903904
val,P022,P022/seq0/000162,16,6,-1.1523364689199411,5.968531350652526,0.4896484029582993,0.636465743167353
val,P022,P022/seq0/000162,14,8,0.9594515010617357,7.968531350652526,0.4915231737589173,0.6460966542750929
val,P022,P022/seq0/000162,12,10,2.377362869366493,9.968531350652526,0.48772737451936643,0.6430436404326744
val,P022,P022/seq0/000162,9,13,6.601665180049707,12.968531350652526,0.4860023876820096,0.6568807339449542
val,P022,P022/seq0/000162,6,16,9.057744941372363,15.968531350652526,0.48575433264115775,0.6609474076837001
val,P022,P022/seq0/000162,2,20,13.150606567102756,19.968531350652526,0.4790785763035072,0.6403903903903904
val,P022,P022/seq0/000162,-3,25,17.690036726996624,24.968531350652526,0.48549420357675943,0.6490312965722802
val,P022,P022/seq0/000162,-10,32,25.057744941372363,31.968531350652526,0.48600770263516285,0.6609474076837001
val,P022,P022/seq0/000162,-18,40,32.886712062076484,39.968531350652526,0.49151733117553503,0.6448493863889921
val,P022,P022/seq0/000162,24,-2,-9.002433889346605,-2.0314686493474596,0.48709077575684223,0.653121536756557
val,P022,P022/seq0/000162,26,-4,-10.379462764846892,-4.03146864934746,0.4861843944969939,0.6510435737824972
val,P022,P022/seq0/000162,28,-6,-13.578205246084053,-6.03146864934746,0.48706746206551116,0.6443202979515829
val,P022,P022/seq0/000162,30,-8,-14.895039136831002,-8.03146864934746,0.49316301791651834,0.6474074074074074
val,P022,P022/seq0/000162,32,-10,-17.228244780705097,-10.03146864934746,0.49415850196729516,0.6360924683072334
val,P022,P022/seq0/000162,35,-13,-21.558729810578086,-13.03146864934746,0.4830118094501617,0.6463878326996197
val,P022,P022/seq0/000162,38,-16,-23.32730855125672,-16.03146864934746,0.4902464433297817,0.6605029585798816
val,P022,P022/seq0/000162,42,-20,-27.008173194802026,-20.03146864934746,0.49163248695093925,0.6492753623188405
val,P022,P022/seq0/000162,47,-25,-33.093566034925914,-25.03146864934746,0.49949780676935385,0.6355277675616036
val,P022,P022/seq0/000162,54,-32,-39.776082858667564,-32.03146864934746,0.49694891388605766,0.6644832605531296
val,P022,P022/seq0/000162,62,-40,-47.26926062090479,-40.03146864934746,0.5180350410808927,0.6568557071069634
val,P025,P025/seq0/000000,13,2,-1.3186134686452533,1.776568868690049,0.3118765218697887,0.8583863408101774
val,P025,P025/seq0/000000,11,4,0.8034250639044558,3.776568868690049,0.3154339559264341,0.8631790744466801
val,P025,P025/seq0/000000,9,6,2.5195705612018315,5.776568868690049,0.3119757150175787,0.8680391495106311
val,P025,P025/seq0/000000,7,8,4.631565566556191,7.776568868690049,0.3104670368662658,0.871000336813742
val,P025,P025/seq0/000000,5,10,6.188702552984537,9.776568868690049,0.30881308435632676,0.8564690026954178
val,P025,P025/seq0/000000,2,13,8.861813924776229,12.776568868690049,0.31547448597967265,0.8455832771409305
val,P025,P025/seq0/000000,-1,16,13.324674978713972,15.776568868690049,0.31969168985134144,0.8698517298187809
val,P025,P025/seq0/000000,-5,20,16.783697952661242,19.77656886869005,0.31556903538650416,0.8634686346863468
val,P025,P025/seq0/000000,-10,25,20.819830999216947,24.77656886869005,0.3129598466047448,0.8553971486761711
val,P025,P025/seq0/000000,-17,32,29.298482334099063,31.77656886869005,0.2906833321043919,0.8694792353328938
val,P025,P025/seq0/000000,-25,40,36.6367959520947,39.77656886869005,0.2869564113035758,0.8705327039784221
val,P025,P025/seq0/000000,17,-2,-5.131575439510073,-2.223431131309951,0.31482838697933746,0.8610372340425532
val,P025,P025/seq0/000000,19,-4,-7.491329974463042,-4.223431131309951,0.3096999032247639,0.853226345703778
val,P025,P025/seq0/000000,21,-6,-9.771814317080072,-6.223431131309951,0.30829366242652795,0.8564690026954178
val,P025,P025/seq0/000000,23,-8,-11.322325493652585,-8.223431131309951,0.3096145123068866,0.8702392989551736
val,P025,P025/seq0/000000,25,-10,-13.370198891247725,-10.223431131309951,0.3114617568193947,0.8673641579480257
val,P025,P025/seq0/000000,28,-13,-16.58597491893994,-13.223431131309951,0.3100355012002582,0.8513650151668352
val,P025,P025/seq0/000000,31,-16,-18.675325021286028,-16.22343113130995,0.319534070827882,0.8698517298187809
val,P025,P025/seq0/000000,35,-20,-23.439833992924065,-20.22343113130995,0.3092195647381155,0.852754590984975
val,P025,P025/seq0/000000,40,-25,-28.606932828713383,-25.22343113130995,0.31053513153320406,0.8651571476850287
val,P025,P025/seq0/000000,47,-32,-34.73267729684741,-32.22343113130995,0.32097617005895884,0.868541530412034
val,P025,P025/seq0/000000,55,-40,-43.60025652813533,-40.22343113130995,0.3166445704095218,0.8747107438016529
val,P025,P025/seq0/000052,7,2,-4.16054061904444,1.701972574031842,0.4787408987308048,0.703274892490903
val,P025,P025/seq0/000052,5,4,-2.943724566342553,3.701972574031842,0.4886100985641173,0.6955645161290323
val,P025,P025/seq0/000052,3,6,-0.8049059746298042,5.701972574031842,0.4970024566841765,0.7003367003367004
val,P025,P025/seq0/000052,1,8,1.619213670540148,7.701972574031842,0.501279747321199,0.7054472091459314
val,P025,P025/seq0/000052,-1,10,4.081678955735626,9.701972574031842,0.49496424694048935,0.7116279069767442
val,P025,P025/seq0/000052,-4,13,6.76517699787621,12.701972574031842,0.4926981523085641,0.703567855951984
val,P025,P025/seq0/000052,-7,16,9.91339357985602,15.701972574031842,0.48882511564941505,0.7063914780292943
val,P025,P025/seq0/000052,-11,20,13.055184648335242,19.701972574031842,0.48912558055276295,0.6957983193277311
val,P025,P025/seq0/000052,-16,25,18.85910763371436,24.701972574031842,0.4943523165602304,0.7069023007669223
val,P025,P025/seq0/000052,-23,32,25.91339357985602,31.701972574031842,0.4868882319611235,0.7063914780292943
val,P025,P025/seq0/000052,-31,40,33.61395361146789,39.70197257403184,0.49323705552682884,0.7049731182795699
val,P025,P025/seq0/000052,11,-2,-8.234263748351964,-2.298027425968172,0.4926536326917583,0.7053333333333334
val,P025,P025/seq0/000052,13,-4,-10.24289693659631,-4.298027425968172,0.4957688580718908,0.7046215673141326
val,P025,P025/seq0/000052,15,-6,-11.911476040330456,-6.298027425968172,0.4953310262032734,0.711864406779661
val,P025,P025/seq0/000052,17,-8,-14.380786329459852,-8.298027425968172,0.5012111850622901,0.7054472091459314
val,P025,P025/seq0/000052,19,-10,-16.7972771771029,-10.298027425968172,0.4955093732259685,0.7001009761023225
val,P025,P025/seq0/000052,22,-13,-19.544187661564337,-13.298027425968172,0.4786039008035455,0.7012296444001329
val,P025,P025/seq0/000052,25,-16,-22.046884853081423,-16.298027425968172,0.48846724021472865,0.7072521623419827
val,P025,P025/seq0/000052,29,-20,-26.224448667873332,-20.298027425968172,0.49417645251586945,0.7045834727333556
val,P025,P025/seq0/000052,34,-25,-31.593200282700735,-25.298027425968172,0.4980601468990631,0.7050938337801609
val,P025,P025/seq0/000052,41,-32,-38.1273963436073,-32.29802742596817,0.49316567987646287,0.708994708994709
val,P025,P025/seq0/000052,49,-40,-46.58516730615105,-40.29802742596817,0.5368245577299654,0.7108753315649867
val,P025,P025/seq0/000104,4,2,3.8240677961889844,1.9301643717195134,0.608863018454734,0.6799826313504125
val,P025,P025/seq0/000104,2,4,5.952547003873477,3.9301643717195134,0.6069874417768663,0.6768826619964974
val,P025,P025/seq0/000104,0,6,8.438356065247788,5.930164371719513,0.5915510336205763,0.6712742980561555
val,P025,P025/seq0/000104,-2,8,10.749504634896851,7.930164371719513,0.5781070834061975,0.6749252456215292
val,P025,P025/seq0/000104,-4,10,12.415894955999761,9.930164371719513,0.5794654568408155,0.6768577494692144
val,P025,P025/seq0/000104,-7,13,15.040277089794216,12.930164371719513,0.5945027555581697,0.6842332613390929
val,P025,P025/seq0/000104,-10,16,17.92893266105385,15.930164371719513,0.601785698835543,0.6851932262266609
val,P025,P025/seq0/000104,-14,20,21.916955861245185,19.930164371719513,0.6084555297249686,0.6765994741454864
val,P025,P025/seq0/000104,-19,25,27.550149299127924,24.930164371719513,0.5857703730248986,0.675502351432236
val,P025,P025/seq0/000104,-26,32,33.92785157997277,31.930164371719513,0.6015973123036809,0.6843247937472862
val,P025,P025/seq0/000104,-34,40,42.710067400809265,39.93016437171951,0.5805878998675754,0.6723768736616702
val,P025,P025/seq0/000104,8,-2,-0.11764410843512962,-2.0698356282804866,0.6009364476104608,0.6859861591695502
val,P025,P025/seq0/000104,10,-4,-1.8515608759614395,-4.069835628280487,0.589925454251727,0.6816027574321413
val,P025,P025/seq0/000104,12,-6,-3.584105044000239,-6.069835628280487,0.5794438011898535,0.6768577494692144
val,P025,P025/seq0/000104,14,-8,-5.238842806721635,-8.069835628280487,0.5778168503241587,0.6743589743589744
val,P025,P025/seq0/000104,16,-10,-7.54145310933194,-10.069835628280487,0.5903673868269423,0.6707000864304236
val,P025,P025/seq0/000104,19,-13,-11.357860013974118,-13.069835628280487,0.6078153220730023,0.6846689895470384
val,P025,P025/seq0/000104,22,-16,-14.074727370467969,-16.069835628280487,0.6008810112723776,0.6848958333333334
val,P025,P025/seq0/000104,26,-20,-17.85792354828382,-20.069835628280487,0.5899765480680389,0.6807410598879793
val,P025,P025/seq0/000104,31,-25,-22.529294185039106,-25.069835628280487,0.5902428635107906,0.6726649528706083
val,P025,P025/seq0/000104,38,-32,-30.040170135046793,-32.06983562828049,0.6007650061951183,0.6831597222222222
val,P025,P025/seq0/000104,46,-40,-37.32546028989083,-40.06983562828049,0.5873052099154353,0.6723768736616702
val,P025,P025/seq0/000156,5,2,1.7130251756400696,2.4041404712876187,0.5388036765241327,0.7425885755603759
val,P025,P025/seq0/000156,3,4,3.5710546264634786,4.404140471287619,0.542909436734466,0.7390199637023593
val,P025,P025/seq0/000156,1,6,5.731418205649746,6.404140471287619,0.5397015372343533,0.7433116413593637
val,P025,P025/seq0/000156,-1,8,8.132947355359804,8.404140471287619,0.5292157723278792,0.7412233079985523
val,P025,P025/seq0/000156,-3,10,10.041655517753753,10.404140471287619,0.5274566799660619,0.7491903562432529
val,P025,P025/seq0/000156,-6,13,12.87244668547524,13.404140471287619,0.529166093134072,0.7538516660695092
val,P025,P025/seq0/000156,-9,16,15.772301611399541,16.40414047128762,0.5384141705038071,0.7421338155515371
val,P025,P025/seq0/000156,-13,20,19.554449354217596,20.40414047128762,0.5438137357762189,0.7381038866690882
val,P025,P025/seq0/000156,-18,25,25.2817724573719,25.40414047128762,0.5218897214057795,0.7434971098265896
val,P025,P025/seq0/000156,-25,32,31.707058646961926,32.40414047128762,0.5401159189103095,0.7403114813473379
val,P025,P025/seq0/000156,-33,40,40.136423159364654,40.40414047128762,0.5273876251380633,0.7392092854552049
val,P025,P025/seq0/000156,9,-2,-2.3139850176191032,-1.5958595287123671,0.536703006336845,0.7484706729039223
val,P025,P025/seq0/000156,11,-4,-4.162648872632957,-3.595859528712367,0.5310974968709578,0.7487401007919366
val,P025,P025/seq0/000156,13,-6,-5.935901227275735,-5.595859528712367,0.52720525913673,0.7489208633093525
val,P025,P025/seq0/000156,15,-8,-7.845319573722151,-7.595859528712367,0.5299919194222521,0.7409551374819102
val,P025,P025/seq0/000156,17,-10,-10.286175290224321,-9.595859528712367,0.5401509307244564,0.7437658113480303
val,P025,P025/seq0/000156,20,-13,-13.331851858874643,-12.595859528712367,0.5391926358523211,0.7410358565737052
val,P025,P025/seq0/000156,23,-16,-16.160739619922794,-15.595859528712367,0.5377499894991672,0.7427745664739884
val,P025,P025/seq0/000156,27,-20,-20.168110934265627,-19.595859528712367,0.5322295029447929,0.7482895210658984
val,P025,P025/seq0/000156,32,-25,-24.947659628910543,-24.595859528712367,0.5306980751942515,0.7421338155515371
val,P025,P025/seq0/000156,39,-32,-32.18525652813534,-31.595859528712367,0.5365454477698292,0.7443202307969707
val,P025,P025/seq0/000156,47,-40,-39.91087973043639,-39.59585952871237,0.5319834794284616,0.7456772334293948
val,P029,P029/seq0/000000,46,2,2.7575154132084947,1.7770954632532465,0.4968123612477447,0.8890766445383222
val,P029,P029/seq0/000000,44,4,4.646056492469654,3.7770954632532465,0.49789934064672187,0.8910364822420874
val,P029,P029/seq0/000000,42,6,6.964118745867282,5.7770954632532465,0.4986686090287798,0.8924861077554965
val,P029,P029/seq0/000000,40,8,9.38719732999229,7.7770954632532465,0.4949677936271797,0.8997930110799951
val,P029,P029/seq0/000000,38,10,11.537536940531908,9.777095463253247,0.49133513794941147,0.8962172647914646
val,P029,P029/seq0/000000,35,13,14.20918123165464,12.777095463253247,0.48953518266541973,0.8912754917340413
val,P029,P029/seq0/000000,32,16,16.974258109769124,15.777095463253247,0.4954200499371414,0.8926020099285628
val,P029,P029/seq0/000000,28,20,20.7529980650405,19.777095463253247,0.497534289345992,0.8902027027027027
val,P029,P029/seq0/000000,23,25,26.554044902007675,24.777095463253247,0.48951593697598234,0.8952911269822056
val,P029,P029/seq0/000000,16,32,33.03534979875393,31.777095463253247,0.4951131591899697,0.8916303821964199
val,P029,P029/seq0/000000,8,40,41.51025998704975,39.77709546325325,0.5204107560839515,0.8982618208338398
val,P029,P029/seq0/000000,50,-2,-0.9560862032889759,-2.2229045367467677,0.49687673136008953,0.8926499032882012
val,P029,P029/seq0/000000,52,-4,-2.890971444287146,-4.222904536746768,0.49413348860634926,0.8954898157129001
val,P029,P029/seq0/000000,54,-6,-4.6112499056187914,-6.222904536746768,0.4926781035018834,0.896192093136066
val,P029,P029/seq0/000000,56,-8,-6.756429202812683,-8.222904536746768,0.4985271806073914,0.9001218026796589
val,P029,P029/seq0/000000,58,-10,-9.186256965485,-10.222904536746768,0.497679188498691,0.8913017251779467
val,P029,P029/seq0/000000,61,-13,-12.377831757093048,-13.222904536746768,0.49659349981032486,0.8867742712599374
val,P029,P029/seq0/000000,64,-16,-15.239033112217783,-16.222904536746768,0.49901402924196203,0.8896943336957835
val,P029,P029/seq0/000000,68,-20,-19.004001060068845,-20.222904536746768,0.4955980541302205,0.8916505791505791
val,P029,P029/seq0/000000,73,-25,-23.84094948956485,-25.222904536746768,0.5020483204747629,0.8891029500301023
val,P029,P029/seq0/000000,80,-32,-30.52716941103779,-32.22290453674677,0.5059230576049811,0.8811155186921505
val,P029,P029/seq0/000000,88,-40,-37.64576377451215,-40.22290453674677,0.5224036546767934,0.8920863309352518
val,P029,P029/seq0/000026,48,2,5.654260391923501,1.8664606303916855,0.4733703997645579,0.8632856962185406
val,P029,P029/seq0/000026,46,4,8.014332048824969,3.8664606303916855,0.47107931142487147,0.8589373194322322
val,P029,P029/seq0/000026,44,6,9.87778174937661,5.8664606303916855,0.4719427571744778,0.863778249469347
val,P029,P029/seq0/000026,42,8,11.87622071779721,7.8664606303916855,0.46736821497063014,0.8636926889714994
val,P029,P029/seq0/000026,40,10,13.52185225049061,9.866460630391686,0.4708212959638863,0.8669741927440469
val,P029,P029/seq0/000026,37,13,16.108184536503444,12.866460630391686,0.46899715617702487,0.8684832648998383
val,P029,P029/seq0/000026,34,16,19.568130876444812,15.866460630391686,0.46820104556579634,0.8652287744670241
val,P029,P029/seq0/000026,30,20,24.149487803750816,19.866460630391686,0.4703206583680483,0.857680250783699
val,P029,P029/seq0/000026,25,25,28.812793957761784,24.866460630391686,0.4686970325071169,0.8635685884691849
val,P029,P029/seq0/000026,18,32,35.616886329007514,31.866460630391686,0.4684101226860874,0.8648648648648649
val,P029,P029/seq0/000026,10,40,43.924738768195795,39.866460630391686,0.49999139324428693,0.8630120034649177
val,P029,P029/seq0/000026,52,-2,0.8172565733415524,-2.1335393696083145,0.4715630367543362,0.8713093310078485
val,P029,P029/seq0/000026,54,-4,-0.8343041471829622,-4.1335393696083145,0.47236283575082355,0.8676049321210612
val,P029,P029/seq0/000026,56,-6,-2.565154974969289,-6.1335393696083145,0.47156528947889614,0.8674819066633391
val,P029,P029/seq0/000026,58,-8,-4.281921618012348,-8.133539369608314,0.4691686606026362,0.8655827230979273
val,P029,P029/seq0/000026,60,-10,-6.327900054438487,-10.133539369608314,0.4731433042123498,0.8656156156156156
val,P029,P029/seq0/000026,63,-13,-9.265027706324247,-13.133539369608314,0.47270620631327764,0.8622905379866448
val,P029,P029/seq0/000026,66,-16,-12.903772171794287,-16.133539369608314,0.47080583885042,0.8662674650698603
val,P029,P029/seq0/000026,70,-20,-16.95942694766603,-20.133539369608314,0.4712213175044936,0.8658051689860835
val,P029,P029/seq0/000026,75,-25,-21.353348633398497,-25.133539369608314,0.46777358252065737,0.8623376623376623
val,P029,P029/seq0/000026,82,-32,-28.789877381215916,-32.133539369608314,0.4704157025076118,0.8555100012423904
val,P029,P029/seq0/000026,90,-40,-35.64293518407476,-40.133539369608314,0.4783581400523932,0.8417132216014898
val,P029,P029/seq0/000052,43,2,9.99793121936058,2.247148032459066,0.4896222867163491,0.8274768179599805
val,P029,P029/seq0/000052,41,4,11.726444239128085,4.247148032459066,0.4900612912165477,0.8325207215992199
val,P029,P029/seq0/000052,39,6,13.536905250483386,6.247148032459066,0.49114609086212724,0.8387652195301931
val,P029,P029/seq0/000052,37,8,15.353636924105913,8.247148032459066,0.4903855601680934,0.8400293973542381
val,P029,P029/seq0/000052,35,10,17.37748020321841,10.247148032459066,0.48696809230651145,0.8405867970660147
val,P029,P029/seq0/000052,32,13,20.330141598328353,13.247148032459066,0.4910553007646598,0.8386149516701333
val,P029,P029/seq0/000052,29,16,23.971721031471944,16.247148032459066,0.4909980944311278,0.8265493215988265
val,P029,P029/seq0/000052,25,20,27.838378678896802,20.247148032459066,0.48955399445099,0.8302941891563336
val,P029,P029/seq0/000052,20,25,32.402837316938374,25.247148032459066,0.4917312802299358,0.8392857142857143
val,P029,P029/seq0/000052,13,32,40.01562322017507,32.247148032459066,0.49385732341608174,0.8257261410788381
val,P029,P029/seq0/000052,5,40,47.38963825792965,40.247148032459066,0.5546876125311692,0.839119804400978
val,P029,P029/seq0/000052,47,-2,5.427455336271436,-1.75285196754092,0.49269022068396284,0.8369525211630475
val,P029,P029/seq0/000052,49,-4,2.9994546968297158,-3.75285196754092,0.48634341584377605,0.8442112968159082
val,P029,P029/seq0/000052,51,-6,1.145222282447662,-5.75285196754092,0.48993266940735275,0.8434059212136041
val,P029,P029/seq0/000052,53,-8,-0.832108728653111,-7.75285196754092,0.48928284284050977,0.8434739941118744
val,P029,P029/seq0/000052,55,-10,-2.686009433044063,-9.75285196754092,0.4931037992582955,0.8416256157635468
val,P029,P029/seq0/000052,58,-13,-5.282256992280168,-12.75285196754092,0.49099548717933966,0.8312226010716025
val,P029,P029/seq0/000052,61,-16,-8.458845759266325,-15.75285196754092,0.49084535200959917,0.8344776851397744
val,P029,P029/seq0/000052,65,-20,-13.329841888339189,-19.75285196754092,0.4859290830796129,0.8469586374695863
val,P029,P029/seq0/000052,70,-25,-17.86321358047047,-24.75285196754092,0.49592067037731763,0.8412542871141597
val,P029,P029/seq0/000052,77,-32,-24.657292879142517,-31.75285196754092,0.49094138648397184,0.8338603746047191
val,P029,P029/seq0/000052,85,-40,-32.606133415475654,-39.75285196754092,0.4993295559372039,0.8218810916179338
val,P029,P029/seq0/000078,38,2,4.0858559615255245,2.288614520535006,0.513360576181299,0.8859669009294945
val,P029,P029/seq0/000078,36,4,5.938712544029599,4.288614520535006,0.5096607329763856,0.8852421910366681
val,P029,P029/seq0/000078,34,6,8.097526249528798,6.288614520535006,0.511598236367532,0.8820281690140845
val,P029,P029/seq0/000078,32,8,10.398004699717973,8.288614520535006,0.5172861192028582,0.8857466063348416
val,P029,P029/seq0/000078,30,10,12.623834380955557,10.288614520535006,0.5205075902721376,0.8848855653750283
val,P029,P029/seq0/000078,27,13,15.632590366720152,13.288614520535006,0.5167305065008393,0.8825719120135364
val,P029,P029/seq0/000078,24,16,18.270726774276525,16.288614520535006,0.5158423968171884,0.8858209799705783
val,P029,P029/seq0/000078,20,20,21.989465865448864,20.288614520535006,0.5095568207213893,0.8843937168041587
val,P029,P029/seq0/000078,15,25,27.6823657488889,25.288614520535006,0.5208496958524156,0.8834161771351107
val,P029,P029/seq0/000078,8,32,34.26954561531066,32.288614520535006,0.5195547265029604,0.8857207513011993
val,P029,P029/seq0/000078,0,40,42.37966930622807,40.288614520535006,0.5834129677472227,0.8855203619909502
val,P029,P029/seq0/000078,42,-2,0.38498156710275566,-1.711385479465008,0.5163863540884345,0.8832693610295778
val,P029,P029/seq0/000078,44,-4,-1.519506579927338,-3.711385479465008,0.5209621408102066,0.8877794167706797
val,P029,P029/seq0/000078,46,-6,-3.455289640718121,-5.711385479465008,0.5222995404263766,0.8870492175096394
val,P029,P029/seq0/000078,48,-8,-5.716946524018425,-7.711385479465008,0.5175389588736988,0.8864767073722297
val,P029,P029/seq0/000078,50,-10,-7.953914465942233,-9.711385479465008,0.509864058078288,0.8832544512057696
val,P029,P029/seq0/000078,53,-13,-11.079441973659442,-12.711385479465008,0.5110044187492793,0.88563980505497
val,P029,P029/seq0/000078,56,-16,-13.851471211575245,-15.711385479465008,0.5142041423851376,0.8873797396717601
val,P029,P029/seq0/000078,60,-20,-17.578159553415077,-19.711385479465008,0.5197743124084148,0.8890149795733091
val,P029,P029/seq0/000078,65,-25,-22.846055830413206,-24.711385479465008,0.514193753031143,0.8854272491251834
val,P029,P029/seq0/000078,72,-32,-29.287951422020626,-31.711385479465008,0.532673822152506,0.8930817610062893
val,P029,P029/seq0/000078,80,-40,-36.6759974674448,-39.71138547946501,0.5532942997537302,0.8912012949473928
val,P032,P032/seq0/000000,3,2,0.9260095662852592,2.3917323710320915,0.5751232616845805,0.7295868415899746
val,P032,P032/seq0/000000,1,4,2.9753229866894486,4.3917323710320915,0.5762065275464062,0.7273440564927423
val,P032,P032/seq0/000000,-1,6,5.35157716056402,6.3917323710320915,0.5863022928292133,0.7317835514748975
val,P032,P032/seq0/000000,-3,8,7.274960635653244,8.391732371032091,0.5853802229673234,0.740395809080326
val,P032,P032/seq0/000000,-5,10,9.18674140147128,10.391732371032091,0.5842606117239951,0.7455072463768115
val,P032,P032/seq0/000000,-8,13,11.992573660543897,13.391732371032091,0.5847546603773849,0.7396622015142691
val,P032,P032/seq0/000000,-11,16,15.050044581214891,16.39173237103209,0.5835172614150244,0.7367601246105919
val,P032,P032/seq0/000000,-15,20,18.97532298668945,20.39173237103209,0.5762142981222234,0.7273440564927423
val,P032,P032/seq0/000000,-20,25,24.150970083091266,25.39173237103209,0.5839671897668239,0.7439520030965744
val,P032,P032/seq0/000000,-27,32,31.0614136621395,32.39173237103209,0.5834756638517477,0.7365141187925998
val,P032,P032/seq0/000000,-35,40,39.25821547605095,40.39173237103209,0.5721999876672764,0.740395809080326
val,P032,P032/seq0/000000,7,-2,-2.8513560045751376,-1.6082676289679227,0.5870888517892692,0.7393751212885697
val,P032,P032/seq0/000000,9,-4,-5.081977409562427,-3.6082676289679227,0.5780507571093827,0.7399495047582054
val,P032,P032/seq0/000000,11,-6,-6.786343484657095,-5.608267628967923,0.583770288711801,0.7455072463768115
val,P032,P032/seq0/000000,13,-8,-8.728561967465879,-7.608267628967923,0.5857276417415798,0.7406401551891367
val,P032,P032/seq0/000000,15,-10,-10.641493201909327,-9.608267628967923,0.5861703864713083,0.7317835514748975
val,P032,P032/seq0/000000,18,-13,-14.047575174024644,-12.608267628967923,0.577701571041616,0.72923197492163
val,P032,P032/seq0/000000,21,-16,-16.926183627976854,-15.608267628967923,0.5835610092043487,0.7363707165109035
val,P032,P032/seq0/000000,25,-20,-21.067605609500163,-19.608267628967923,0.5794095451543287,0.7397047397047397
val,P032,P032/seq0/000000,30,-25,-25.618567873781785,-24.608267628967923,0.5888773994929127,0.7360840794083301
val,P032,P032/seq0/000000,37,-32,-33.036109546508044,-31.608267628967923,0.5832576560201852,0.7393162393162394
val,P032,P032/seq0/000000,45,-40,-40.994996620775595,-39.60826762896792,0.5864222588520025,0.7481681450057848
val,P032,P032/seq0/000057,26,2,-1.3648141688860278,1.5011678042088619,0.48663205187922276,0.817803113352335
val,P032,P032/seq0/000057,24,4,0.43127072496773167,3.501167804208862,0.4954580129124594,0.8116069465816663
val,P032,P032/seq0/000057,22,6,2.676591182194798,5.501167804208862,0.5063004335094502,0.819851333624836
val,P032,P032/seq0/000057,20,8,5.064904071436388,7.501167804208862,0.5086044714311501,0.8185801928133216
val,P032,P032/seq0/000057,18,10,7.037618073352434,9.501167804208862,0.49856393050603304,0.8221930974224552
val,P032,P032/seq0/000057,15,13,9.414007784331218,12.501167804208862,0.4851814796709181,0.8188389923329682
val,P032,P032/seq0/000057,12,16,12.515105014446334,15.501167804208862,0.4864474734289035,0.8183212798597413
val,P032,P032/seq0/000057,8,20,16.29176940379334,19.501167804208862,0.49493599083229856,0.8110842313613371
val,P032,P032/seq0/000057,3,25,22.14930308518366,24.501167804208862,0.5058139225528347,0.8170250109697236
val,P032,P032/seq0/000057,-4,32,28.491054333287877,31.501167804208862,0.4473780522997173,0.8188389923329682
val,P032,P032/seq0/000057,-12,40,36.92592451096482,39.50116780420886,0.40701718782709584,0.8183212798597413
val,P032,P032/seq0/000057,30,-2,-5.4740936755541725,-2.498832195791124,0.4809286384050529,0.8214207650273224
val,P032,P032/seq0/000057,32,-4,-7.285070159658233,-4.498832195791124,0.4857683380113254,0.8211630957586358
val,P032,P032/seq0/000057,34,-6,-8.810788443028969,-6.498832195791124,0.4980960098340139,0.8216783216783217
val,P032,P032/seq0/000057,36,-8,-10.800898239365296,-8.498832195791124,0.5131047818931773,0.8190976784932107
val,P032,P032/seq0/000057,38,-10,-13.149251743446342,-10.498832195791124,0.5062617923116618,0.8206248634476732
val,P032,P032/seq0/000057,41,-13,-16.56520486962529,-13.498832195791124,0.49651998171745787,0.8101433296582139
val,P032,P032/seq0/000057,44,-16,-19.277610572056062,-16.498832195791124,0.48751539618169,0.8183212798597413
val,P032,P032/seq0/000057,48,-20,-23.11132035792258,-20.498832195791124,0.4876077420381923,0.8216783216783217
val,P032,P032/seq0/000057,53,-25,-27.970416955942824,-25.498832195791124,0.5105799729139121,0.8190976784932107
val,P032,P032/seq0/000057,60,-32,-35.23832997145627,-32.498832195791124,0.492619000903482,0.8214207650273224
val,P032,P032/seq0/000057,68,-40,-42.40030957853321,-40.498832195791124,0.5171946984731999,0.8229644182492906
val,P032,P032/seq0/000114,19,2,6.343968823977335,1.5416147293496891,0.47731514829533606,0.8359017076218243
val,P032,P032/seq0/000114,17,4,7.764415141658276,3.541614729349689,0.48103495596040846,0.8397169025811824
val,P032,P032/seq0/000114,15,6,9.640408239196091,5.541614729349689,0.4815014686737847,0.8334030975303475
val,P032,P032/seq0/000114,13,8,12.093016286007028,7.541614729349689,0.48240782325722453,0.8318992654774396
val,P032,P032/seq0/000114,11,10,14.655932096074665,9.54161472934969,0.4887187065788941,0.8268132797631634
val,P032,P032/seq0/000114,8,13,18.220078979786365,12.54161472934969,0.4934163762033978,0.8318804483188045
val,P032,P032/seq0/000114,5,16,20.998647581453696,15.54161472934969,0.4822167177569956,0.8346359522830111
val,P032,P032/seq0/000114,1,20,23.757175524348256,19.54161472934969,0.4809066485897477,0.8397836038285477
val,P032,P032/seq0/000114,-4,25,29.410462236939424,24.54161472934969,0.4809212641877362,0.8286617492096944
val,P032,P032/seq0/000114,-11,32,36.95694383782988,31.54161472934969,0.4423141415546526,0.8353231782626596
val,P032,P032/seq0/000114,-19,40,44.11500713437664,39.54161472934969,0.45917941049531885,0.830180748213535
val,P032,P032/seq0/000114,23,-2,3.1882423171302463,-2.458385270650325,0.49076302949767425,0.8331610502377507
val,P032,P032/seq0/000114,25,-4,1.1671666397133578,-4.458385270650325,0.4978118263453337,0.829747232086902
val,P032,P032/seq0/000114,27,-6,-1.2718436751655418,-6.458385270650325,0.49043622335137005,0.8256453660600931
val,P032,P032/seq0/000114,29,-8,-3.726412583664313,-8.458385270650325,0.4813781083446604,0.8296576349506406
val,P032,P032/seq0/000114,31,-10,-6.110375859877593,-10.458385270650325,0.47982064549493414,0.8307111390811831
val,P032,P032/seq0/000114,34,-13,-8.762213657678672,-13.458385270650325,0.47857370226391865,0.8385222083852221
val,P032,P032/seq0/000114,37,-16,-10.78777145693644,-16.458385270650325,0.4840461805829798,0.8319241080635182
val,P032,P032/seq0/000114,41,-20,-14.497644128703257,-20.458385270650325,0.49844120028821903,0.8267502612330199
val,P032,P032/seq0/000114,46,-25,-20.755013259358776,-25.458385270650325,0.48265138225683035,0.8323240760075172
val,P032,P032/seq0/000114,53,-32,-26.650513881076535,-32.458385270650325,0.4880836436641265,0.8312706270627063
val,P032,P032/seq0/000114,61,-40,-35.37309177717748,-40.458385270650325,0.4884902024132202,0.8281512605042017
val,P032,P032/seq0/000171,12,2,-0.6633947808919061,2.095821376498634,0.5005866392438827,0.8699400299850075
val,P032,P032/seq0/000171,10,4,1.2964548812606296,4.095821376498634,0.49964070393936005,0.8728086534875047
val,P032,P032/seq0/000171,8,6,2.870749632028918,6.095821376498634,0.5049427425495698,0.8719748753002032
val,P032,P032/seq0/000171,6,8,4.848555112931749,8.095821376498634,0.5071435941143017,0.871606749816581
val,P032,P032/seq0/000171,4,10,6.946306096914668,10.095821376498634,0.49886490535602807,0.86981924411174
val,P032,P032/seq0/000171,1,13,9.951195414604939,13.095821376498634,0.5055749261940391,0.8670477595426885
val,P032,P032/seq0/000171,-2,16,13.121990001103185,16.095821376498634,0.5041420072701184,0.8690943043884221
val,P032,P032/seq0/000171,-6,20,17.29645488126063,20.095821376498634,0.4996384084730148,0.8728086534875047
val,P032,P032/seq0/000171,-11,25,21.818953786127338,25.095821376498634,0.5059513658421575,0.8710622710622711
val,P032,P032/seq0/000171,-18,32,29.10774347186465,32.095821376498634,0.5045764681909338,0.8686717728376612
val,P032,P032/seq0/000171,-26,40,36.85823800848951,40.095821376498634,0.5074434213398143,0.8717195815746008
val,P032,P032/seq0/000171,16,-2,-5.0737433702406065,-1.904178623501366,0.5061112558371319,0.8676524953789279
val,P032,P032/seq0/000171,18,-4,-7.018065858764146,-3.904178623501366,0.5045029073169581,0.8671688407128422
val,P032,P032/seq0/000171,20,-6,-9.046960572989178,-5.904178623501366,0.49921826462506946,0.8697716894977169
val,P032,P032/seq0/000171,22,-8,-11.141761991510492,-7.904178623501366,0.5074889855544152,0.8717195815746008
val,P032,P032/seq0/000171,24,-10,-13.069149076509149,-9.904178623501366,0.5048142779257172,0.8714629184390604
val,P032,P032/seq0/000171,27,-13,-15.68064569903214,-12.904178623501366,0.5025051500523849,0.871209284912018
val,P032,P032/seq0/000171,30,-16,-18.84548859564589,-15.904178623501366,0.5047857474656792,0.868735976065819
val,P032,P032/seq0/000171,34,-20,-23.010845719520972,-19.904178623501366,0.5062446179279967,0.8667034381320096
val,P032,P032/seq0/000171,39,-25,-28.17932553589361,-24.904178623501366,0.5089415684301596,0.8719366132301456
val,P032,P032/seq0/000171,46,-32,-35.00613000949269,-31.904178623501366,0.5094582809111101,0.8704566635601119
val,P032,P032/seq0/000171,54,-40,-43.492604770946855,-39.904178623501366,0.5392298617739189,0.8730390368478658
test,P040,P040/seq0/000000,45,2,0.9596217680106918,1.7550609055226971,0.5735326396859424,0.870635795663359
test,P040,P040/seq0/000000,43,4,2.835489860307675,3.755060905522697,0.567418591359344,0.8732857926494789
test,P040,P040/seq0/000000,41,6,4.999408008605869,5.755060905522697,0.5645726532942741,0.876482393723773
test,P040,P040/seq0/000000,39,8,7.5997117006176325,7.755060905522697,0.5632382224621251,0.8829845313921747
test,P040,P040/seq0/000000,37,10,9.510977990442356,9.755060905522697,0.5661018446034095,0.8817518248175182
test,P040,P040/seq0/000000,34,13,12.144290771905261,12.755060905522697,0.5758606343442744,0.8709558823529412
test,P040,P040/seq0/000000,31,16,15.15966217105165,15.755060905522697,0.5733226939391628,0.8718043038440316
test,P040,P040/seq0/000000,27,20,18.828837297045084,19.755060905522697,0.5672036970243934,0.8736976786693474
test,P040,P040/seq0/000000,22,25,24.593862055231142,24.755060905522697,0.5660565174482932,0.8816029143897997
test,P040,P040/seq0/000000,15,32,31.18980422520609,31.755060905522697,0.5716968051294082,0.8736687477047375
test,P040,P040/seq0/000000,7,40,39.508493471864654,39.7550609055227,0.6392576948496216,0.8842870118074477
test,P040,P040/seq0/000000,49,-2,-2.802890914676169,-2.244939094477303,0.5762639992651917,0.8681196896933875
test,P040,P040/seq0/000000,51,-4,-4.679473322644839,-4.244939094477303,0.5703811499168786,0.8745874587458746
test,P040,P040/seq0/000000,53,-6,-6.4494392204430255,-6.244939094477303,0.568352611413091,0.8803215786588708
test,P040,P040/seq0/000000,55,-8,-8.394493275843587,-8.244939094477303,0.5651292672461415,0.8811520233321182
test,P040,P040/seq0/000000,57,-10,-10.978285374289186,-10.244939094477303,0.5670637411223514,0.8748401242463
test,P040,P040/seq0/000000,60,-13,-14.02229734446189,-13.244939094477303,0.5734175274476209,0.8675142804496039
test,P040,P040/seq0/000000,63,-16,-16.720445906480336,-16.244939094477303,0.5779623567498515,0.8671846096929338
test,P040,P040/seq0/000000,67,-20,-20.353567976637606,-20.244939094477303,0.5777372256960481,0.87033616549686
test,P040,P040/seq0/000000,72,-25,-25.169369628216714,-25.244939094477303,0.574582884599324,0.8728610855565777
test,P040,P040/seq0/000000,79,-32,-32.48031503210527,-32.2449390944773,0.5858234536044838,0.8610800744878957
test,P040,P040/seq0/000000,87,-40,-39.49651528380079,-40.2449390944773,0.5748744575112333,0.8723168023686159
test,P040,P040/seq0/000030,40,2,8.127586935644842,2.092169136966376,0.5572927036882618,0.848311595497588
test,P040,P040/seq0/000030,38,4,10.281180397512102,4.092169136966376,0.5584529759749397,0.8480944712828771
test,P040,P040/seq0/000030,36,6,12.00128193340312,6.092169136966376,0.5614849534909528,0.8467886616433441
test,P040,P040/seq0/000030,34,8,13.857770682749006,8.092169136966376,0.5637572335406116,0.8429781864070669
test,P040,P040/seq0/000030,32,10,15.756949604743696,10.092169136966376,0.5646753609228871,0.8403391665163269
test,P040,P040/seq0/000030,29,13,18.47740037563034,13.092169136966376,0.5554405221692704,0.8476275738585497
test,P040,P040/seq0/000030,26,16,21.687845265773703,16.092169136966376,0.5539733386977871,0.8487124463519313
test,P040,P040/seq0/000030,22,20,26.243323821573227,20.092169136966376,0.5567797713075927,0.8490262640700376
test,P040,P040/seq0/000030,17,25,30.667883105751415,25.092169136966376,0.5628363073388322,0.841991341991342
test,P040,P040/seq0/000030,10,32,37.59450935815228,32.092169136966376,0.5969111065824759,0.8473241453373904
test,P040,P040/seq0/000030,2,40,45.797712022650884,40.092169136966376,0.7037944952115985,0.8428262436914203
test,P040,P040/seq0/000030,44,-2,3.559038773878072,-1.907830863033638,0.5592077368137084,0.8456712672521958
test,P040,P040/seq0/000030,46,-4,1.750069328826143,-3.907830863033638,0.5583758511311889,0.8423893486865779
test,P040,P040/seq0/000030,48,-6,-0.16149425754208835,-5.907830863033638,0.5648815833811036,0.8400144456482485
test,P040,P040/seq0/000030,50,-8,-2.111985081272337,-7.907830863033638,0.5664847563783089,0.8410978692668833
test,P040,P040/seq0/000030,52,-10,-3.9987504280091457,-9.907830863033638,0.5616921558042607,0.8470926058865758
test,P040,P040/seq0/000030,55,-13,-6.949319672997092,-12.907830863033638,0.5541269019383569,0.8515485938056248
test,P040,P040/seq0/000030,58,-16,-10.306152675539039,-15.907830863033638,0.5553722582860425,0.8472147590900949
test,P040,P040/seq0/000030,62,-20,-14.138979932390669,-19.907830863033638,0.5649073185241394,0.8403967538322813
test,P040,P040/seq0/000030,67,-25,-19.201488350205494,-24.907830863033638,0.5705025553882238,0.8414964756913067
test,P040,P040/seq0/000030,74,-32,-25.93499113535404,-31.907830863033638,0.563824271963839,0.8414414414414414
test,P040,P040/seq0/000030,82,-40,-33.833293177350015,-39.90783086303364,0.5797133237998137,0.832877710953162
test,P040,P040/seq0/000060,33,2,1.884181945803391,2.307859413893638,0.601186531603795,0.9125721526115725
test,P040,P040/seq0/000060,31,4,3.617313311842949,4.307859413893638,0.6003630821777154,0.9108658743633277
test,P040,P040/seq0/000060,29,6,5.863312404947152,6.307859413893638,0.59240632010419,0.9081948746831878
test,P040,P040/seq0/000060,27,8,7.830214505974027,8.307859413893638,0.5982177919584066,0.9068551236749116
test,P040,P040/seq0/000060,25,10,10.172363792720262,10.307859413893638,0.5957722863258713,0.9077376772925151
test,P040,P040/seq0/000060,22,13,13.240308443616073,13.307859413893638,0.6101752083014544,0.9106790645252184
test,P040,P040/seq0/000060,19,16,15.934266248437325,16.307859413893638,0.6142023386949568,0.9113028716933088
test,P040,P040/seq0/000060,15,20,19.66119329604642,20.307859413893638,0.5994434752258548,0.9115569369878497
test,P040,P040/seq0/000060,10,25,24.92724682396978,25.307859413893638,0.6084165413974781,0.9066104078762307
test,P040,P040/seq0/000060,3,32,31.893689769667745,32.30785941389364,0.6194288773327302,0.9105829088851161
test,P040,P040/seq0/000060,-5,40,39.71210119544189,40.30785941389364,0.568888926347296,0.9053882053457786
test,P040,P040/seq0/000060,37,-2,-1.7346500591326617,-1.6921405861063477,0.612654778639136,0.9110139613594698
test,P040,P040/seq0/000060,39,-4,-3.8030365551259138,-3.6921405861063477,0.6094473684029534,0.9093988145639289
test,P040,P040/seq0/000060,41,-6,-5.870004787374768,-5.692140586106348,0.5963250699803848,0.9079409697821503
test,P040,P040/seq0/000060,43,-8,-8.17876099846859,-7.692140586106348,0.5989939134918582,0.9063914027149321
test,P040,P040/seq0/000060,45,-10,-10.188951242266967,-9.692140586106348,0.593777655250938,0.9078854563408097
test,P040,P040/seq0/000060,48,-13,-13.346009581052584,-12.692140586106348,0.6033977697366574,0.9145202377582791
test,P040,P040/seq0/000060,51,-16,-16.139003122140792,-15.692140586106348,0.6175418452806035,0.9119273861863565
test,P040,P040/seq0/000060,55,-20,-19.916842949558117,-19.692140586106348,0.611343917981654,0.9095789771121786
test,P040,P040/seq0/000060,60,-25,-25.281160175386304,-24.692140586106348,0.6005731471230704,0.906591070163005
test,P040,P040/seq0/000060,67,-32,-31.949917404893,-31.692140586106348,0.6244042601392796,0.9118150684931506
test,P040,P040/seq0/000060,75,-40,-39.985749949187976,-39.69214058610635,0.6122356332480984,0.9056764831412719
test,P040,P040/seq0/000090,38,2,1.551485154839213,1.5877164448376249,0.5787421667004984,0.9541984732824428
test,P040,P040/seq0/000090,36,4,3.458856322484351,3.587716444837625,0.5765530231208482,0.953866578161301
test,P040,P040/seq0/000090,34,6,5.222710324506593,5.587716444837625,0.584018841375829,0.9535541867820876
test,P040,P040/seq0/000090,32,8,7.210112632269755,7.587716444837625,0.5796952788967501,0.950008304268394
test,P040,P040/seq0/000090,30,10,9.409480313969922,9.587716444837625,0.5833276770783047,0.9496666666666667
test,P040,P040/seq0/000090,27,13,12.443456912548186,12.587716444837625,0.5886915609790083,0.9508579043811428
test,P040,P040/seq0/000090,24,16,15.581749333147627,15.587716444837625,0.5815670617221856,0.9524125352346211
test,P040,P040/seq0/000090,20,20,19.47227280693636,19.587716444837625,0.5762613864266358,0.953550099535501
test,P040,P040/seq0/000090,15,25,24.258218545178437,24.587716444837625,0.5790446782311652,0.9484159893846409
test,P040,P040/seq0/000090,8,32,31.62467676180934,31.587716444837625,0.6382928279439556,0.9520968009282281
test,P040,P040/seq0/000090,0,40,39.19302456882842,39.587716444837625,0.6247140782968941,0.9490287232276274
test,P040,P040/seq0/000090,42,-2,-2.4908687730332986,-2.412283555162361,0.5897425906099389,0.9519839946648883
test,P040,P040/seq0/000090,44,-4,-4.535297850449382,-4.412283555162361,0.5913651858496117,0.9510442773600668
test,P040,P040/seq0/000090,46,-6,-6.651893011507099,-6.412283555162361,0.5845712804552702,0.9501417375354344
test,P040,P040/seq0/000090,48,-8,-8.810502027317028,-8.412283555162361,0.5807927745374124,0.9502909393183707
test,P040,P040/seq0/000090,50,-10,-10.813410273207609,-10.412283555162361,0.5847708867008149,0.9533644237175216
test,P040,P040/seq0/000090,53,-13,-13.495258163725794,-13.412283555162361,0.5802098911584497,0.9552933355492771
test,P040,P040/seq0/000090,56,-16,-16.469742952734634,-16.41228355516236,0.5868212189878221,0.9532989862057504
test,P040,P040/seq0/000090,60,-20,-20.593413202530854,-20.41228355516236,0.595789854874991,0.9509951496905837
test,P040,P040/seq0/000090,65,-25,-25.71548387629332,-25.41228355516236,0.5931002523935569,0.9519504436631508
test,P040,P040/seq0/000090,72,-32,-32.199069918920884,-32.41228355516236,0.5920986138921011,0.9533210640789694
test,P040,P040/seq0/000090,80,-40,-40.29520798444602,-40.41228355516236,0.5837750530604882,0.952412981335127
test,P041,P041/seq0/000000,49,2,1.5434613175238212,2.0294719015670353,0.6475915503863507,0.9617179268476242
test,P041,P041/seq0/000000,47,4,3.5774260915120095,4.029471901567035,0.6471556154441714,0.9614147909967846
test,P041,P041/seq0/000000,45,6,5.6970457132959496,6.029471901567035,0.6479311099044258,0.9607587314331594
test,P041,P041/seq0/000000,43,8,7.777910642056,8.029471901567035,0.646269358749008,0.9598673966547793
test,P041,P041/seq0/000000,41,10,9.71034714640534,10.029471901567035,0.6462093239909457,0.9598189590143325
test,P041,P041/seq0/000000,38,13,12.543689242807588,13.029471901567035,0.6467234368140453,0.9605799728137744
test,P041,P041/seq0/000000,35,16,15.566563395236301,16.029471901567035,0.6476394619203302,0.9618535457606674
test,P041,P041/seq0/000000,31,20,19.570826325835796,20.029471901567035,0.6485376402133041,0.961886564762671
test,P041,P041/seq0/000000,26,25,24.644485156224178,25.029471901567035,0.6477446079556263,0.959536990437846
test,P041,P041/seq0/000000,19,32,31.239986682241636,32.029471901567035,0.6487379970230549,0.9605481936816648
test,P041,P041/seq0/000000,11,40,39.42191747308145,40.029471901567035,0.6557917086144817,0.9608386674058768
test,P041,P041/seq0/000000,53,-2,-2.507856366779947,-1.9705280984329647,0.6475626543329089,0.9617491832118623
test,P041,P041/seq0/000000,55,-4,-4.409801523079722,-3.9705280984329647,0.6458617134554866,0.9603905581559213
test,P041,P041/seq0/000000,57,-6,-6.2905956480384475,-5.970528098432965,0.6465936124601595,0.9596218635289385
test,P041,P041/seq0/000000,59,-8,-8.245733414025153,-7.970528098432965,0.6456818908619578,0.9591119148081173
test,P041,P041/seq0/000000,61,-10,-10.31942991523212,-9.970528098432965,0.6474887546825767,0.9604502738831097
test,P041,P041/seq0/000000,64,-13,-13.354934796043068,-12.970528098432965,0.6468262476466901,0.961184111161456
test,P041,P041/seq0/000000,67,-16,-16.241206016950002,-15.970528098432965,0.6464554738933778,0.9617282707221271
test,P041,P041/seq0/000000,71,-20,-20.011503347473763,-19.970528098432965,0.6425869737559347,0.9593011512825692
test,P041,P041/seq0/000000,76,-25,-24.773112508607284,-24.970528098432965,0.6373749160749616,0.957750744535864
test,P041,P041/seq0/000000,83,-32,-32.135360304585674,-31.970528098432965,0.6230305143271924,0.963638195004029
test,P041,P041/seq0/000000,91,-40,-40.129850713477566,-39.970528098432965,0.5897586419177704,0.959316067387478
test,P041,P041/seq0/000032,50,2,-0.09270889445372177,1.5031130485563011,0.6383066120441534,0.9352742396672732
test,P041,P041/seq0/000032,48,4,1.9033238455045591,3.503113048556301,0.6393454441990072,0.935831381733021
test,P041,P041/seq0/000032,46,6,4.061038717817013,5.503113048556301,0.638456436431504,0.9353155972874283
test,P041,P041/seq0/000032,44,8,6.114147926850734,7.503113048556301,0.6387649274039008,0.9357329160146062
test,P041,P041/seq0/000032,42,10,8.13578634078469,9.503113048556301,0.6383442788998013,0.9357042290243521
test,P041,P041/seq0/000032,39,13,11.120289019986117,12.503113048556301,0.638724715096177,0.9351678132165937
test,P041,P041/seq0/000032,36,16,14.080128285117041,15.503113048556301,0.639175909909171,0.9348686952897041
test,P041,P041/seq0/000032,32,20,18.01301649818045,19.5031130485563,0.639831014534022,0.9352637883443571
test,P041,P041/seq0/000032,27,25,23.022416483140134,24.5031130485563,0.6396431589094003,0.935005224660397
test,P041,P041/seq0/000032,20,32,29.819871412434196,31.5031130485563,0.6407252572156213,0.9347247586746673
test,P041,P041/seq0/000032,12,40,37.73920326824944,39.5031130485563,0.6431484721050262,0.9341850358657522
test,P041,P041/seq0/000032,54,-2,-4.037824123488491,-2.4968869514436847,0.6379645222092482,0.9347916666666667
test,P041,P041/seq0/000032,56,-4,-5.959691904380094,-4.496886951443685,0.6389015331180115,0.9360882689705423
test,P041,P041/seq0/000032,58,-6,-7.949385842921544,-6.496886951443685,0.6377451572778728,0.9365940139743456
test,P041,P041/seq0/000032,60,-8,-9.892808907121832,-8.496886951443685,0.6375293920293702,0.9365410708694291
test,P041,P041/seq0/000032,62,-10,-11.859202046588763,-10.496886951443685,0.6377381489860643,0.9364880392771336
test,P041,P041/seq0/000032,65,-13,-14.748052332620205,-13.496886951443685,0.6378620246736401,0.9360835509138381
test,P041,P041/seq0/000032,68,-16,-17.484730239635923,-16.496886951443685,0.6363923240909699,0.9351328729859804
test,P041,P041/seq0/000032,72,-20,-21.1070393000615,-20.496886951443685,0.6351430121999507,0.9354737173434057
test,P041,P041/seq0/000032,77,-25,-26.070523683714185,-25.496886951443685,0.6310666702311994,0.9358502471342939
test,P041,P041/seq0/000032,84,-32,-33.05819036931243,-32.496886951443685,0.6166787446222128,0.9367128463476071
test,P041,P041/seq0/000032,92,-40,-41.06536273301134,-40.496886951443685,0.5943452789778875,0.9378875459800315
test,P041,P041/seq0/000064,49,2,0.7643862928191538,2.1313952176121944,0.6361533324822538,0.9312416910396171
test,P041,P041/seq0/000064,47,4,2.8482001743590786,4.131395217612194,0.6350742591631696,0.9308437067773168
test,P041,P041/seq0/000064,45,6,5.127459207905261,6.131395217612194,0.6331562674160621,0.931651229639093
test,P041,P041/seq0/000064,43,8,7.460023050470809,8.131395217612194,0.6338173919855332,0.9317311782220332
test,P041,P041/seq0/000064,41,10,9.568961953312439,10.131395217612194,0.6342712053874743,0.9313220374993361
test,P041,P041/seq0/000064,38,13,12.571272263429947,13.131395217612194,0.6341989058183236,0.9318085106382978
test,P041,P041/seq0/000064,35,16,15.162796114161779,16.131395217612194,0.6357392641077719,0.9327717652076558
test,P041,P041/seq0/000064,31,20,18.96111751766618,20.131395217612194,0.6355742747132116,0.9322530781941261
test,P041,P041/seq0/000064,26,25,24.366467083823167,25.131395217612194,0.6352398753985595,0.9325519445924347
test,P041,P041/seq0/000064,19,32,30.748307290754227,32.131395217612194,0.6386355479867589,0.934966306556851
test,P041,P041/seq0/000064,11,40,39.21001594864799,40.131395217612194,0.6509593227661901,0.9364291433146518
test,P041,P041/seq0/000064,53,-2,-2.7975424306386287,-1.8686047823878198,0.635109235630241,0.9316598415146519
test,P041,P041/seq0/000064,55,-4,-4.667187921486857,-3.86860478238782,0.6341772149440168,0.9311315244517602
test,P041,P041/seq0/000064,57,-6,-6.647080818324298,-5.86860478238782,0.6340985715530867,0.931237721021611
test,P041,P041/seq0/000064,59,-8,-8.753080367583948,-7.86860478238782,0.6344904117084721,0.932241250930752
test,P041,P041/seq0/000064,61,-10,-10.893909198335109,-9.86860478238782,0.6338484974750902,0.9332195434179645
test,P041,P041/seq0/000064,64,-13,-13.98142650154503,-12.86860478238782,0.6351404361918679,0.9341669338463182
test,P041,P041/seq0/000064,67,-16,-16.589693713030925,-15.86860478238782,0.6351349388736628,0.9355132672205843
test,P041,P041/seq0/000064,71,-20,-20.0042697063501,-19.86860478238782,0.6284215051194901,0.9351707866373532
test,P041,P041/seq0/000064,76,-25,-24.88767337613038,-24.86860478238782,0.6240880005744536,0.9373217840426105
test,P041,P041/seq0/000064,83,-32,-32.707673883507255,-31.86860478238782,0.5991733685436396,0.938117748173614
test,P041,P041/seq0/000064,91,-40,-40.50161880820531,-39.86860478238782,0.5682208015324577,0.9373358348968105
test,P041,P041/seq0/000096,39,2,5.700805611379295,2.196458155879526,0.6158714896273532,0.9345395291341237
test,P041,P041/seq0/000096,37,4,8.033818914847586,4.196458155879526,0.6160782023040087,0.9330038748806649
test,P041,P041/seq0/000096,35,6,10.037089946466622,6.196458155879526,0.6181419314608202,0.9341404629785326
test,P041,P041/seq0/000096,33,8,12.172256104914865,8.196458155879526,0.6164346153534356,0.9324920431068178
test,P041,P041/seq0/000096,31,10,13.811184295192263,10.196458155879526,0.6200524892200914,0.9336529884032114
test,P041,P041/seq0/000096,28,13,16.59734641145181,13.196458155879526,0.622428280732604,0.935781871115839
test,P041,P041/seq0/000096,25,16,19.54356026575779,16.196458155879526,0.6177842594920372,0.9364382945213184
test,P041,P041/seq0/000096,21,20,23.730391346878307,20.196458155879526,0.6176483251570718,0.9358707279995496
test,P041,P041/seq0/000096,16,25,28.601346665305158,25.196458155879526,0.6256534914278888,0.9366224758069027
test,P041,P041/seq0/000096,9,32,34.95765720425902,32.196458155879526,0.6375804013950458,0.942246835443038
test,P041,P041/seq0/000096,1,40,43.292554914161855,40.196458155879526,0.6262361391138195,0.9403951145381888
test,P041,P041/seq0/000096,43,-2,1.4995011525223845,-1.803541844120474,0.6202011476989107,0.936253641048622
test,P041,P041/seq0/000096,45,-4,-0.3323570435992593,-3.803541844120474,0.6193703695460611,0.9334821428571428
test,P041,P041/seq0/000096,47,-6,-2.2290921445737126,-5.803541844120474,0.618155329179409,0.9331550802139037
test,P041,P041/seq0/000096,49,-8,-3.962778257934673,-7.803541844120474,0.6157840153549259,0.9326713895241814
test,P041,P041/seq0/000096,51,-10,-6.0866075873657906,-9.803541844120474,0.6172929045767556,0.9346024636058231
test,P041,P041/seq0/000096,54,-13,-9.367225698782335,-12.803541844120474,0.6156687800203889,0.9351290684624018
test,P041,P041/seq0/000096,57,-16,-12.593445012654627,-15.803541844120474,0.6161318235006897,0.9353842699152305
test,P041,P041/seq0/000096,61,-20,-16.438931810849397,-19.803541844120474,0.6187776305931043,0.9342200860671771
test,P041,P041/seq0/000096,66,-25,-20.821418839747622,-24.803541844120474,0.6097249571405758,0.9300656160619146
test,P041,P041/seq0/000096,73,-32,-27.809057765567673,-31.803541844120474,0.589860621221349,0.928251882892576
test,P041,P041/seq0/000096,81,-40,-35.98303310080345,-39.803541844120474,0.560668109990106,0.9298855732555531
val,P042,P042/seq0/000000,41,2,-0.5123713317607326,1.6739627409676388,0.3637667259438583,0.8370448921880523
val,P042,P042/seq0/000000,39,4,1.826732319448297,3.6739627409676388,0.362318789260905,0.8414035087719298
val,P042,P042/seq0/000000,37,6,3.672434353999563,5.673962740967639,0.35881269154003914,0.8395234758234057
val,P042,P042/seq0/000000,35,8,5.371958236965327,7.673962740967639,0.35658820004836744,0.8341531974701335
val,P042,P042/seq0/000000,33,10,6.898190960449128,9.673962740967639,0.3572536018885251,0.8272437034409365
val,P042,P042/seq0/000000,30,13,9.873076805197982,12.673962740967639,0.3605876733777461,0.8322100035473572
val,P042,P042/seq0/000000,27,16,13.287294338481075,15.673962740967639,0.360852556149149,0.838276836158192
val,P042,P042/seq0/000000,23,20,17.814501476332268,19.67396274096764,0.361709835306837,0.8405898876404494
val,P042,P042/seq0/000000,18,25,22.070663532196477,24.67396274096764,0.35581194855147164,0.8286824443659484
val,P042,P042/seq0/000000,11,32,29.298598031020646,31.67396274096764,0.36101039911545046,0.838276836158192
val,P042,P042/seq0/000000,3,40,37.36239622894364,39.67396274096764,0.35606484807388356,0.8338602037232175
val,P042,P042/seq0/000000,45,-2,-5.059191079124702,-2.326037259032347,0.36262823273258266,0.8350478893224548
val,P042,P042/seq0/000000,47,-4,-7.089744687035278,-4.326037259032347,0.36347510983021686,0.8329779673063256
val,P042,P042/seq0/000000,49,-6,-9.123872088776068,-6.326037259032347,0.35716041086971795,0.8267045454545454
val,P042,P042/seq0/000000,51,-8,-10.628041763034673,-8.326037259032347,0.3565178011149468,0.8341531974701335
val,P042,P042/seq0/000000,53,-10,-12.298054147182967,-10.326037259032347,0.36043235543677077,0.840996840996841
val,P042,P042/seq0/000000,56,-13,-15.33282024627627,-13.326037259032347,0.36210543479811136,0.839732300105671
val,P042,P042/seq0/000000,59,-16,-18.81907560459257,-16.326037259032347,0.36158830785250434,0.8358103326256192
val,P042,P042/seq0/000000,63,-20,-23.190464060802526,-20.326037259032347,0.36272954706845895,0.8296507483962936
val,P042,P042/seq0/000000,68,-25,-27.50455082242965,-25.326037259032347,0.3576698519895414,0.8353894959464223
val,P042,P042/seq0/000000,75,-32,-34.906588574467406,-32.32603725903235,0.3657649283956873,0.83
val,P042,P042/seq0/000000,83,-40,-42.6056548266659,-40.32603725903235,0.3644303340852959,0.8263045032165832
val,P042,P042/seq0/000022,38,2,3.5434172411519427,1.8577595185459046,0.3628297672981329,0.739385065885798
val,P042,P042/seq0/000022,36,4,5.189113375496973,3.8577595185459046,0.35855153391733136,0.7404411764705883
val,P042,P042/seq0/000022,34,6,6.7307882479840515,5.857759518545905,0.3588502515697279,0.7524898561416451
val,P042,P042/seq0/000022,32,8,8.632713993406597,7.857759518545905,0.3621520202450892,0.7564959168522642
val,P042,P042/seq0/000022,30,10,10.792755520057426,9.857759518545905,0.36449449093830166,0.7580585402000741
val,P042,P042/seq0/000022,27,13,13.932336064457246,12.857759518545905,0.35863439917339934,0.7511944138184491
val,P042,P042/seq0/000022,24,16,17.46752534364063,15.857759518545905,0.36200519424620264,0.7404692082111437
val,P042,P042/seq0/000022,20,20,21.203447175568357,19.857759518545905,0.3592109657724789,0.7401690554943036
val,P042,P042/seq0/000022,15,25,25.580344975624058,24.857759518545905,0.36059355830797823,0.7611995557201037
val,P042,P042/seq0/000022,8,32,33.46752534364063,31.857759518545905,0.36213606040570756,0.7404692082111437
val,P042,P042/seq0/000022,0,40,40.64926008817885,39.857759518545905,0.370202833487972,0.7569573283858998
val,P042,P042/seq0/000022,42,-2,-0.7871653494844963,-2.142240481454081,0.36303504353055405,0.7470588235294118
val,P042,P042/seq0/000022,44,-4,-3.0464634246870617,-4.142240481454081,0.36411544632110393,0.7541589648798521
val,P042,P042/seq0/000022,46,-6,-5.22442886373625,-6.142240481454081,0.364536219763037,0.7587230883444692
val,P042,P042/seq0/000022,48,-8,-7.409460470515938,-8.142240481454081,0.36226153253698967,0.7568773234200743
val,P042,P042/seq0/000022,50,-10,-9.252016827760826,-10.142240481454081,0.35848017396470827,0.7516629711751663
val,P042,P042/seq0/000022,53,-13,-11.729944492474118,-13.142240481454081,0.3600747588596633,0.7397865292602135
val,P042,P042/seq0/000022,56,-16,-14.601415517734154,-16.14224048145408,0.3622646016719245,0.742730953257269
val,P042,P042/seq0/000022,60,-20,-19.13697092150386,-20.14224048145408,0.36187814804892393,0.7546330615270571
val,P042,P042/seq0/000022,65,-25,-24.477813780043732,-25.14224048145408,0.3608729433448982,0.752704214845207
val,P042,P042/seq0/000022,72,-32,-30.751386171804796,-32.14224048145408,0.3655806196119505,0.7405204460966542
val,P042,P042/seq0/000022,80,-40,-39.61072674757108,-40.14224048145408,0.3689504023925938,0.7502833396297696
val,P042,P042/seq0/000044,34,2,2.2143520491280952,1.9732332997206754,0.3903743736851258,0.8904259191845649
val,P042,P042/seq0/000044,32,4,4.279312785458188,3.9732332997206754,0.3877577023280629,0.8871201157742402
val,P042,P042/seq0/000044,30,6,5.855247872677111,5.973233299720675,0.3851556122699081,0.8900181488203267
val,P042,P042/seq0/000044,28,8,8.040760421017197,7.973233299720675,0.38658967701139085,0.8884852887758808
val,P042,P042/seq0/000044,26,10,10.28620335048906,9.973233299720675,0.38664321352993136,0.8851865266207896
val,P042,P042/seq0/000044,23,13,13.385179847614154,12.973233299720675,0.3842408399184868,0.8816120906801007
val,P042,P042/seq0/000044,20,16,16.31348084560203,15.973233299720675,0.38689216515321245,0.8888888888888888
val,P042,P042/seq0/000044,16,20,20.32564951213311,19.973233299720675,0.38798510155444815,0.8858381502890174
val,P042,P042/seq0/000044,11,25,25.123076805197982,24.973233299720675,0.3849480858220538,0.8867102396514162
val,P042,P042/seq0/000044,4,32,32.33233606445725,31.973233299720675,0.3992860157412528,0.8881650380021715
val,P042,P042/seq0/000044,-4,40,40.01906550576295,39.973233299720675,0.4934138993269947,0.8884852887758808
val,P042,P042/seq0/000044,38,-2,-1.8345060278017797,-2.0267667002793246,0.38102030944730225,0.8829672308246309
val,P042,P042/seq0/000044,40,-4,-3.433625369679959,-4.026766700279325,0.386009504717544,0.8812949640287769
val,P042,P042/seq0/000044,42,-6,-5.722739659039519,-6.026766700279325,0.38610933962429883,0.8855072463768116
val,P042,P042/seq0/000044,44,-8,-8.005093484657095,-8.026766700279325,0.3873468092813968,0.8894545454545455
val,P042,P042/seq0/000044,46,-10,-10.191234789004909,-10.026766700279325,0.3864092540458046,0.8894545454545455
val,P042,P042/seq0/000044,49,-13,-12.746261962917941,-13.026766700279325,0.3898625596817141,0.888
val,P042,P042/seq0/000044,52,-16,-15.801719942769495,-16.026766700279325,0.39014343284771635,0.8903413217138707
val,P042,P042/seq0/000044,56,-20,-19.484939650216745,-20.026766700279325,0.38607277072756685,0.8822470291681671
val,P042,P042/seq0/000044,61,-25,-25.234229130875065,-25.026766700279325,0.388063461339208,0.8911614317019723
val,P042,P042/seq0/000044,68,-32,-31.823082316887053,-32.026766700279325,0.3923355297828994,0.8940058479532164
val,P042,P042/seq0/000044,76,-40,-39.989914588149304,-40.026766700279325,0.39261519659349225,0.8970859461453339
val,P042,P042/seq0/000066,37,2,-0.5498598113090907,1.5953402101893346,0.40474205310741473,0.863749555318392
val,P042,P042/seq0/000066,35,4,1.5783375449177157,3.5953402101893346,0.4102380233999483,0.87
val,P042,P042/seq0/000066,33,6,3.569115056564101,5.595340210189335,0.4067508579868419,0.8709562744400995
val,P042,P042/seq0/000066,31,8,5.467727010959308,7.595340210189335,0.40920247359825673,0.8721054506590666
val,P042,P042/seq0/000066,29,10,7.158889477374302,9.595340210189335,0.4086328566588902,0.8725455194573367
val,P042,P042/seq0/000066,26,13,10.469723077575054,12.595340210189335,0.40396005023828974,0.8645390070921986
val,P042,P042/seq0/000066,23,16,13.625728576807106,15.595340210189335,0.4064344772423308,0.8605803255484784
val,P042,P042/seq0/000066,19,20,17.624966839562248,19.595340210189335,0.41075289169107676,0.8701854493580599
val,P042,P042/seq0/000066,14,25,22.240223252536353,24.595340210189335,0.40992338969035974,0.8725071225071225
val,P042,P042/seq0/000066,7,32,29.62426003711144,31.595340210189335,0.40583642533729664,0.85997171145686
val,P042,P042/seq0/000066,-1,40,37.445287619708594,39.595340210189335,0.466744615009697,0.8718861209964412
val,P042,P042/seq0/000066,41,-2,-4.367438099951073,-2.4046597898106654,0.40482885146943454,0.8630088495575221
val,P042,P042/seq0/000066,43,-4,-6.78968450883832,-4.404659789810665,0.4063538106294924,0.8714285714285714
val,P042,P042/seq0/000066,45,-6,-8.884582720256986,-6.404659789810665,0.40818469700113214,0.8726752503576538
val,P042,P042/seq0/000066,47,-8,-10.578713828410827,-8.404659789810665,0.40903115802848533,0.8725455194573367
val,P042,P042/seq0/000066,49,-10,-12.447251736896476,-10.404659789810665,0.4069803204941517,0.8718861209964412
val,P042,P042/seq0/000066,52,-13,-15.485049916565089,-13.404659789810665,0.4113853298497123,0.8711174580506962
val,P042,P042/seq0/000066,55,-16,-18.43845816301274,-16.404659789810665,0.40648098143962486,0.8619098331558396
val,P042,P042/seq0/000066,59,-20,-22.82364071676224,-20.404659789810665,0.40864719968902924,0.8735220351128627
val,P042,P042/seq0/000066,64,-25,-27.455398790453188,-25.404659789810665,0.4086716005025295,0.8767025089605734
val,P042,P042/seq0/000066,71,-32,-34.345891116698795,-32.404659789810665,0.4107553811138385,0.8702838663312972
val,P042,P042/seq0/000066,79,-40,-42.52536622381828,-40.404659789810665,0.405644907328839,0.8834178131788559
val,P063,P063/seq0/000000,52,2,-0.22461955894300445,2.084010525565674,0.5606120594329014,0.8664884415788646
val,P063,P063/seq0/000000,50,4,1.6455798304237135,4.084010525565674,0.5579925301644462,0.8694966072273946
val,P063,P063/seq0/000000,48,6,3.733972106714816,6.084010525565674,0.5563488591805827,0.8663522012578616
val,P063,P063/seq0/000000,46,8,5.661823560852412,8.084010525565674,0.5563310477454974,0.8671284634760705
val,P063,P063/seq0/000000,44,10,7.717650771337318,10.084010525565674,0.5580001160997674,0.8661739267180374
val,P063,P063/seq0/000000,41,13,10.870781753329808,13.084010525565674,0.561700677192637,0.8623767026773133
val,P063,P063/seq0/000000,38,16,13.878520111776083,16.084010525565674,0.5605723788527733,0.8651279635735595
val,P063,P063/seq0/000000,34,20,17.62361084439182,20.084010525565674,0.5572075874646918,0.8684003152088259
val,P063,P063/seq0/000000,29,25,22.519278870094737,25.084010525565674,0.5584068563650342,0.864406779661017
val,P063,P063/seq0/000000,22,32,29.8548195437872,32.084010525565674,0.5602598995779575,0.8648563804740229
val,P063,P063/seq0/000000,14,40,37.477626480221204,40.084010525565674,0.5672000530812112,0.8682634730538922
val,P063,P063/seq0/000000,56,-2,-3.9541791800690476,-1.9159894744343262,0.5609709347668341,0.8638644918444166
val,P063,P063/seq0/000000,58,-4,-6.0786447862356,-3.915989474434326,0.5595632661882337,0.8650855976126904
val,P063,P063/seq0/000000,60,-6,-8.2486486414372,-5.915989474434326,0.559723267482734,0.8664464369985843
val,P063,P063/seq0/000000,62,-8,-10.318912786847363,-7.915989474434326,0.5572080365498984,0.8683588207472804
val,P063,P063/seq0/000000,64,-10,-12.169438777646917,-9.915989474434326,0.5569003981165171,0.8692222748067518
val,P063,P063/seq0/000000,67,-13,-15.253011372280241,-12.915989474434326,0.5596547831832718,0.8722494855152763
val,P063,P063/seq0/000000,70,-16,-18.12961361135271,-15.915989474434326,0.5597601470083007,0.86785320522917
val,P063,P063/seq0/000000,74,-20,-22.074566198342154,-19.915989474434326,0.5610967723027602,0.8695926744553205
val,P063,P063/seq0/000000,79,-25,-27.138160210854892,-24.915989474434326,0.5570653391738306,0.8765510658606427
val,P063,P063/seq0/000000,86,-32,-33.744067706820545,-31.915989474434326,0.558504591998423,0.8870993718795297
val,P063,P063/seq0/000000,94,-40,-40.99449483884425,-39.915989474434326,0.55280944377513,0.9062757371108549
val,P063,P063/seq0/000021,49,2,1.8296807665795,2.396646394269766,0.5515588343399448,0.920328801770471
val,P063,P063/seq0/000021,47,4,3.918387136350077,4.396646394269766,0.5513812381412696,0.9203344376084556
val,P063,P063/seq0/000021,45,6,6.045753087249267,6.396646394269766,0.5500291306881367,0.9221252973830294
val,P063,P063/seq0/000021,43,8,8.233553568018493,8.396646394269766,0.5481989208698064,0.9208564631245043
val,P063,P063/seq0/000021,41,10,10.084519591267636,10.396646394269766,0.5530212434293326,0.9214477635530267
val,P063,P063/seq0/000021,38,13,13.127908444966863,13.396646394269766,0.5539501336126111,0.9261426538035743
val,P063,P063/seq0/000021,35,16,15.884830873914083,16.396646394269766,0.5540437704398051,0.9258141382049245
val,P063,P063/seq0/000021,31,20,19.830878959561062,20.396646394269766,0.5526412901078801,0.9184251968503937
val,P063,P063/seq0/000021,26,25,25.169561219100984,25.396646394269766,0.5527145115918265,0.9206198608475649
val,P063,P063/seq0/000021,19,32,31.77174106150008,32.396646394269766,0.5551939331868745,0.9253494282083863
val,P063,P063/seq0/000021,11,40,39.97822356836646,40.396646394269766,0.5820041049559822,0.9216589861751152
val,P063,P063/seq0/000021,53,-2,-1.8410084078346074,-1.6033536057302342,0.5526926997964856,0.927007299270073
val,P063,P063/seq0/000021,55,-4,-3.8080567659474696,-3.603353605730234,0.5528449811308097,0.9228828260526731
val,P063,P063/seq0/000021,57,-6,-5.765629662463709,-5.603353605730234,0.5508077077768648,0.9214477635530267
val,P063,P063/seq0/000021,59,-8,-7.623362155580423,-7.603353605730234,0.5472519328524964,0.9225396825396825
val,P063,P063/seq0/000021,61,-10,-9.828963190782304,-9.603353605730234,0.5497029496577739,0.92310136638068
val,P063,P063/seq0/000021,64,-13,-13.010600119411123,-12.603353605730234,0.5493510507053645,0.9225173940543959
val,P063,P063/seq0/000021,67,-16,-15.79470164638883,-15.603353605730234,0.5509068096865491,0.9287649402390439
val,P063,P063/seq0/000021,71,-20,-19.64963917054513,-19.603353605730234,0.5505952199462361,0.9248025276461296
val,P063,P063/seq0/000021,76,-25,-24.414387755352834,-24.603353605730234,0.545853136577352,0.9274206412505982
val,P063,P063/seq0/000021,83,-32,-31.261188205153985,-31.603353605730234,0.5487786158727739,0.9388413748588027
val,P063,P063/seq0/000021,91,-40,-38.22887269943607,-39.603353605730234,0.5423327744640142,0.9410415984277759
val,P063,P063/seq0/000042,47,2,-2.499564704235979,1.9491727522616742,0.5448768998301369,0.8747159090909091
val,P063,P063/seq0/000042,45,4,-0.736190680212701,3.949172752261674,0.5399522008476888,0.8722167068500922
val,P063,P063/seq0/000042,43,6,1.3669359991090744,5.949172752261674,0.53431136676473,0.8731280022605256
val,P063,P063/seq0/000042,41,8,3.7249475534973016,7.949172752261674,0.5321123587065024,0.8670212765957447
val,P063,P063/seq0/000042,39,10,6.022511028226404,9.949172752261674,0.5357345920148848,0.8730763800649443
val,P063,P063/seq0/000042,36,13,8.539218812892983,12.949172752261674,0.5397352803107047,0.874076179647527
val,P063,P063/seq0/000042,33,16,11.414255317738125,15.949172752261674,0.5426088875493886,0.8699221514508139
val,P063,P063/seq0/000042,29,20,15.296733281114726,19.949172752261674,0.5397847249243418,0.8722167068500922
val,P063,P063/seq0/000042,24,25,20.87752581272707,24.949172752261674,0.5340706118182778,0.8693820224719101
val,P063,P063/seq0/000042,17,32,27.422096413041118,31.949172752261674,0.542433539707443,0.8695159920747241
val,P063,P063/seq0/000042,9,40,35.648244876000476,39.949172752261674,0.5578411212518763,0.8648648648648649
val,P063,P063/seq0/000042,51,-2,-6.656200694582537,-2.0508272477383116,0.5421163883195852,0.8730950007121493
val,P063,P063/seq0/000042,53,-4,-8.289245057853805,-4.050827247738312,0.541168884277276,0.8753541076487252
val,P063,P063/seq0/000042,55,-6,-10.01251861861897,-6.050827247738312,0.5368505563657321,0.8752475247524752
val,P063,P063/seq0/000042,57,-8,-12.31510346691087,-8.050827247738312,0.5338947664773781,0.8681410974244121
val,P063,P063/seq0/000042,59,-10,-14.621830841962378,-10.050827247738312,0.5355855834590482,0.8729889923793396
val,P063,P063/seq0/000042,62,-13,-17.562350768973033,-13.050827247738312,0.5404263985061514,0.8756388415672913
val,P063,P063/seq0/000042,65,-16,-20.5883880521437,-16.05082724773831,0.5408994372172521,0.8713151927437641
val,P063,P063/seq0/000042,69,-20,-24.266183619664332,-20.05082724773831,0.5403948494275047,0.8779309364786131
val,P063,P063/seq0/000042,74,-25,-29.077146332460785,-25.05082724773831,0.5327550632583129,0.8756330894766461
val,P063,P063/seq0/000042,81,-32,-35.4521941793044,-32.05082724773831,0.544129626891132,0.8886969042476602
val,P063,P063/seq0/000042,89,-40,-42.31282237119808,-40.05082724773831,0.5447902173468894,0.9028521789488925
val,P063,P063/seq0/000063,46,2,-3.5170169029680096,2.1353652413994695,0.5439359062098668,0.8123576309794989
val,P063,P063/seq0/000063,44,4,-1.3971484555610516,4.1353652413994695,0.5384480012019524,0.8209249858996052
val,P063,P063/seq0/000063,42,6,0.7280062607506608,6.1353652413994695,0.532324811480485,0.8182072829131652
val,P063,P063/seq0/000063,40,8,2.3491184718646565,8.13536524139947,0.5361392237383056,0.8191892271005751
val,P063,P063/seq0/000063,38,10,4.103521728054105,10.13536524139947,0.5526015820239776,0.8097073518915061
val,P063,P063/seq0/000063,35,13,7.057214797551509,13.13536524139947,0.5510318510906138,0.8130150610969026
val,P063,P063/seq0/000063,32,16,10.065491651967108,16.13536524139947,0.5514472880043881,0.8056587596456131
val,P063,P063/seq0/000063,28,20,14.58420545555316,20.13536524139947,0.5397229525052463,0.8205923836389281
val,P063,P063/seq0/000063,23,25,19.18295302782414,25.13536524139947,0.5401096209625023,0.8204481792717087
val,P063,P063/seq0/000063,16,32,26.018156855566758,32.13536524139947,0.5526145291211875,0.8054324517512509
val,P063,P063/seq0/000063,8,40,34.200565246269264,40.13536524139947,0.5537847163833837,0.8165963431786216
val,P063,P063/seq0/000063,50,-2,-7.866267457097109,-1.8646347586005447,0.5609022458621504,0.8009785580659088
val,P063,P063/seq0/000063,52,-4,-9.981878149756966,-3.8646347586005447,0.5540173235115744,0.8112748604950637
val,P063,P063/seq0/000063,54,-6,-11.866255456898074,-5.864634758600545,0.5514741899636366,0.8104798519151359
val,P063,P063/seq0/000063,56,-8,-13.614122574165862,-7.864634758600545,0.5364268685167205,0.820570150922303
val,P063,P063/seq0/000063,58,-10,-15.209739999209717,-9.864634758600545,0.5322964605984207,0.8205557882977238
val,P063,P063/seq0/000063,61,-13,-18.29706666808781,-12.864634758600545,0.5413060657132003,0.8159977388355003
val,P063,P063/seq0/000063,64,-16,-21.881869517222384,-15.864634758600545,0.5492224156683946,0.8061311382344593
val,P063,P063/seq0/000063,68,-20,-25.99260552142394,-19.864634758600545,0.5552008512568326,0.8112346735101226
val,P063,P063/seq0/000063,73,-25,-30.184000820372802,-24.864634758600545,0.5322724651273064,0.8220163186281289
val,P063,P063/seq0/000063,80,-32,-37.53359335369848,-31.864634758600545,0.5477485369945155,0.8104685521317011
val,P063,P063/seq0/000063,88,-40,-44.525403107939894,-39.864634758600545,0.5359206127321648,0.8321428571428572
val,P071,P071/seq0/000000,55,2,3.2642868794203252,2.4482293287698127,0.3752787549279699,0.9288438774168092
val,P071,P071/seq0/000000,53,4,5.123433378736038,4.448229328769813,0.3789267194388471,0.9302018735981
val,P071,P071/seq0/000000,51,6,7.248761907340494,6.448229328769813,0.3777475426272892,0.9286089238845144
val,P071,P071/seq0/000000,49,8,9.248323353521457,8.448229328769813,0.3747069542431713,0.9243017488906291
val,P071,P071/seq0/000000,47,10,11.42352792679388,10.448229328769813,0.3748619138482445,0.9259793004061313
val,P071,P071/seq0/000000,44,13,14.34151207908647,13.448229328769813,0.35686865760987657,0.9253614693239547
val,P071,P071/seq0/000000,41,16,17.050318976045673,16.448229328769813,0.3598976757267563,0.9251824817518248
val,P071,P071/seq0/000000,37,20,20.947979364086308,20.448229328769813,0.3850825459196677,0.9344827586206896
val,P071,P071/seq0/000000,32,25,26.16427507316368,25.448229328769813,0.37519447039494425,0.9291628334866605
val,P071,P071/seq0/000000,25,32,32.92230706781427,32.44822932876981,0.3611579846287441,0.9269758327890267
val,P071,P071/seq0/000000,17,40,40.809465485388316,40.44822932876981,0.38268211848027456,0.9314383471509409
val,P071,P071/seq0/000000,59,-2,-0.5038189676319575,-1.5517706712302015,0.3462346139739845,0.9191005427759111
val,P071,P071/seq0/000000,61,-4,-2.3765367331634195,-3.5517706712302015,0.35769071681094655,0.9211995326496171
val,P071,P071/seq0/000000,63,-6,-4.370843607477042,-5.5517706712302015,0.3683577280761438,0.9214536928487691
val,P071,P071/seq0/000000,65,-8,-6.498755553476485,-7.5517706712302015,0.36856411900746155,0.9195849546044098
val,P071,P071/seq0/000000,67,-10,-8.470072479055602,-9.551770671230202,0.3720512622841014,0.9225361281083192
val,P071,P071/seq0/000000,70,-13,-11.484586220290254,-12.551770671230202,0.37769362023911035,0.9237621168456903
val,P071,P071/seq0/000000,73,-16,-14.41279808438685,-15.551770671230202,0.35110476721457934,0.9160758025009669
val,P071,P071/seq0/000000,77,-20,-17.97372454160336,-19.5517706712302,0.3481544045447698,0.9147346728490469
val,P071,P071/seq0/000000,82,-25,-22.937179605058418,-24.5517706712302,0.36708273470996516,0.9124388359515838
val,P071,P071/seq0/000000,89,-32,-29.590285263767527,-31.5517706712302,0.34427612159417187,0.9108198406579285
val,P071,P071/seq0/000000,97,-40,-36.50976621481317,-39.5517706712302,0.3588824018997741,0.904327725696674
val,P071,P071/seq0/000036,54,2,2.121122622085224,2.095127294636427,0.3446573889028591,0.9241665649041397
val,P071,P071/seq0/000036,52,4,4.149260616721193,4.095127294636427,0.35434471410115376,0.9269188395152406
val,P071,P071/seq0/000036,50,6,6.2761470821400565,6.095127294636427,0.35143208631932776,0.9255150554675119
val,P071,P071/seq0/000036,48,8,8.483917666907502,8.095127294636427,0.3460652022770266,0.9271862422246615
val,P071,P071/seq0/000036,46,10,10.689639377485747,10.095127294636427,0.33724817888421943,0.9291895185862279
val,P071,P071/seq0/000036,43,13,13.617266407644465,13.095127294636427,0.31947072999993015,0.9276874545013346
val,P071,P071/seq0/000036,40,16,16.18497936455661,16.095127294636427,0.3307143069876413,0.9278576651230807
val,P071,P071/seq0/000036,36,20,19.96592665999745,20.095127294636427,0.3548794243194175,0.9314798868249478
val,P071,P071/seq0/000036,31,25,25.577194041764628,25.095127294636427,0.3447274504057931,0.9292262559589293
val,P071,P071/seq0/000036,24,32,32.09524741984421,32.09512729463643,0.32681616128965835,0.9306301905227161
val,P071,P071/seq0/000036,16,40,40.21362073497305,40.09512729463643,0.3499472105095617,0.934480639213276
val,P071,P071/seq0/000036,58,-2,-1.3044271875010907,-1.904872705363573,0.320435346676062,0.9243799153055051
val,P071,P071/seq0/000036,60,-4,-3.20480052078409,-3.904872705363573,0.32592715816179096,0.926775956284153
val,P071,P071/seq0/000036,62,-6,-5.141346271725098,-5.904872705363573,0.3402539853562219,0.9226666666666666
val,P071,P071/seq0/000036,64,-8,-7.280311473190295,-7.904872705363573,0.34749329466686807,0.9204848484848485
val,P071,P071/seq0/000036,66,-10,-9.512791932429536,-9.904872705363573,0.3540208081131226,0.9179176755447942
val,P071,P071/seq0/000036,69,-13,-12.707238886538306,-12.904872705363573,0.35697564068903903,0.9189255189255189
val,P071,P071/seq0/000036,72,-16,-15.326391077736247,-15.904872705363573,0.3321494581751438,0.918833917987178
val,P071,P071/seq0/000036,76,-20,-18.756031176022674,-19.904872705363573,0.3321819974261717,0.9196040560115886
val,P071,P071/seq0/000036,81,-25,-24.002637154134902,-24.904872705363573,0.3578990218942919,0.9129434556241676
val,P071,P071/seq0/000036,88,-32,-30.601712152137168,-31.904872705363573,0.3400354240120695,0.9113127646702964
val,P071,P071/seq0/000036,96,-40,-37.615632250678686,-39.90487270536357,0.3613253316703482,0.9062995004264652
val,P071,P071/seq0/000072,53,2,-0.04667760331204818,1.5567494598886071,0.3457081645456033,0.9090909090909091
val,P071,P071/seq0/000072,51,4,1.500701194038939,3.556749459888607,0.3639852674900306,0.898876404494382
val,P071,P071/seq0/000072,49,6,3.564694654333735,5.556749459888607,0.3669808709914802,0.8989071038251366
val,P071,P071/seq0/000072,47,8,5.679183127037064,7.556749459888607,0.3839123644502087,0.8937039137833239
val,P071,P071/seq0/000072,45,10,7.898916598479644,9.556749459888607,0.3806386972596745,0.897834221567071
val,P071,P071/seq0/000072,42,13,10.438728915181812,12.556749459888607,0.37896651785590907,0.9018256975542542
val,P071,P071/seq0/000072,39,16,13.473221261680479,15.556749459888607,0.35699174571578524,0.9048919226393629
val,P071,P071/seq0/000072,35,20,17.456212282570462,19.556749459888607,0.36088988264475147,0.8989554950045413
val,P071,P071/seq0/000072,30,25,22.72086980367591,24.556749459888607,0.38652954472493695,0.8951447458399817
val,P071,P071/seq0/000072,23,32,29.37278695012553,31.556749459888607,0.35253520320542514,0.9050712250712251
val,P071,P071/seq0/000072,15,40,37.48877838836867,39.55674945988861,0.38368143070708843,0.8964261324834965
val,P071,P071/seq0/000072,57,-2,-4.408427259842654,-2.443250540111393,0.3616927467204661,0.9052127295540093
val,P071,P071/seq0/000072,59,-4,-6.509601506301294,-4.443250540111393,0.3812593788078078,0.8998286693318104
val,P071,P071/seq0/000072,61,-6,-8.032362585475283,-6.443250540111393,0.3817186864163541,0.8978897208985704
val,P071,P071/seq0/000072,63,-8,-10.305944879118698,-8.443250540111393,0.38682589905841824,0.8922972051806408
val,P071,P071/seq0/000072,65,-10,-12.348638721403546,-10.443250540111393,0.36941620588915786,0.8990888382687927
val,P071,P071/seq0/000072,68,-13,-15.113215623000457,-13.443250540111393,0.35695082632208414,0.905483981302018
val,P071,P071/seq0/000072,71,-16,-18.28836110329874,-16.443250540111393,0.35848225538872414,0.9054192812321734
val,P071,P071/seq0/000072,75,-20,-22.398568931748486,-20.443250540111393,0.3872812875909091,0.899242598117971
val,P071,P071/seq0/000072,80,-25,-27.06250421434072,-25.443250540111393,0.3872637599982122,0.8965913003557902
val,P071,P071/seq0/000072,87,-32,-33.55875327482593,-32.44325054011139,0.38068242175782246,0.9128822984244671
val,P071,P071/seq0/000072,95,-40,-40.91762446140689,-40.44325054011139,0.41176287395869327,0.9007184077258273
val,P071,P071/seq0/000108,52,2,0.6369371748078407,2.458314900436079,0.3644289182423279,0.9034137248048468
val,P071,P071/seq0/000108,50,4,2.308201415789881,4.458314900436079,0.3889204661186869,0.8898584905660377
val,P071,P071/seq0/000108,48,6,4.6314525964593685,6.458314900436079,0.3918334974841925,0.8926978163888236
val,P071,P071/seq0/000108,46,8,6.904693366993996,8.45831490043608,0.4068050322813499,0.8818749263926511
val,P071,P071/seq0/000108,44,10,8.937449464374012,10.45831490043608,0.4024016930183949,0.8883380547686497
val,P071,P071/seq0/000108,41,13,11.571037259814204,13.45831490043608,0.3890892661163892,0.897665644895072
val,P071,P071/seq0/000108,38,16,14.425050643086337,16.45831490043608,0.3814479744413165,0.8930550642612899
val,P071,P071/seq0/000108,34,20,18.270891012848267,20.45831490043608,0.3858212651714071,0.8883116883116883
val,P071,P071/seq0/000108,29,25,24.05939920575625,25.45831490043608,0.4039647189545394,0.8845746558418638
val,P071,P071/seq0/000108,22,32,30.344570088546945,32.45831490043608,0.3804013799493487,0.8915918752952291
val,P071,P071/seq0/000108,14,40,38.73903924651255,40.45831490043608,0.40817833311344975,0.8820330969267139
val,P071,P071/seq0/000108,56,-2,-3.451421373520134,-1.5416850995639209,0.38217891465678533,0.8984825314668863
val,P071,P071/seq0/000108,58,-4,-5.466659184051878,-3.541685099563921,0.4028935148583325,0.8920042770583343
val,P071,P071/seq0/000108,60,-6,-7.049441921393765,-5.541685099563921,0.4029998391198545,0.8883380547686497
val,P071,P071/seq0/000108,62,-8,-9.130652798531628,-7.541685099563921,0.40852260183047456,0.8808009422850412
val,P071,P071/seq0/000108,64,-10,-11.264559095796699,-9.54168509956392,0.39111656306392756,0.891939457937346
val,P071,P071/seq0/000108,67,-13,-14.363356413324794,-12.54168509956392,0.37549751700699124,0.8974868497954412
val,P071,P071/seq0/000108,70,-16,-17.415441887121744,-15.54168509956392,0.38850317188136746,0.8943512172063341
val,P071,P071/seq0/000108,74,-20,-21.399032038339442,-19.54168509956392,0.40553876815492557,0.8913329348475793
val,P071,P071/seq0/000108,79,-25,-26.010991307701488,-24.54168509956392,0.40573293075488504,0.8829975256274302
val,P071,P071/seq0/000108,86,-32,-33.03171988338249,-31.54168509956392,0.4078243790872057,0.894667148188275
val,P071,P071/seq0/000108,94,-40,-40.15070302352072,-39.54168509956392,0.4245287949658572,0.8839079059568766
val,P076,P076/seq0/000000,44,2,5.333813333765548,2.1301197827838365,0.637869008399664,0.8478260869565217
val,P076,P076/seq0/000000,42,4,6.898317189813369,4.1301197827838365,0.638111544343875,0.8550017427675148
val,P076,P076/seq0/000000,40,6,8.971597671547698,6.1301197827838365,0.6311228336593802,0.8602150537634409
val,P076,P076/seq0/000000,38,8,10.825680363177469,8.130119782783837,0.6324100368348485,0.8686520915820279
val,P076,P076/seq0/000000,36,10,12.930948060774782,10.130119782783837,0.6213554708726081,0.8745091343691309
val,P076,P076/seq0/000000,33,13,15.975995391987539,13.130119782783837,0.6246617879152673,0.8727334929866576
val,P076,P076/seq0/000000,30,16,19.35415571018993,16.130119782783837,0.6430191200935749,0.8522528815927349
val,P076,P076/seq0/000000,26,20,22.85008829945086,20.130119782783837,0.6409494642687363,0.8549511854951185
val,P076,P076/seq0/000000,21,25,27.720475649128616,25.130119782783837,0.6352036331439873,0.8727085831762892
val,P076,P076/seq0/000000,14,32,35.33306876338054,32.13011978278384,0.643907646871119,0.8528539012043986
val,P076,P076/seq0/000000,6,40,42.73474151797642,40.13011978278384,0.679526381149467,0.8670918807102224
val,P076,P076/seq0/000000,48,-2,1.385116373075121,-1.8698802172161493,0.6208951509317508,0.8633465448905738
val,P076,P076/seq0/000000,50,-4,-1.0043236780781228,-3.8698802172161493,0.619397791131368,0.8746375575643869
val,P076,P076/seq0/000000,52,-6,-2.989623423634953,-5.869880217216149,0.6177077210774589,0.8741473396998636
val,P076,P076/seq0/000000,54,-8,-5.082340509472829,-7.869880217216149,0.626355468421305,0.869281045751634
val,P076,P076/seq0/000000,56,-10,-6.914120881447644,-9.86988021721615,0.6241283920885204,0.8618899273104881
val,P076,P076/seq0/000000,59,-13,-9.688689091926364,-12.86988021721615,0.6315854094426426,0.8492383120294169
val,P076,P076/seq0/000000,62,-16,-12.497397103215206,-15.86988021721615,0.6297918470399815,0.8541594152453881
val,P076,P076/seq0/000000,66,-20,-16.841715494700708,-19.86988021721615,0.6114957226404998,0.8747020769492679
val,P076,P076/seq0/000000,71,-25,-21.730642794229766,-24.86988021721615,0.6105691428236516,0.8654608096468561
val,P076,P076/seq0/000000,78,-32,-28.3502525424837,-31.86988021721615,0.6201216470799283,0.8534167970787689
val,P076,P076/seq0/000000,86,-40,-36.52956727130055,-39.86988021721615,0.5966659911196467,0.8676143175201233
val,P076,P076/seq0/000031,42,2,6.8780445150837295,2.1273157261999103,0.6325918033912825,0.84375
val,P076,P076/seq0/000031,40,4,8.828253801694302,4.12731572619991,0.6084269229247836,0.8535134265959158
val,P076,P076/seq0/000031,38,6,10.878348791778379,6.12731572619991,0.6151241288853997,0.8574174943928228
val,P076,P076/seq0/000031,36,8,12.596286857355409,8.12731572619991,0.6239650471851595,0.8628826530612245
val,P076,P076/seq0/000031,34,10,14.668003564754969,10.12731572619991,0.6293503976278649,0.8592426905256431
val,P076,P076/seq0/000031,31,13,18.04216794034656,13.12731572619991,0.6480596217139346,0.8415567497150301
val,P076,P076/seq0/000031,28,16,20.890290022938913,16.12731572619991,0.648593596747633,0.8382136430557827
val,P076,P076/seq0/000031,24,20,24.799554518376283,20.12731572619991,0.6099245634745712,0.8528654217643271
val,P076,P076/seq0/000031,19,25,29.564412760388066,25.12731572619991,0.629071084490388,0.8611155505833467
val,P076,P076/seq0/000031,12,32,36.8588683304086,32.12731572619991,0.653176284089495,0.8381606938307969
val,P076,P076/seq0/000031,4,40,44.522625069582205,40.12731572619991,0.6492074115495036,0.8630268199233716
val,P076,P076/seq0/000031,46,-2,3.1086124528276997,-1.8726842738000755,0.6447107596140899,0.8402019872943476
val,P076,P076/seq0/000031,48,-4,0.9518293837685547,-3.8726842738000755,0.6336429685682579,0.8483969711615917
val,P076,P076/seq0/000031,50,-6,-1.2819398376931304,-5.8726842738000755,0.6245449987071264,0.8588761174968071
val,P076,P076/seq0/000031,52,-8,-3.344175590968149,-7.8726842738000755,0.6178907827275303,0.8618766926875896
val,P076,P076/seq0/000031,54,-10,-5.005938184095385,-9.872684273800076,0.6045034663667307,0.8562759501756627
val,P076,P076/seq0/000031,57,-13,-8.207978000975316,-12.872684273800076,0.6039008906570532,0.8512010317588263
val,P076,P076/seq0/000031,60,-16,-11.031791828845087,-15.872684273800076,0.6401750394542458,0.8404758025093694
val,P076,P076/seq0/000031,64,-20,-14.968049206642064,-19.872684273800076,0.6312533938099583,0.8480463096960926
val,P076,P076/seq0/000031,69,-25,-20.16939878016501,-24.872684273800076,0.5988534563925847,0.8603209915779437
val,P076,P076/seq0/000031,76,-32,-26.94486906057881,-31.872684273800076,0.6286781135917069,0.8419684911482865
val,P076,P076/seq0/000031,84,-40,-34.92316765479734,-39.872684273800076,0.58794681276543,0.8584995251661919
val,P076,P076/seq0/000062,40,2,6.555321662397901,2.3070475386570024,0.5890575038986988,0.8668274003687421
val,P076,P076/seq0/000062,38,4,8.50075197377025,4.307047538657002,0.5807449845216166,0.8714205502526671
val,P076,P076/seq0/000062,36,6,10.437696772527673,6.307047538657002,0.5866622809564859,0.8777499303815093
val,P076,P076/seq0/000062,34,8,12.39808403272039,8.307047538657002,0.5975560816947182,0.8792526491912995
val,P076,P076/seq0/000062,32,10,14.353683396040793,10.307047538657002,0.6031005545401563,0.8770652478297396
val,P076,P076/seq0/000062,29,13,17.207199093166423,13.307047538657002,0.6113027528109338,0.8772028760750036
val,P076,P076/seq0/000062,26,16,20.3507338100289,16.307047538657002,0.6053647660331118,0.8745907473309609
val,P076,P076/seq0/000062,22,20,24.432024070631897,20.307047538657002,0.5824674413011633,0.8710674157303371
val,P076,P076/seq0/000062,17,25,29.305290917120132,25.307047538657002,0.60658737082164,0.8764359764639955
val,P076,P076/seq0/000062,10,32,36.25178218934802,32.307047538657,0.6272759426931435,0.8750534264140191
val,P076,P076/seq0/000062,2,40,44.26249848494224,40.307047538657,0.6487782477730575,0.8800670953312832
val,P076,P076/seq0/000062,44,-2,2.2016567220131975,-1.6929524613429976,0.6103268381137116,0.8803503319677921
val,P076,P076/seq0/000062,46,-4,0.27392068705452743,-3.6929524613429976,0.6101317199010748,0.8776371308016878
val,P076,P076/seq0/000062,48,-6,-1.5627012312785382,-5.692952461342998,0.599111877229442,0.8767659812561197
val,P076,P076/seq0/000062,50,-8,-3.492868360747167,-7.692952461342998,0.5946366972225593,0.8779604346614656
val,P076,P076/seq0/000062,52,-10,-5.472619955392389,-9.692952461342998,0.5866414057444332,0.8780419969406202
val,P076,P076/seq0/000062,55,-13,-8.350720065188796,-12.692952461342998,0.5784080275645717,0.8681690140845071
val,P076,P076/seq0/000062,58,-16,-11.483708121641058,-15.692952461342998,0.601620828035502,0.873419519818156
val,P076,P076/seq0/000062,62,-20,-15.59357032831113,-19.692952461342998,0.6018370444089892,0.8773505472916082
val,P076,P076/seq0/000062,67,-25,-20.386848930306144,-24.692952461342998,0.5866634961493619,0.8777377321874134
val,P076,P076/seq0/000062,74,-32,-27.349245157698476,-31.692952461342998,0.594939658665691,0.8731396172927002
val,P076,P076/seq0/000062,82,-40,-35.24259091299339,-39.692952461343,0.5795279231999061,0.875
val,P076,P076/seq0/000093,40,2,0.8313892947761161,1.8403441508931166,0.6339338789424073,0.9311358119330523
val,P076,P076/seq0/000093,38,4,3.058711605400319,3.8403441508931166,0.6316267727284317,0.9302325581395349
val,P076,P076/seq0/000093,36,6,5.145637577758762,5.840344150893117,0.6205439336680375,0.9301672411591982
val,P076,P076/seq0/000093,34,8,7.201732948186375,7.840344150893117,0.6297192226580771,0.931457800511509
val,P076,P076/seq0/000093,32,10,9.00199116685593,9.840344150893117,0.6371019077491819,0.9326702371843917
val,P076,P076/seq0/000093,29,13,11.394352515082247,12.840344150893117,0.6479358462798429,0.9300306435137896
val,P076,P076/seq0/000093,26,16,14.5690967056955,15.840344150893117,0.6377013600176584,0.928525926869665
val,P076,P076/seq0/000093,22,20,18.870132164444158,19.840344150893117,0.6337280314344707,0.9282505455012193
val,P076,P076/seq0/000093,17,25,23.979523581809687,24.840344150893117,0.63391181499194,0.930149406206104
val,P076,P076/seq0/000093,10,32,30.52806645323112,31.840344150893117,0.6277729621545698,0.9269162210338681
val,P076,P076/seq0/000093,2,40,39.049158485673345,39.84034415089312,0.5530990225116699,0.9308755760368663
val,P076,P076/seq0/000093,44,-2,-3.4388741313178457,-2.1596558491068834,0.6414741572969068,0.9316010699273978
val,P076,P076/seq0/000093,46,-4,-5.176268612727483,-4.159655849106883,0.6497584739369799,0.9342392001025509
val,P076,P076/seq0/000093,48,-6,-6.894355379857757,-6.159655849106883,0.6361674557697665,0.9340140395660498
val,P076,P076/seq0/000093,50,-8,-8.69851914425385,-8.159655849106883,0.6280639849209907,0.9324116743471582
val,P076,P076/seq0/000093,52,-10,-10.744219500364522,-10.159655849106883,0.6210514488128104,0.9315103501150013
val,P076,P076/seq0/000093,55,-13,-13.94256188708377,-13.159655849106883,0.6342752844164655,0.9325626204238922
val,P076,P076/seq0/000093,58,-16,-17.150941941140616,-16.159655849106883,0.6386614278078084,0.9334357398873528
val,P076,P076/seq0/000093,62,-20,-20.99266510316687,-20.159655849106883,0.6507593156129993,0.9371311265075699
val,P076,P076/seq0/000093,67,-25,-25.48383315216344,-25.159655849106883,0.619461574396125,0.9337256908904811
val,P076,P076/seq0/000093,74,-32,-32.85995486901015,-32.15965584910688,0.6336067884362625,0.9365953631356475
val,P076,P076/seq0/000093,82,-40,-39.96317753397736,-40.15965584910688,0.620764611276417,0.9392222508369817
test,P085,P085/seq0/000000,54,2,0.037661873196881857,2.4289326610538495,0.4521148175681472,0.9150641025641025
test,P085,P085/seq0/000000,52,4,1.8110155864392112,4.4289326610538495,0.45215122285500847,0.9093473005640612
test,P085,P085/seq0/000000,50,6,4.151468195738914,6.4289326610538495,0.4581931701777962,0.9142394822006472
test,P085,P085/seq0/000000,48,8,6.2344936835496725,8.42893266105385,0.45761849365297946,0.9180129240710824
test,P085,P085/seq0/000000,46,10,8.290899419741919,10.42893266105385,0.45660797415354765,0.9213121352384785
test,P085,P085/seq0/000000,43,13,11.445182802408581,13.42893266105385,0.456929636373024,0.9196787148594378
test,P085,P085/seq0/000000,40,16,14.202404060343724,16.42893266105385,0.45131921208677894,0.9166500099940036
test,P085,P085/seq0/000000,36,20,17.650245369798014,20.42893266105385,0.45198632357078117,0.9078814755089699
test,P085,P085/seq0/000000,31,25,23.210082454915508,25.42893266105385,0.4567389071087586,0.9187878787878788
test,P085,P085/seq0/000000,24,32,30.064184234085033,32.42893266105385,0.45184765970834645,0.9168665067945644
test,P085,P085/seq0/000000,16,40,38.03465009325684,40.42893266105385,0.4570570288674284,0.9154872624342903
test,P085,P085/seq0/000000,58,-2,-3.4311988278447814,-1.5710673389461647,0.456631161411471,0.921384276855371
test,P085,P085/seq0/000000,60,-4,-5.537885910439172,-3.5710673389461647,0.4567828460510102,0.9221821099077416
test,P085,P085/seq0/000000,62,-6,-7.52196937448295,-5.571067338946165,0.4576488862256656,0.9231697506033789
test,P085,P085/seq0/000000,64,-8,-9.555212017749596,-7.571067338946165,0.4599304846270665,0.9197817740957769
test,P085,P085/seq0/000000,66,-10,-11.705475397663605,-9.571067338946165,0.46059117199534555,0.9156382763503945
test,P085,P085/seq0/000000,69,-13,-14.863706254681404,-12.571067338946165,0.4535271779862289,0.9152405878800081
test,P085,P085/seq0/000000,72,-16,-17.4096131076289,-15.571067338946165,0.4548066546616802,0.9201840368073615
test,P085,P085/seq0/000000,76,-20,-21.095057366709767,-19.571067338946165,0.45805344741903115,0.9250251256281407
test,P085,P085/seq0/000000,81,-25,-26.130956614565775,-24.571067338946165,0.4631488010630787,0.9208809135399674
test,P085,P085/seq0/000000,88,-32,-32.64517649443695,-31.571067338946165,0.46064119694507066,0.9290894439967768
test,P085,P085/seq0/000000,96,-40,-40.27755999761274,-39.571067338946165,0.47387583566190916,0.9278816519416478
test,P085,P085/seq0/000020,52,2,-1.021847631642629,2.1842747218646537,0.4627066720999774,0.8762126503686457
test,P085,P085/seq0/000020,50,4,1.0118704015387578,4.184274721864654,0.46054925897354143,0.8764568764568764
test,P085,P085/seq0/000020,48,6,2.896428649139324,6.184274721864654,0.45711919132641987,0.875702928058949
test,P085,P085/seq0/000020,46,8,4.871371775359961,8.184274721864654,0.45855414683542894,0.875242154203797
test,P085,P085/seq0/000020,44,10,6.955023027989284,10.184274721864654,0.45984486375548816,0.8761387865865478
test,P085,P085/seq0/000020,41,13,10.097280626854044,13.184274721864654,0.46042863170437087,0.8799071746277316
test,P085,P085/seq0/000020,38,16,12.914531247755988,16.184274721864654,0.4629752626424814,0.8778035576179428
test,P085,P085/seq0/000020,34,20,16.92030854035781,20.184274721864654,0.4595278761842458,0.8757763975155279
test,P085,P085/seq0/000020,29,25,21.829777543414906,25.184274721864654,0.4578861078916093,0.8745158791634392
test,P085,P085/seq0/000020,22,32,28.829328569239763,32.184274721864654,0.46093091996737456,0.8775589030513712
test,P085,P085/seq0/000020,14,40,36.75889240803487,40.184274721864654,0.45574216118316385,0.8749516066589237
test,P085,P085/seq0/000020,56,-2,-4.873567253018763,-1.8157252781353463,0.45945514270876786,0.8807729468599034
test,P085,P085/seq0/000020,58,-4,-6.746701540923084,-3.8157252781353463,0.46189785882094553,0.8806664083688492
test,P085,P085/seq0/000020,60,-6,-8.884550796740996,-5.815725278135346,0.4620318235121935,0.8773767947225456
test,P085,P085/seq0/000020,62,-8,-11.01600193608067,-7.815725278135346,0.4601923586294743,0.8760907504363001
test,P085,P085/seq0/000020,64,-10,-12.960898376659088,-9.815725278135346,0.46002262095571034,0.8767708131185717
test,P085,P085/seq0/000020,67,-13,-15.823814757615366,-12.815725278135346,0.4631456059257403,0.8784755979000584
test,P085,P085/seq0/000020,70,-16,-18.680196622273144,-15.815725278135346,0.46294238372084096,0.8806520473510576
test,P085,P085/seq0/000020,74,-20,-22.3368743020784,-19.815725278135346,0.4642404399252016,0.8800155823918971
test,P085,P085/seq0/000020,79,-25,-27.43514830302712,-24.815725278135346,0.46685648369200194,0.8794381584081155
test,P085,P085/seq0/000020,86,-32,-33.789663159898,-31.815725278135346,0.4727239123371745,0.8837118245888802
test,P085,P085/seq0/000020,94,-40,-41.351822793195595,-39.815725278135346,0.4780609152414,0.8771999209017204
test,P085,P085/seq0/000040,50,2,-1.4544952112629232,1.872428926999092,0.49639018457489004,0.8638752945441363
test,P085,P085/seq0/000040,48,4,0.5513569102719487,3.872428926999092,0.4972746400240648,0.8628592215351036
test,P085,P085/seq0/000040,46,6,2.46346518183951,5.872428926999092,0.5016424701679405,0.8609537730677873
test,P085,P085/seq0/000040,44,8,4.349564528876726,7.872428926999092,0.4988339143239947,0.8601092896174863
test,P085,P085/seq0/000040,42,10,6.088371900792339,9.872428926999092,0.4962273267236476,0.8574549426542872
test,P085,P085/seq0/000040,39,13,9.470138859014568,12.872428926999092,0.4953238984321013,0.8627379873073436
test,P085,P085/seq0/000040,36,16,12.638559315065962,15.872428926999092,0.49547347347709775,0.8670520231213873
test,P085,P085/seq0/000040,32,20,16.51164429831094,19.872428926999092,0.4958030668314492,0.8632649355365898
test,P085,P085/seq0/000040,27,25,21.241069072527452,24.872428926999092,0.4957316035015494,0.8598436647882203
test,P085,P085/seq0/000040,20,32,28.631097468602007,31.872428926999092,0.49439205237672984,0.8673045676114822
test,P085,P085/seq0/000040,12,40,36.248457164810716,39.87242892699909,0.5017448823501877,0.8601055120975077
test,P085,P085/seq0/000040,54,-2,-5.491996017005903,-2.1275710730009223,0.49577695686340695,0.8634137493197895
test,P085,P085/seq0/000040,56,-4,-7.683678455045651,-4.127571073000922,0.4937263663948958,0.8589626933575978
test,P085,P085/seq0/000040,58,-6,-9.780673194802006,-6.127571073000922,0.495774274215782,0.8572990705303445
test,P085,P085/seq0/000040,60,-8,-11.510820673559493,-8.127571073000922,0.4985788623352451,0.8602189781021898
test,P085,P085/seq0/000040,62,-10,-13.376010529820263,-10.127571073000922,0.5020831897163293,0.861380699505585
test,P085,P085/seq0/000040,65,-13,-16.127898668603564,-13.127571073000922,0.5016762659531128,0.8647563423982478
test,P085,P085/seq0/000040,68,-16,-18.936447004325828,-16.127571073000922,0.5039929630105316,0.8684114867320974
test,P085,P085/seq0/000040,72,-20,-23.29981973687117,-20.127571073000922,0.4987604404910121,0.8602779809802488
test,P085,P085/seq0/000040,77,-25,-27.812694509315833,-25.127571073000922,0.5107553577103102,0.8582488479262673
test,P085,P085/seq0/000040,84,-32,-34.09715877104691,-32.12757107300092,0.5120753640979671,0.8642201834862385
test,P085,P085/seq0/000040,92,-40,-41.95480515438916,-40.12757107300092,0.5219543905313287,0.8513011152416357
test,P085,P085/seq0/000060,49,2,-1.840891573215714,2.2855277543972647,0.49831685744408566,0.8661749209694415
test,P085,P085/seq0/000060,47,4,-0.2524643203431367,4.285527754397265,0.4940301375116922,0.8613652357494722
test,P085,P085/seq0/000060,45,6,1.6128660015089196,6.285527754397265,0.49091220730365476,0.8588048651507139
test,P085,P085/seq0/000060,43,8,3.744182724201096,8.285527754397265,0.4776205442672622,0.8635965680266153
test,P085,P085/seq0/000060,41,10,6.044762776883957,10.285527754397265,0.47671654507115313,0.8679574393860108
test,P085,P085/seq0/000060,38,13,9.431387882394986,13.285527754397265,0.4830413903517127,0.8740458015267175
test,P085,P085/seq0/000060,35,16,12.270349415515753,16.285527754397265,0.4946404884225768,0.8705964422741541
test,P085,P085/seq0/000060,31,20,15.655128087249267,20.285527754397265,0.4948825142713401,0.8613600421718502
test,P085,P085/seq0/000060,26,25,20.808423301520094,25.285527754397265,0.47803165912203055,0.8644778204680406
test,P085,P085/seq0/000060,19,32,28.200120830355218,32.285527754397265,0.4930530775080636,0.8707317073170732
test,P085,P085/seq0/000060,11,40,35.56859337439877,40.285527754397265,0.48108665585151017,0.8622985283812193
test,P085,P085/seq0/000060,53,-2,-5.438034305913135,-1.7144722456027353,0.48950557576809395,0.8743264383799757
test,P085,P085/seq0/000060,55,-4,-7.576687014539033,-3.7144722456027353,0.4802663722523791,0.872784150156413
test,P085,P085/seq0/000060,57,-6,-9.916803457451692,-5.714472245602735,0.4780811423497319,0.8674110258199581
test,P085,P085/seq0/000060,59,-8,-12.182824621520552,-7.714472245602735,0.47638021801066616,0.863294241204271
test,P085,P085/seq0/000060,61,-10,-14.289573003836637,-9.714472245602735,0.4926306380912242,0.8593584772647163
test,P085,P085/seq0/000060,64,-13,-17.053330121208944,-12.714472245602735,0.4965843822731122,0.8620689655172413
test,P085,P085/seq0/000060,67,-16,-19.25032249631539,-15.714472245602735,0.4948745428006048,0.8730769230769231
test,P085,P085/seq0/000060,71,-20,-23.116494457837945,-19.714472245602735,0.4866976587181933,0.8768318213538032
test,P085,P085/seq0/000060,76,-25,-28.34800356370846,-24.714472245602735,0.4880171514070132,0.8683236382866208
test,P085,P085/seq0/000060,83,-32,-33.78327240115121,-31.714472245602735,0.5069927167530921,0.8751545117428925
test,P085,P085/seq0/000060,91,-40,-39.26504336433578,-39.714472245602735,0.4585737731963515,0.8499226405363589
test,P089,P089/seq0/000000,46,2,-1.2772056806777243,1.6863258503711762,0.45098233703345014,0.8644448987937027
test,P089,P089/seq0/000000,44,4,0.30986333487835793,3.686325850371176,0.4556713047488635,0.8576124922950483
test,P089,P089/seq0/000000,42,6,2.4112992158239592,5.686325850371176,0.45736765360230464,0.8548057259713702
test,P089,P089/seq0/000000,40,8,4.213508378167887,7.686325850371176,0.4582902240308799,0.8477146956343513
test,P089,P089/seq0/000000,38,10,6.2140021740563185,9.686325850371176,0.46093549941859235,0.8489090160559901
test,P089,P089/seq0/000000,35,13,9.153604858003263,12.686325850371176,0.46148123596898877,0.8545529460238979
test,P089,P089/seq0/000000,32,16,12.380150942153278,15.686325850371176,0.456906076288884,0.8569674647022714
test,P089,P089/seq0/000000,28,20,16.213535690761617,19.686325850371176,0.4565132876955255,0.8558521560574949
test,P089,P089/seq0/000000,23,25,21.096732719176487,24.686325850371176,0.4608661951782492,0.8459637561779242
test,P089,P089/seq0/000000,16,32,28.31426576485829,31.686325850371176,0.4567482007054906,0.8563241915677445
test,P089,P089/seq0/000000,8,40,36.00932359183038,39.686325850371176,0.45958012250768404,0.8448098663926003
test,P089,P089/seq0/000000,50,-2,-5.426358223050613,-2.313674149628838,0.4556995642895988,0.8599468411367819
test,P089,P089/seq0/000000,52,-4,-7.891052375886204,-4.313674149628838,0.4567032508687422,0.8494734668593846
test,P089,P089/seq0/000000,54,-6,-9.558337551589517,-6.313674149628838,0.4594227665668462,0.8531583264971287
test,P089,P089/seq0/000000,56,-8,-11.660936800244201,-8.313674149628838,0.4585266527242442,0.84988736432521
test,P089,P089/seq0/000000,58,-10,-13.389220587331977,-10.313674149628838,0.45734801784942974,0.8586601307189542
test,P089,P089/seq0/000000,61,-13,-16.101000399648456,-13.313674149628838,0.45459567766420966,0.865427812946702
test,P089,P089/seq0/000000,64,-16,-19.20193372998955,-16.313674149628838,0.4535893100119188,0.8650081566068516
test,P089,P089/seq0/000000,68,-20,-23.566694296375687,-20.313674149628838,0.4593421965305792,0.8557909895083317
test,P089,P089/seq0/000000,73,-25,-28.119184345779928,-25.313674149628838,0.45696085738931375,0.8612244897959184
test,P089,P089/seq0/000000,80,-32,-34.672070874126916,-32.31367414962884,0.45998014894195416,0.8777800448887982
test,P089,P089/seq0/000000,88,-40,-42.341448987582964,-40.31367414962884,0.47656807733293527,0.8736492103075644
test,P089,P089/seq0/000024,44,2,0.7694316580745806,2.129125471035124,0.4676332084894969,0.8873720136518771
test,P089,P089/seq0/000024,42,4,2.820735207401839,4.129125471035124,0.468881770369182,0.8828025477707007
test,P089,P089/seq0/000024,40,6,4.608997993258569,6.129125471035124,0.47049914391608694,0.8892689183411714
test,P089,P089/seq0/000024,38,8,6.505732871157946,8.129125471035124,0.4697960235206291,0.8949732620320856
test,P089,P089/seq0/000024,36,10,8.631935796522797,10.129125471035124,0.4695038295614781,0.9003847798204361
test,P089,P089/seq0/000024,33,13,11.618494021798668,13.129125471035124,0.46670848123741426,0.8979504696840307
test,P089,P089/seq0/000024,30,16,14.70072334937997,16.129125471035124,0.4663556308070299,0.8954651905471578
test,P089,P089/seq0/000024,26,20,18.71724020104041,20.129125471035124,0.46993267301143177,0.8822278911564626
test,P089,P089/seq0/000024,21,25,23.27869929515782,25.129125471035124,0.4737125550806684,0.8942390369733448
test,P089,P089/seq0/000024,14,32,30.59334628381545,32.129125471035124,0.4670074212572258,0.8948154469810113
test,P089,P089/seq0/000024,6,40,38.34062842761686,40.129125471035124,0.4780723287768454,0.8918861057589381
test,P089,P089/seq0/000024,48,-2,-3.035125179623975,-1.8708745289648903,0.46417693429495827,0.8996805111821087
test,P089,P089/seq0/000024,50,-4,-4.957654620069434,-3.8708745289648903,0.4653229942999041,0.8997244011023956
test,P089,P089/seq0/000024,52,-6,-7.159949645189272,-5.87087452896489,0.46944028150775013,0.9019607843137255
test,P089,P089/seq0/000024,54,-8,-9.296300484179312,-7.87087452896489,0.4678737360120917,0.8950064020486556
test,P089,P089/seq0/000024,56,-10,-11.21058677912609,-9.87087452896489,0.47138983792111105,0.8876548483554036
test,P089,P089/seq0/000024,59,-13,-13.992153079859492,-12.87087452896489,0.4636075175502765,0.8826886493341788
test,P089,P089/seq0/000024,62,-16,-16.808176805431714,-15.87087452896489,0.4655084182580813,0.8929858020767112
test,P089,P089/seq0/000024,66,-20,-20.695245728999282,-19.87087452896489,0.46660949118411577,0.8954718578078713
test,P089,P089/seq0/000024,71,-25,-25.9571944109,-24.87087452896489,0.46981939335260176,0.8873749201618054
test,P089,P089/seq0/000024,78,-32,-32.2131925872915,-31.87087452896489,0.47259180089508024,0.881104033970276
test,P089,P089/seq0/000024,86,-40,-40.192233529462186,-39.87087452896489,0.48139639383345384,0.8694349315068494
test,P089,P089/seq0/000048,44,2,0.42931986405884004,2.387619214212762,0.5514354530345423,0.8722610722610723
test,P089,P089/seq0/000048,42,4,2.137058908106269,4.387619214212762,0.5531868822313628,0.8673684210526316
test,P089,P089/seq0/000048,40,6,4.101146980636585,6.387619214212762,0.5601535159436,0.8606460740391417
test,P089,P089/seq0/000048,38,8,6.199937646621933,8.387619214212762,0.5603960028059627,0.8627912449988232
test,P089,P089/seq0/000048,36,10,8.05613691448761,10.387619214212762,0.5554366609793414,0.8646493079990617
test,P089,P089/seq0/000048,33,13,11.130803861783818,13.387619214212762,0.5531799205015119,0.8676607642124884
test,P089,P089/seq0/000048,30,16,14.635698316643584,16.387619214212762,0.5404816807731254,0.8750869061413673
test,P089,P089/seq0/000048,26,20,18.101853783615255,20.387619214212762,0.5543790930245363,0.8671034160037435
test,P089,P089/seq0/000048,21,25,23.018739126137945,25.387619214212762,0.5578029398066683,0.8647887323943662
test,P089,P089/seq0/000048,14,32,30.607508177747007,32.38761921421276,0.5416153729689996,0.8752897542883634
test,P089,P089/seq0/000048,6,40,38.17443339434527,40.38761921421276,0.5839858195937789,0.8629202915588996
test,P089,P089/seq0/000048,48,-2,-3.514578682126853,-1.612380785787252,0.5406524925746174,0.8718067812354854
test,P089,P089/seq0/000048,50,-4,-5.891694655225649,-3.612380785787252,0.5508492847356221,0.8668846333489024
test,P089,P089/seq0/000048,52,-6,-7.9099663927388235,-5.612380785787252,0.5556686142967645,0.8635189100305379
test,P089,P089/seq0/000048,54,-8,-9.729804852564683,-7.612380785787252,0.5579701819491631,0.8639359698681732
test,P089,P089/seq0/000048,56,-10,-11.823583376384363,-9.612380785787252,0.5595822214566729,0.8621908127208481
test,P089,P089/seq0/000048,59,-13,-14.682584772410166,-12.612380785787252,0.5507244282282339,0.8695449241540256
test,P089,P089/seq0/000048,62,-16,-17.17333272757091,-15.612380785787252,0.541539834563167,0.8746234067207416
test,P089,P089/seq0/000048,66,-20,-21.659112036003734,-19.612380785787252,0.5445659729550542,0.8670088660755949
test,P089,P089/seq0/000048,71,-25,-26.615454185529188,-24.612380785787252,0.5584282748098008,0.8598395469561114
test,P089,P089/seq0/000048,78,-32,-32.85261929663176,-31.612380785787252,0.5467241947243909,0.869281045751634
test,P089,P089/seq0/000048,86,-40,-40.85817008998333,-39.61238078578725,0.5576937139954143,0.8562589243217515
test,P089,P089/seq0/000072,47,2,-0.20013806811560642,1.8741120018853508,0.5655905915470149,0.8954017180394138
test,P089,P089/seq0/000072,45,4,1.793489725610911,3.8741120018853508,0.5685388115275161,0.8896797153024911
test,P089,P089/seq0/000072,43,6,3.608188363661327,5.874112001885351,0.5769948708253815,0.8828782852768563
test,P089,P089/seq0/000072,41,8,5.5222958148357435,7.874112001885351,0.5721521396121788,0.88268156424581
test,P089,P089/seq0/000072,39,10,7.226586893575515,9.87411200188535,0.5743528592472963,0.8806919358941745
test,P089,P089/seq0/000072,36,13,10.53221712966696,12.87411200188535,0.5710746536520409,0.8907006369426752
test,P089,P089/seq0/000072,33,16,13.990579263408407,15.87411200188535,0.5617868118693033,0.8981341401916288
test,P089,P089/seq0/000072,29,20,17.739544169423198,19.87411200188535,0.5690374245201187,0.8885503935008886
test,P089,P089/seq0/000072,24,25,22.296391740805944,24.87411200188535,0.5726096220868758,0.88
test,P089,P089/seq0/000072,17,32,29.95939949152067,31.87411200188535,0.5634227251343201,0.8979077388454751
test,P089,P089/seq0/000072,9,40,37.51780927445688,39.87411200188535,0.5746502100682512,0.88268156424581
test,P089,P089/seq0/000072,51,-2,-4.281934849813666,-2.1258879981146492,0.5716014621351462,0.8932384341637011
test,P089,P089/seq0/000072,53,-4,-6.506187631480316,-4.125887998114649,0.5694103396013253,0.8864040660736976
test,P089,P089/seq0/000072,55,-6,-8.705511273390101,-6.125887998114649,0.5718589814345747,0.8810371123538383
test,P089,P089/seq0/000072,57,-8,-10.418921866780778,-8.12588799811465,0.5721912309252435,0.883248730964467
test,P089,P089/seq0/000072,59,-10,-12.31696692167722,-10.12588799811465,0.576517075141886,0.884517118037813
test,P089,P089/seq0/000072,62,-13,-15.208252520119316,-13.12588799811465,0.5725244344295566,0.8920570264765784
test,P089,P089/seq0/000072,65,-16,-17.916146128923913,-16.12588799811465,0.5605537486819162,0.898258015652613
test,P089,P089/seq0/000072,69,-20,-22.351647919526727,-20.12588799811465,0.5714698191342706,0.8880407124681934
test,P089,P089/seq0/000072,74,-25,-27.22204061328486,-25.12588799811465,0.5737757849454609,0.8824583866837388
test,P089,P089/seq0/000072,81,-32,-33.57064613852495,-32.12588799811465,0.5669840749826139,0.8922216573462125
test,P089,P089/seq0/000072,89,-40,-41.73228125765621,-40.12588799811465,0.577765575700994,0.8773560547379292
val,P090,P090/seq0/000000,53,2,0.10544752380107525,1.6350135906721022,0.5567624520386749,0.9422043010752689
val,P090,P090/seq0/000000,51,4,2.13795576236744,3.635013590672102,0.5556000698988106,0.9422560429722471
val,P090,P090/seq0/000000,49,6,4.272452084091341,5.635013590672102,0.5566110943025706,0.9410712288941071
val,P090,P090/seq0/000000,47,8,6.306722917798524,7.635013590672102,0.5580564771330678,0.9399127223900637
val,P090,P090/seq0/000000,45,10,8.289910919955744,9.635013590672102,0.5577380067293144,0.9409395973154362
val,P090,P090/seq0/000000,42,13,11.287175361100921,12.635013590672102,0.5580608668700622,0.9421635529701309
val,P090,P090/seq0/000000,39,16,14.198646047452556,15.635013590672102,0.5578025741609398,0.9430876092314586
val,P090,P090/seq0/000000,35,20,18.112033974657948,19.635013590672102,0.5565559544322196,0.9429274843330349
val,P090,P090/seq0/000000,30,25,23.24994664221518,24.635013590672102,0.5579739387034317,0.941834451901566
val,P090,P090/seq0/000000,23,32,30.12808427903954,31.635013590672102,0.5580508740596637,0.9433919964129582
val,P090,P090/seq0/000000,15,40,38.146790150500195,39.6350135906721,0.5593560354781986,0.9406751149489738
val,P090,P090/seq0/000000,57,-2,-3.690321303654656,-2.364986409327912,0.5581256503522093,0.9415976728574625
val,P090,P090/seq0/000000,59,-4,-5.73206860867225,-4.364986409327912,0.5572274860293502,0.9416638674280595
val,P090,P090/seq0/000000,61,-6,-7.757547775057219,-6.364986409327912,0.5566217247382614,0.9404121863799283
val,P090,P090/seq0/000000,63,-8,-9.734590831111404,-8.364986409327912,0.5568358932765282,0.9393057110862262
val,P090,P090/seq0/000000,65,-10,-11.813131891751368,-10.364986409327912,0.5546511817561586,0.9395296752519597
val,P090,P090/seq0/000000,68,-13,-15.00567019720009,-13.364986409327912,0.5539013027624369,0.9408463351666854
val,P090,P090/seq0/000000,71,-16,-17.841412363529997,-16.364986409327912,0.5561197704143961,0.9411764705882353
val,P090,P090/seq0/000000,75,-20,-21.76106770434083,-20.364986409327912,0.5570081429385748,0.9407798629059445
val,P090,P090/seq0/000000,80,-25,-26.56794883582765,-25.364986409327912,0.5582589522910354,0.9357054385767368
val,P090,P090/seq0/000000,87,-32,-33.42415874426513,-32.36498640932791,0.5602318690047798,0.9366372482462095
val,P090,P090/seq0/000000,95,-40,-41.496523564402395,-40.36498640932791,0.5599947170372438,0.9326507394766781
val,P090,P090/seq0/000031,49,2,4.059105658652811,1.6813712072961806,0.5577522124677481,0.9220763864254464
val,P090,P090/seq0/000031,47,4,6.2993894092227976,3.6813712072961806,0.5601180459609667,0.9208072701522483
val,P090,P090/seq0/000031,45,6,8.067203426098061,5.681371207296181,0.5586021948847195,0.924736280668484
val,P090,P090/seq0/000031,43,8,10.021480205152045,7.681371207296181,0.5581978264911704,0.9247030878859858
val,P090,P090/seq0/000031,41,10,12.016479662559135,9.68137120729618,0.5605244919807264,0.923606168446026
val,P090,P090/seq0/000031,38,13,15.115041910799462,12.68137120729618,0.5608342259056992,0.922474177846373
val,P090,P090/seq0/000031,35,16,18.041462472552254,15.68137120729618,0.5590188556506459,0.9224199288256227
val,P090,P090/seq0/000031,31,20,22.266747787104265,19.68137120729618,0.5601007534406605,0.9208972845336482
val,P090,P090/seq0/000031,26,25,26.911900604876365,24.68137120729618,0.5605075639942223,0.9242280285035629
val,P090,P090/seq0/000031,19,32,33.91827714228525,31.68137120729618,0.5602819215836555,0.9230220955096222
val,P090,P090/seq0/000031,11,40,41.78766206575919,39.68137120729618,0.5707870419087638,0.924800381360982
val,P090,P090/seq0/000031,53,-2,0.07281650815312446,-2.3186287927038336,0.5589530552518511,0.9224557653485335
val,P090,P090/seq0/000031,55,-4,-1.80835198476683,-4.318628792703834,0.5613922156376355,0.9220178041543027
val,P090,P090/seq0/000031,57,-6,-4.034969171813515,-6.318628792703834,0.5600016015511883,0.9252702863252941
val,P090,P090/seq0/000031,59,-8,-6.003534612849904,-8.318628792703834,0.5588061109181531,0.9254547616216859
val,P090,P090/seq0/000031,61,-10,-7.969435050393258,-10.318628792703834,0.5582257269806448,0.9258160237388724
val,P090,P090/seq0/000031,64,-13,-10.876656710867195,-13.318628792703834,0.558382082706537,0.9229129662522203
val,P090,P090/seq0/000031,67,-16,-14.01803737528084,-16.318628792703834,0.5567648498529828,0.9245036262037808
val,P090,P090/seq0/000031,71,-20,-17.793512825801173,-20.318628792703834,0.5613523132738811,0.9228020014295926
val,P090,P090/seq0/000031,76,-25,-22.94201344191643,-25.318628792703834,0.5595842847443935,0.9254480286738351
val,P090,P090/seq0/000031,83,-32,-29.70373276299088,-32.318628792703834,0.5611247706365959,0.9225983969374327
val,P090,P090/seq0/000031,91,-40,-37.928587114431565,-40.318628792703834,0.5610959791020081,0.9254269906182343
val,P090,P090/seq0/000062,45,2,2.6982261946497914,2.3880431530548805,0.5844653588875312,0.9257848417181137
val,P090,P090/seq0/000062,43,4,5.03175378114301,4.3880431530548805,0.5821273627122394,0.9222919937205651
val,P090,P090/seq0/000062,41,6,7.000648821658899,6.3880431530548805,0.5762102445318182,0.9208050182958704
val,P090,P090/seq0/000062,39,8,8.841872222826439,8.38804315305488,0.5764428622403637,0.9215711862194963
val,P090,P090/seq0/000062,37,10,10.42195996671002,10.38804315305488,0.5848094982503258,0.924908424908425
val,P090,P090/seq0/000062,34,13,13.311068335748502,13.38804315305488,0.5861837237846256,0.9263876131741241
val,P090,P090/seq0/000062,31,16,16.6104084001567,16.38804315305488,0.5852324311486381,0.9272272667456244
val,P090,P090/seq0/000062,27,20,21.007970896613813,20.38804315305488,0.580563175378881,0.9230165991373677
val,P090,P090/seq0/000062,22,25,25.596798213576292,25.38804315305488,0.5792207984193838,0.924101894186806
val,P090,P090/seq0/000062,15,32,32.508142531671396,32.38804315305488,0.5872412704155386,0.927169761622547
val,P090,P090/seq0/000062,7,40,40.70486692865478,40.38804315305488,0.6138586314695934,0.9221118661787768
val,P090,P090/seq0/000062,49,-2,-1.6588436552939072,-1.6119568469451337,0.5878276580719237,0.9267070920116003
val,P090,P090/seq0/000062,51,-4,-3.638597184635728,-3.6119568469451337,0.5865207542870957,0.9254552600550242
val,P090,P090/seq0/000062,53,-6,-5.571424957333193,-5.611956846945134,0.5850340094008943,0.9242245779348253
val,P090,P090/seq0/000062,55,-8,-7.128035732243177,-7.611956846945134,0.5784566919111481,0.9212690951821386
val,P090,P090/seq0/000062,57,-10,-8.974299300616678,-9.611956846945134,0.5786779883486416,0.9200784826684107
val,P090,P090/seq0/000062,60,-13,-12.193348002610605,-12.611956846945134,0.5855875864223518,0.9240456513183786
val,P090,P090/seq0/000062,63,-16,-15.391616234711194,-15.611956846945134,0.5899019452092044,0.9257353911093523
val,P090,P090/seq0/000062,67,-20,-19.544803874649403,-19.611956846945134,0.5894684923806379,0.9242902208201893
val,P090,P090/seq0/000062,72,-25,-23.918190776129137,-24.611956846945134,0.5833508022451969,0.9172676019404746
val,P090,P090/seq0/000062,79,-32,-31.25692495753779,-31.611956846945134,0.5966152014512283,0.922873045322025
val,P090,P090/seq0/000062,87,-40,-39.0515449997055,-39.611956846945134,0.5920570237777087,0.9189260331666228
val,P090,P090/seq0/000093,47,2,-0.6831626025265791,2.4420144593614594,0.598602937016883,0.9015151515151515
val,P090,P090/seq0/000093,45,4,1.4724357795569603,4.4420144593614594,0.5981149318860586,0.9038235677932924
val,P090,P090/seq0/000093,43,6,3.6232097132256342,6.4420144593614594,0.5975785552318438,0.9045697174847025
val,P090,P090/seq0/000093,41,8,5.845262352244902,8.44201445936146,0.5911417454477906,0.905787697897742
val,P090,P090/seq0/000093,39,10,7.77750018592468,10.44201445936146,0.5873563376234067,0.9044965660230659
val,P090,P090/seq0/000093,36,13,10.401857893167048,13.44201445936146,0.5958072530885707,0.9022302904564315
val,P090,P090/seq0/000093,33,16,13.215728562386488,16.44201445936146,0.5978537189308991,0.9018892508143322
val,P090,P090/seq0/000093,29,20,17.424862360456686,20.44201445936146,0.5985119807459467,0.9039415296267294
val,P090,P090/seq0/000093,24,25,22.817038920430818,25.44201445936146,0.5884156468913752,0.9049222797927461
val,P090,P090/seq0/000093,17,32,29.173707748057666,32.44201445936146,0.5993402424281206,0.9014341590612777
val,P090,P090/seq0/000093,9,40,37.70583618709644,40.44201445936146,0.6003961984673429,0.9051208734078503
val,P090,P090/seq0/000093,51,-2,-4.7814573782947605,-1.5579855406385263,0.6025007887111099,0.9004295197188599
val,P090,P090/seq0/000093,53,-4,-6.452083577963975,-3.5579855406385263,0.5949153352886491,0.9032676348547718
val,P090,P090/seq0/000093,55,-6,-8.204657055144565,-5.557985540638526,0.5881332694530953,0.9038112522686026
val,P090,P090/seq0/000093,57,-8,-10.127099189170195,-7.557985540638526,0.592464853013214,0.9056701699753471
val,P090,P090/seq0/000093,59,-10,-12.315880032522472,-9.557985540638526,0.5984723324266842,0.9044270833333333
val,P090,P090/seq0/000093,62,-13,-15.483275800083959,-12.557985540638526,0.601197532044106,0.902416721097322
val,P090,P090/seq0/000093,65,-16,-18.675000117878938,-15.557985540638526,0.6025815251267644,0.9019966070729479
val,P090,P090/seq0/000093,69,-20,-22.322170124742826,-19.557985540638526,0.5984484310556943,0.9017160686427457
val,P090,P090/seq0/000093,74,-25,-26.981926296813896,-24.557985540638526,0.6025155371421147,0.9033854166666667
val,P090,P090/seq0/000093,81,-32,-34.516885620996334,-31.557985540638526,0.602769704014851,0.9017658600392413
val,P090,P090/seq0/000093,89,-40,-41.93523645856081,-39.557985540638526,0.6002255118711953,0.9025600835945663
test,P095,P095/seq0/000000,46,2,-2.925045260529714,1.9843123408456194,0.2665101046497419,0.7977077363896848
test,P095,P095/seq0/000000,44,4,-0.17306525874992928,3.9843123408456194,0.27060227697375494,0.7995463566770626
test,P095,P095/seq0/000000,42,6,1.4145992965474647,5.984312340845619,0.2760094725093751,0.80625
test,P095,P095/seq0/000000,40,8,4.116916742118946,7.984312340845619,0.27229136480132804,0.818521714121369
test,P095,P095/seq0/000000,38,10,5.229694452256808,9.98431234084562,0.274280753911364,0.8197776477472206
test,P095,P095/seq0/000000,35,13,7.9486606693168795,12.98431234084562,0.2640762789914265,0.8098927294398093
test,P095,P095/seq0/000000,32,16,11.2561338954374,15.98431234084562,0.26051885710353445,0.7988286969253294
test,P095,P095/seq0/000000,28,20,15.864584236195867,19.98431234084562,0.27028721474034,0.7993168232280102
test,P095,P095/seq0/000000,23,25,20.711412139331642,24.98431234084562,0.2731152411889591,0.8209733487833141
test,P095,P095/seq0/000000,16,32,27.242146429350797,31.98431234084562,0.2610943743925747,0.8002346729246114
test,P095,P095/seq0/000000,8,40,36.16399317174461,39.98431234084562,0.2742250242276042,0.8221320973348784
test,P095,P095/seq0/000000,50,-2,-7.473700830312055,-2.015687659154395,0.26439496866465384,0.8034647550776584
test,P095,P095/seq0/000000,52,-4,-8.786572317609028,-4.015687659154395,0.26748253708792896,0.8127021464275214
test,P095,P095/seq0/000000,54,-6,-10.871843733928955,-6.015687659154395,0.27218711341313157,0.8144060412431019
test,P095,P095/seq0/000000,56,-8,-12.186523272456839,-8.015687659154395,0.2735241993686397,0.8113045960605195
test,P095,P095/seq0/000000,58,-10,-14.736040003918816,-10.015687659154395,0.2742254025653155,0.8065518215193448
test,P095,P095/seq0/000000,61,-13,-18.31991561904445,-13.015687659154395,0.2681383615073453,0.7980823463056965
test,P095,P095/seq0/000000,64,-16,-21.217960455627804,-16.015687659154395,0.26159663588877896,0.7974426038942168
test,P095,P095/seq0/000000,68,-20,-24.83285417227671,-20.015687659154395,0.2669777728578115,0.8131803471609297
test,P095,P095/seq0/000000,73,-25,-29.269218792286296,-25.015687659154395,0.27369695725309445,0.8075818495117748
test,P095,P095/seq0/000000,80,-32,-36.74614761724425,-32.015687659154395,0.2605945171300423,0.7965902410346855
test,P095,P095/seq0/000000,88,-40,-43.29992699708339,-40.015687659154395,0.2722504437858866,0.7942925089179548
test,P095,P095/seq0/000025,43,2,-0.8594111175073351,2.493724857593719,0.2781333748266186,0.7844011142061281
test,P095,P095/seq0/000025,41,4,1.7784767239962065,4.493724857593719,0.27915476185001215,0.7897091722595079
test,P095,P095/seq0/000025,39,6,3.8836652800503657,6.493724857593719,0.27978227438332953,0.7992159059087091
test,P095,P095/seq0/000025,37,8,5.0851980173192,8.493724857593719,0.2720913179337367,0.7904191616766467
test,P095,P095/seq0/000025,35,10,6.500269787654133,10.493724857593719,0.2695185109220662,0.7788071800810654
test,P095,P095/seq0/000025,32,13,9.322829333711013,13.493724857593719,0.2677496406153616,0.7763422337065748
test,P095,P095/seq0/000025,29,16,12.765570047036206,16.49372485759372,0.272760748101491,0.7786259541984732
test,P095,P095/seq0/000025,25,20,17.87960875049295,20.49372485759372,0.2800566912634964,0.7905803195962994
test,P095,P095/seq0/000025,20,25,21.842357850949625,25.49372485759372,0.2721202175580326,0.7846420323325635
test,P095,P095/seq0/000025,13,32,28.776107108228288,32.49372485759372,0.27313878768970123,0.779257580051006
test,P095,P095/seq0/000025,5,40,37.058690164221744,40.49372485759372,0.2740802349697385,0.7900315095961042
test,P095,P095/seq0/000025,47,-2,-5.614006528135349,-1.506275142406281,0.26663863736282434,0.7775891341256367
test,P095,P095/seq0/000025,49,-4,-8.088269557451298,-3.506275142406281,0.26509596362076004,0.7714038627846642
test,P095,P095/seq0/000025,51,-6,-9.71842646277588,-5.506275142406281,0.26845466387208594,0.7788683602771362
test,P095,P095/seq0/000025,53,-8,-11.111522350920154,-7.506275142406281,0.27088795674812016,0.7888446215139442
test,P095,P095/seq0/000025,55,-10,-12.282748929351158,-9.506275142406281,0.27887668862914694,0.7946353730092205
test,P095,P095/seq0/000025,58,-13,-16.180731305583407,-12.506275142406281,0.2833440251123423,0.7775628626692457
test,P095,P095/seq0/000025,61,-16,-19.563368181582575,-15.506275142406281,0.2721644840452942,0.7719003638399105
test,P095,P095/seq0/000025,65,-20,-24.478978284106944,-19.50627514240628,0.26555040929985296,0.7671547516508757
test,P095,P095/seq0/000025,70,-25,-28.25749444401734,-24.50627514240628,0.273889766624301,0.7791324071448823
test,P095,P095/seq0/000025,77,-32,-35.235161950581755,-31.50627514240628,0.274309390666827,0.7647727272727273
test,P095,P095/seq0/000025,85,-40,-43.16441467401128,-39.50627514240628,0.2744015666883151,0.7591884739782417
test,P095,P095/seq0/000050,38,2,-1.4880140153522916,2.397903384241431,0.32082994583675456,0.842566510172144
test,P095,P095/seq0/000050,36,4,1.0085159054612092,4.397903384241431,0.305359597600643,0.8543025784405095
test,P095,P095/seq0/000050,34,6,3.0401092363123468,6.397903384241431,0.3107124507778986,0.8462261196367052
test,P095,P095/seq0/000050,32,8,4.918643917629879,8.397903384241431,0.3301602089870866,0.8385876418663304
test,P095,P095/seq0/000050,30,10,6.348868947149825,10.397903384241431,0.3500870686453824,0.8258516396052212
test,P095,P095/seq0/000050,27,13,9.757005376626552,13.397903384241431,0.34093953372333674,0.8334384858044164
test,P095,P095/seq0/000050,24,16,12.664376902949698,16.39790338424143,0.32123894155939414,0.8413793103448276
test,P095,P095/seq0/000050,20,20,16.960720483358912,20.39790338424143,0.30304575794018207,0.853325046612803
test,P095,P095/seq0/000050,15,25,21.672173870660743,25.39790338424143,0.3433105560447749,0.8304278922345484
test,P095,P095/seq0/000050,8,32,28.751422303981442,32.39790338424143,0.3193594615389721,0.8435544430538173
test,P095,P095/seq0/000050,0,40,36.884698961478904,40.39790338424143,0.32912293801843134,0.8393194706994329
test,P095,P095/seq0/000050,42,-2,-5.329401509547978,-1.602096615758569,0.3299381951679402,0.8356985178177231
test,P095,P095/seq0/000050,44,-4,-7.3578648988378745,-3.602096615758569,0.34378235625966985,0.831858407079646
test,P095,P095/seq0/000050,46,-6,-9.657966451799467,-5.602096615758569,0.35853915208293713,0.8233418367346939
test,P095,P095/seq0/000050,48,-8,-11.07306367631108,-7.602096615758569,0.33137960219163765,0.8374881666140739
test,P095,P095/seq0/000050,50,-10,-12.998774503190361,-9.602096615758569,0.3131101819083355,0.8447789275634995
test,P095,P095/seq0/000050,53,-13,-16.27116561904444,-12.602096615758569,0.316824208289521,0.845360824742268
test,P095,P095/seq0/000050,56,-16,-19.298752103356577,-15.602096615758569,0.3293814351668922,0.8384663733500943
test,P095,P095/seq0/000050,60,-20,-23.399879169644777,-19.60209661575857,0.35098194354000667,0.8264043160901301
test,P095,P095/seq0/000050,65,-25,-27.97340453715111,-24.60209661575857,0.3364774520820451,0.8324358568261008
test,P095,P095/seq0/000050,72,-32,-35.05493333421899,-31.60209661575857,0.34376501119273717,0.8239414199299586
test,P095,P095/seq0/000050,80,-40,-42.695087103391444,-39.60209661575857,0.3613881522901022,0.8096930533117932
test,P095,P095/seq0/000075,42,2,-4.557150019259609,2.363039302440427,0.3809226530826767,0.7628361858190709
test,P095,P095/seq0/000075,40,4,-2.406044073922885,4.363039302440427,0.37926953343155423,0.7642559109874826
test,P095,P095/seq0/000075,38,6,-0.46744043618133446,6.363039302440427,0.36465029910041186,0.7716155700998967
test,P095,P095/seq0/000075,36,8,1.8840291861503715,8.363039302440427,0.3550287503698187,0.7818619031260735
test,P095,P095/seq0/000075,34,10,3.683221732734225,10.363039302440427,0.3656066758293351,0.7789692148045659
test,P095,P095/seq0/000075,31,13,6.455184648335248,13.363039302440427,0.39344966056478115,0.7648902821316614
test,P095,P095/seq0/000075,28,16,9.405370791834955,16.363039302440427,0.3924789040545131,0.761371588523443
test,P095,P095/seq0/000075,24,20,13.609867650096945,20.363039302440427,0.37747800983398533,0.7645833333333333
test,P095,P095/seq0/000075,19,25,18.853176307685544,25.363039302440427,0.3596817319460384,0.7868403015764222
test,P095,P095/seq0/000075,12,32,25.461224953346132,32.36303930244043,0.39089941987434684,0.7626703949667948
test,P095,P095/seq0/000075,4,40,33.92823779004647,40.36303930244043,0.352768538551901,0.7845152449468996
test,P095,P095/seq0/000075,46,-2,-8.92494054300522,-1.636960697559573,0.39353578968228825,0.7556022408963585
test,P095,P095/seq0/000075,48,-4,-10.39388484671943,-3.636960697559573,0.3871365950897141,0.769445413324032
test,P095,P095/seq0/000075,50,-6,-12.305460016507453,-5.636960697559573,0.3682908391233205,0.7772774506408036
test,P095,P095/seq0/000075,52,-8,-14.14941661428037,-7.636960697559573,0.36276254407730113,0.7803030303030303
test,P095,P095/seq0/000075,54,-10,-16.44869583449372,-9.636960697559573,0.36783455830780787,0.770293609671848
test,P095,P095/seq0/000075,57,-13,-19.331769009779975,-12.636960697559573,0.3828010047409926,0.7664462234597981
test,P095,P095/seq0/000075,60,-16,-22.5468883429225,-15.636960697559573,0.3959432269595317,0.7607017543859649
test,P095,P095/seq0/000075,64,-20,-26.437000714181863,-19.636960697559573,0.39538041237902877,0.7665260196905767
test,P095,P095/seq0/000075,69,-25,-30.93845420255394,-24.636960697559573,0.37715358168087026,0.7807412538967786
test,P095,P095/seq0/000075,76,-32,-38.42545374391261,-31.636960697559573,0.4130336726872149,0.7546362339514978
test,P095,P095/seq0/000075,84,-40,-45.73614466116635,-39.63696069755957,0.393034927866184,0.7798165137614679
test,P097,P097/seq0/000000,29,2,9.277807987993683,1.9015696010535805,0.5488567350509068,0.7893002519868192
test,P097,P097/seq0/000000,27,4,11.151428429902097,3.9015696010535805,0.5481747643893878,0.7892185379096374
test,P097,P097/seq0/000000,25,6,13.015232097305216,5.9015696010535805,0.5455539255916867,0.7857142857142857
test,P097,P097/seq0/000000,23,8,14.779589970105775,7.9015696010535805,0.5477866536963715,0.7840339375241033
test,P097,P097/seq0/000000,21,10,16.70801270263388,9.90156960105358,0.5459553519785182,0.786252172234022
test,P097,P097/seq0/000000,18,13,20.150537122658307,12.90156960105358,0.5442834329863,0.7824918410443463
test,P097,P097/seq0/000000,15,16,23.38199877753459,15.90156960105358,0.5432303490740915,0.7802914110429447
test,P097,P097/seq0/000000,11,20,27.165751861667815,19.90156960105358,0.5477952956724935,0.7886777820860799
test,P097,P097/seq0/000000,6,25,31.588280919630648,24.90156960105358,0.5494952427187291,0.7868471953578337
test,P097,P097/seq0/000000,-1,32,39.26328970637371,31.90156960105358,0.5599602318832793,0.7817902420284287
test,P097,P097/seq0/000000,-9,40,46.49008207231613,39.90156960105358,0.6536866144944523,0.7872093023255814
test,P097,P097/seq0/000000,33,-2,5.309825698303612,-2.0984303989464195,0.5420605006515175,0.7810764221413522
test,P097,P097/seq0/000000,35,-4,2.9878986881496417,-4.0984303989464195,0.5433770930026569,0.7833941956563522
test,P097,P097/seq0/000000,37,-6,0.6453275540212644,-6.0984303989464195,0.5472714881707911,0.7872463768115942
test,P097,P097/seq0/000000,39,-8,-1.256410374289203,-8.09843039894642,0.5489724215990539,0.786252172234022
test,P097,P097/seq0/000000,41,-10,-3.0450593495524743,-10.09843039894642,0.5456618319025157,0.7867902665121669
test,P097,P097/seq0/000000,44,-13,-5.783586634621315,-13.09843039894642,0.5470571402578149,0.7898410236525785
test,P097,P097/seq0/000000,47,-16,-8.707796991480308,-16.09843039894642,0.5437054849048039,0.7823416506717851
test,P097,P097/seq0/000000,51,-20,-13.01217777297498,-20.09843039894642,0.5424547014043992,0.7837941628264209
test,P097,P097/seq0/000000,56,-25,-18.122314405948856,-25.09843039894642,0.5480228655830303,0.7885471077577868
test,P097,P097/seq0/000000,63,-32,-24.739281544171263,-32.09843039894642,0.5483469784461104,0.7873285686691134
test,P097,P097/seq0/000000,71,-40,-33.08171071789732,-40.09843039894642,0.5551083532829357,0.7943815840811549
test,P097,P097/seq0/000018,19,2,17.89286847186466,2.0879026388412285,0.5366403937832132,0.7237221939208694
test,P097,P097/seq0/000018,17,4,20.071750929913136,4.0879026388412285,0.5362379136569778,0.7201625190452006
test,P097,P097/seq0/000018,15,6,22.20672108380495,6.0879026388412285,0.5390877638812113,0.7200677392040643
test,P097,P097/seq0/000018,13,8,24.217444908466774,8.087902638841229,0.539413467578126,0.719741979290443
test,P097,P097/seq0/000018,11,10,26.159749763151225,10.087902638841229,0.5391543262263107,0.7201772324471711
test,P097,P097/seq0/000018,8,13,28.87571310172862,13.087902638841229,0.5402882786218309,0.7234188034188034
test,P097,P097/seq0/000018,5,16,31.595263976596513,16.08790263884123,0.542486078400193,0.728110599078341
test,P097,P097/seq0/000018,1,20,35.95591581029737,20.08790263884123,0.540888135469237,0.7219959266802444
test,P097,P097/seq0/000018,-4,25,41.04699899236938,25.08790263884123,0.5813414862776406,0.720942140296979
test,P097,P097/seq0/000018,-11,32,47.37212442424561,32.08790263884123,0.6825560934574186,0.7306045555745847
test,P097,P097/seq0/000018,-19,40,55.971954859093344,40.08790263884123,0.7030686077627633,0.7225630538513974
test,P097,P097/seq0/000018,23,-2,13.738416876792002,-1.9120973611587715,0.5398521267413628,0.7258753202391118
test,P097,P097/seq0/000018,25,-4,12.03911295484069,-3.9120973611587715,0.5407619947739555,0.7217198430301996
test,P097,P097/seq0/000018,27,-6,10.15314391225472,-5.9120973611587715,0.5379595859625116,0.7205180640763463
test,P097,P097/seq0/000018,29,-8,8.18068097186466,-7.9120973611587715,0.5396483722186107,0.7203260315843097
test,P097,P097/seq0/000018,31,-10,6.18947859183973,-9.912097361158771,0.5384120859251876,0.7199050525601899
test,P097,P097/seq0/000018,34,-13,2.918753126177947,-12.912097361158771,0.5358051999107108,0.7220338983050848
test,P097,P097/seq0/000018,37,-16,-0.37626785245116423,-15.912097361158771,0.5400841267967756,0.7269938650306749
test,P097,P097/seq0/000018,41,-20,-4.040149374022519,-19.91209736115877,0.5407916700110463,0.7222790856363016
test,P097,P097/seq0/000018,46,-25,-8.884952505684453,-24.91209736115877,0.5393245846687829,0.7215061058344641
test,P097,P097/seq0/000018,53,-32,-16.387838392115185,-31.91209736115877,0.5396453501642472,0.7270247229326513
test,P097,P097/seq0/000018,61,-40,-23.786780726752568,-39.91209736115877,0.539180641157613,0.7181059444728326
test,P097,P097/seq0/000036,15,2,6.382847408426528,2.2080072824621766,0.6862945715460386,0.8862833733578189
test,P097,P097/seq0/000036,13,4,8.334972100095271,4.208007282462177,0.6883415836554234,0.8852737303720469
test,P097,P097/seq0/000036,11,6,10.164248282277782,6.208007282462177,0.690242999845753,0.888449590511155
test,P097,P097/seq0/000036,9,8,12.175101020105288,8.208007282462177,0.688642226261281,0.8874434389140271
test,P097,P097/seq0/000036,7,10,14.518545054679805,10.208007282462177,0.680848628996654,0.8820208862545865
test,P097,P097/seq0/000036,4,13,17.390950658838264,13.208007282462177,0.6838223773482154,0.8829817158931083
test,P097,P097/seq0/000036,1,16,20.07739919100395,16.208007282462177,0.6854693948678494,0.888135593220339
test,P097,P097/seq0/000036,-3,20,24.32326619913738,20.208007282462177,0.6885260642507565,0.8853989813242784
test,P097,P097/seq0/000036,-8,25,29.293716230093935,25.208007282462177,0.6877802022904828,0.8851809954751131
test,P097,P097/seq0/000036,-15,32,36.00385694704195,32.20800728246218,0.7302310820754069,0.8890145624204722
test,P097,P097/seq0/000036,-23,40,44.05511932607878,40.20800728246218,0.7315684281893228,0.888385269121813
test,P097,P097/seq0/000036,19,-2,2.207440969756135,-1.7919927175378234,0.6869488380884152,0.8847290640394089
test,P097,P097/seq0/000036,21,-4,0.6152151699778585,-3.7919927175378234,0.6824103876850093,0.8806874207634878
test,P097,P097/seq0/000036,23,-6,-1.4419104937012435,-5.791992717537823,0.6807467875887935,0.8816810040896912
test,P097,P097/seq0/000036,25,-8,-3.793967576293994,-7.791992717537823,0.6885100415926847,0.8872562870867476
test,P097,P097/seq0/000036,27,-10,-5.77739857840362,-9.791992717537823,0.6891822256573991,0.8872901678657075
test,P097,P097/seq0/000036,30,-13,-8.560199902993787,-12.791992717537823,0.6852876869297733,0.8850282485875707
test,P097,P097/seq0/000036,33,-16,-11.884062013009526,-15.791992717537823,0.6860599425941802,0.8869442484121384
test,P097,P097/seq0/000036,37,-20,-15.359047644244413,-19.791992717537823,0.6807928110268473,0.8799437016185785
test,P097,P097/seq0/000036,42,-25,-20.80101816424255,-24.791992717537823,0.6876432597731863,0.8862258564782179
test,P097,P097/seq0/000036,49,-32,-28.08757004468049,-31.791992717537823,0.6855195959977302,0.8847343266797864
test,P097,P097/seq0/000036,57,-40,-35.56631282611659,-39.79199271753782,0.6898169004043025,0.8826610049539986
test,P097,P097/seq0/000054,15,2,5.898472738100239,2.0883082732563594,0.6810176616557329,0.8604053668284328
test,P097,P097/seq0/000054,13,4,8.03452779664616,4.088308273256359,0.6829610300115676,0.8590623213264723
test,P097,P097/seq0/000054,11,6,9.911895370598828,6.088308273256359,0.687307399376586,0.8580810965162764
test,P097,P097/seq0/000054,9,8,11.857360637307906,8.08830827325636,0.6844007509766427,0.8588184809040195
test,P097,P097/seq0/000054,7,10,14.031159176902648,10.08830827325636,0.6761662238472512,0.8566123964581548
test,P097,P097/seq0/000054,4,13,17.08734246091268,13.08830827325636,0.6797742863724682,0.8567760342368046
test,P097,P097/seq0/000054,1,16,19.80665337924607,16.08830827325636,0.6817878698844153,0.8599543639475186
test,P097,P097/seq0/000054,-3,20,24.03467019114312,20.08830827325636,0.6829307079848087,0.8592253823067029
test,P097,P097/seq0/000054,-8,25,28.977809082724377,25.08830827325636,0.682286369920798,0.8578382247673586
test,P097,P097/seq0/000054,-15,32,35.76340180285651,32.08830827325636,0.7350319985288931,0.860445205479452
test,P097,P097/seq0/000054,-23,40,43.75101506631381,40.08830827325636,0.7321476455629642,0.8593123209169055
test,P097,P097/seq0/000054,19,-2,1.857505709626892,-1.9116917267436406,0.6801273667648947,0.8573462414578588
test,P097,P097/seq0/000054,21,-4,0.17888977908172876,-3.9116917267436406,0.6773708042380473,0.8570613409415121
test,P097,P097/seq0/000054,23,-6,-1.9530794946425374,-5.911691726743641,0.6757542172738198,0.8563267637817766
test,P097,P097/seq0/000054,25,-8,-4.1214648849958735,-7.911691726743641,0.6842809494423553,0.8585323987984551
test,P097,P097/seq0/000054,27,-10,-6.05108892408586,-9.91169172674364,0.6873972475071606,0.8573875802997859
test,P097,P097/seq0/000054,30,-13,-8.961241611163786,-12.91169172674364,0.6831003652857905,0.8583261925164238
test,P097,P097/seq0/000054,33,-16,-12.164043344404632,-15.91169172674364,0.680969615010147,0.8591388651268891
test,P097,P097/seq0/000054,37,-20,-15.902585755458972,-19.91169172674364,0.6769568338760761,0.8557185586098847
test,P097,P097/seq0/000054,42,-25,-21.075252315835428,-24.91169172674364,0.6849163608520706,0.856490727532097
test,P097,P097/seq0/000054,49,-32,-28.26120704532852,-31.91169172674364,0.6821182167954649,0.8573868488471392
test,P097,P097/seq0/000054,57,-40,-35.78458085245967,-39.91169172674364,0.6827631234583903,0.8566915565766801
val,P101,P101/seq0/000000,15,2,7.9958182382197975,1.6664101385313188,0.312361872804013,0.7529411764705882
val,P101,P101/seq0/000000,13,4,10.224975011288933,3.666410138531319,0.3124918075222659,0.7491065046461758
val,P101,P101/seq0/000000,11,6,12.166947502091361,5.666410138531319,0.3219441816346887,0.7453371592539455
val,P101,P101/seq0/000000,9,8,14.463753688978315,7.666410138531319,0.32365204782326373,0.7418655097613883
val,P101,P101/seq0/000000,7,10,16.16667646155537,9.666410138531319,0.3284599017256744,0.7478197674418605
val,P101,P101/seq0/000000,4,13,18.838193084267758,12.666410138531319,0.3268030561182185,0.7612809315866085
val,P101,P101/seq0/000000,1,16,22.129616889586174,15.666410138531319,0.31372344808886815,0.7525179856115108
val,P101,P101/seq0/000000,-3,20,26.210375907681808,19.66641013853132,0.3138491465001681,0.7493743296388988
val,P101,P101/seq0/000000,-8,25,31.332001536380787,24.66641013853132,0.333288931597477,0.7454545454545455
val,P101,P101/seq0/000000,-15,32,38.074007431255524,31.66641013853132,0.265881177872756,0.7536023054755043
val,P101,P101/seq0/000000,-23,40,46.41234270361882,39.66641013853132,0.21088788303187075,0.7422157856625634
val,P101,P101/seq0/000000,19,-2,3.8143548708283816,-2.333589861468681,0.3247877248165836,0.7572886297376094
val,P101,P101/seq0/000000,21,-4,2.1570673244826253,-4.333589861468681,0.32881566021885583,0.7564615944666909
val,P101,P101/seq0/000000,23,-6,0.2057653932057235,-6.333589861468681,0.328359495290929,0.7480916030534351
val,P101,P101/seq0/000000,25,-8,-1.545879531330229,-8.333589861468681,0.32631610369907593,0.7421338155515371
val,P101,P101/seq0/000000,27,-10,-3.832422774986725,-10.333589861468681,0.32209957107063963,0.7453371592539455
val,P101,P101/seq0/000000,30,-13,-6.867733163649376,-13.333589861468681,0.31126343472325996,0.754367201426025
val,P101,P101/seq0/000000,33,-16,-9.889462877341685,-16.33358986146868,0.31682835678815685,0.7553153153153153
val,P101,P101/seq0/000000,37,-20,-13.819479829106228,-20.33358986146868,0.3292584715958661,0.7570127504553734
val,P101,P101/seq0/000000,42,-25,-18.679876781299896,-25.33358986146868,0.3227083759471142,0.7446043165467626
val,P101,P101/seq0/000000,49,-32,-25.886652467221637,-32.33358986146868,0.31801076138007606,0.7572046109510087
val,P101,P101/seq0/000000,57,-40,-33.573704584222014,-40.33358986146868,0.3248528713405896,0.7475622968580715
val,P101,P101/seq0/000036,14,2,10.107123824509486,1.9874278629452675,0.2605411781138761,0.6586782861292665
val,P101,P101/seq0/000036,12,4,12.249016654822043,3.9874278629452675,0.26250445158883834,0.6589427950760318
val,P101,P101/seq0/000036,10,6,14.062792027488499,5.9874278629452675,0.27493759823238484,0.6437522377372001
val,P101,P101/seq0/000036,8,8,16.135501047622228,7.9874278629452675,0.2699171564139255,0.6434659090909091
val,P101,P101/seq0/000036,6,10,17.99751580968595,9.987427862945268,0.2697087660783872,0.6442857142857142
val,P101,P101/seq0/000036,3,13,20.87775445417094,12.987427862945268,0.26452199541005,0.6481283422459893
val,P101,P101/seq0/000036,0,16,23.969359559616024,15.987427862945268,0.2625733700934326,0.6576416102600642
val,P101,P101/seq0/000036,-4,20,28.2442604103841,19.987427862945268,0.2624111306219615,0.658695652173913
val,P101,P101/seq0/000036,-9,25,33.100868166241185,24.987427862945268,0.2925900170501858,0.6416845110635261
val,P101,P101/seq0/000036,-16,32,39.969359559616024,31.987427862945268,0.29081004203430877,0.6576416102600642
val,P101,P101/seq0/000036,-24,40,48.011762936584844,39.98742786294527,0.2248048824525738,0.6448398576512455
val,P101,P101/seq0/000036,18,-2,5.612825079660027,-2.0125721370547183,0.2677867932389843,0.6545584045584045
val,P101,P101/seq0/000036,20,-4,3.9898651263658707,-4.012572137054718,0.26594404372418273,0.6469750889679715
val,P101,P101/seq0/000036,22,-6,1.9462425521834774,-6.012572137054718,0.2745587989890237,0.6442617089739006
val,P101,P101/seq0/000036,24,-8,0.08525318060252118,-8.012572137054718,0.27199534124043523,0.6439232409381663
val,P101,P101/seq0/000036,26,-10,-1.9519590481107514,-10.012572137054718,0.27530399992473065,0.6430361618331543
val,P101,P101/seq0/000036,29,-13,-4.5343306022094225,-13.012572137054718,0.25701118020351627,0.657393850658858
val,P101,P101/seq0/000036,32,-16,-7.983286831165657,-16.01257213705472,0.26403821054286103,0.6583806818181818
val,P101,P101/seq0/000036,36,-20,-12.06535980881577,-20.01257213705472,0.2671988664214333,0.647226173541963
val,P101,P101/seq0/000036,41,-25,-16.85940078241407,-25.01257213705472,0.27412199183665115,0.643112062812277
val,P101,P101/seq0/000036,48,-32,-24.054834841388356,-32.01257213705472,0.2669946160579787,0.6574663835810333
val,P101,P101/seq0/000036,56,-40,-31.921380930049224,-40.01257213705472,0.28092452459228995,0.642706131078224
val,P101,P101/seq0/000072,11,2,13.826293179466987,1.6038460359672229,0.3108812895345848,0.5716457620676549
val,P101,P101/seq0/000072,9,4,15.498188512079125,3.603846035967223,0.3194031405951037,0.5835913312693498
val,P101,P101/seq0/000072,7,6,17.491334983800996,5.603846035967223,0.3162557786818887,0.5907692307692308
val,P101,P101/seq0/000072,5,8,19.148351407305142,7.603846035967223,0.3146471115663508,0.5986816595579683
val,P101,P101/seq0/000072,3,10,21.240198312670373,9.603846035967223,0.3050905854984305,0.5898897757506651
val,P101,P101/seq0/000072,0,13,24.09168738518524,12.603846035967223,0.30371659584207433,0.5997745208568207
val,P101,P101/seq0/000072,-3,16,27.368462081008246,15.603846035967223,0.3088439939653981,0.5822306238185255
val,P101,P101/seq0/000072,-7,20,31.50226020546573,19.603846035967223,0.32786240692887897,0.5831399845320959
val,P101,P101/seq0/000072,-12,25,36.15860137359108,24.603846035967223,0.2880363740603363,0.5981524249422633
val,P101,P101/seq0/000072,-19,32,43.27100962173546,31.603846035967223,0.237752456193553,0.5833333333333334
val,P101,P101/seq0/000072,-27,40,51.07784192095434,39.60384603596722,0.18360238445703053,0.5988349514563107
val,P101,P101/seq0/000072,15,-2,9.291489503610691,-2.396153964032777,0.3048610391205448,0.5871766029246345
val,P101,P101/seq0/000072,17,-4,7.046504579398459,-4.396153964032777,0.3045022216110671,0.5935727788279773
val,P101,P101/seq0/000072,19,-6,5.244288926410107,-6.396153964032777,0.3053960493055928,0.5896656534954408
val,P101,P101/seq0/000072,21,-8,3.153990783692606,-8.396153964032777,0.31449240462993844,0.5984496124031008
val,P101,P101/seq0/000072,23,-10,1.5417341818845642,-10.396153964032777,0.31603633793543845,0.590227010388611
val,P101,P101/seq0/000072,26,-13,-1.3685073532178649,-13.396153964032777,0.3180883734502347,0.5799769850402762
val,P101,P101/seq0/000072,29,-16,-4.654575443564653,-16.396153964032777,0.3092646792144531,0.581597879591064
val,P101,P101/seq0/000072,33,-20,-8.958966205554702,-20.396153964032777,0.3059364035501798,0.5957607872823618
val,P101,P101/seq0/000072,38,-25,-13.675929669461539,-25.396153964032777,0.31760534219486186,0.6003868471953578
val,P101,P101/seq0/000072,45,-32,-20.638206237999952,-32.39615396403278,0.30953431670931497,0.583427922814983
val,P101,P101/seq0/000072,53,-40,-28.83961309649996,-40.39615396403278,0.31675439792357923,0.6006191950464397
val,P101,P101/seq0/000108,8,2,8.432406515342919,2.4275352133368244,0.34172773416555374,0.7548337200309359
val,P101,P101/seq0/000108,6,4,10.448897424707923,4.427535213336824,0.33983756246042046,0.7496087636932708
val,P101,P101/seq0/000108,4,6,12.022794319322287,6.427535213336824,0.34619178707204434,0.7612648221343874
val,P101,P101/seq0/000108,2,8,14.288664335174005,8.427535213336824,0.3464621422649941,0.7579872204472844
val,P101,P101/seq0/000108,0,10,16.03147603836358,10.427535213336824,0.34484783114796613,0.7648702594810379
val,P101,P101/seq0/000108,-3,13,19.2857752178964,13.427535213336824,0.3333764264749278,0.7545844713226687
val,P101,P101/seq0/000108,-6,16,22.48970966523855,16.427535213336824,0.3342867179661139,0.7512533744697262
val,P101,P101/seq0/000108,-10,20,26.438565370686547,20.427535213336824,0.34338197169405027,0.7500977708251858
val,P101,P101/seq0/000108,-15,25,31.305762190367176,25.427535213336824,0.3309220464871722,0.7598881342389133
val,P101,P101/seq0/000108,-22,32,38.507311039432224,32.427535213336824,0.266002944372303,0.7509637625289128
val,P101,P101/seq0/000108,-30,40,46.257119102722626,40.427535213336824,0.2224652505195556,0.7588964414234306
val,P101,P101/seq0/000108,12,-2,4.075896268590441,-1.5724647866631756,0.33708261559833225,0.7589147286821706
val,P101,P101/seq0/000108,14,-4,2.261537445235362,-3.5724647866631756,0.33464404312345886,0.7579693034238488
val,P101,P101/seq0/000108,16,-6,0.0469377164689746,-5.572464786663176,0.3447540801251973,0.7651757188498403
val,P101,P101/seq0/000108,18,-8,-1.6703284705813815,-7.572464786663176,0.34592552195580173,0.7579872204472844
val,P101,P101/seq0/000108,20,-10,-3.9955672625986267,-9.572464786663176,0.3459441037822993,0.7620553359683795
val,P101,P101/seq0/000108,23,-13,-6.50577283248316,-12.572464786663176,0.3382081717402275,0.7532869296210364
val,P101,P101/seq0/000108,26,-16,-9.49268896056779,-15.572464786663176,0.33423815978222154,0.7509637625289128
val,P101,P101/seq0/000108,30,-20,-13.705882840241713,-19.572464786663176,0.33515834319669646,0.7573731812819504
val,P101,P101/seq0/000108,35,-25,-19.095680373759052,-24.572464786663176,0.35127793149399583,0.7532163742690059
val,P101,P101/seq0/000108,42,-32,-25.462276730155537,-31.572464786663176,0.33398741754225303,0.7518276260100039
val,P101,P101/seq0/000108,50,-40,-33.80049955887159,-39.572464786663176,0.34582631329701746,0.7576601671309192
val,P106,P106/seq0/000000,54,2,6.100832687199656,1.9930551996345542,0.5948774441858796,0.877269702443198
val,P106,P106/seq0/000000,52,4,8.086142611957811,3.9930551996345542,0.5909945147359951,0.8755585131666508
val,P106,P106/seq0/000000,50,6,10.230151997619544,5.993055199634554,0.5935037487464672,0.8729062174694805
val,P106,P106/seq0/000000,48,8,12.283428993031492,7.993055199634554,0.593555295070429,0.8731887489345582
val,P106,P106/seq0/000000,46,10,14.14195934034214,9.993055199634554,0.5952169953966064,0.8751542770340833
val,P106,P106/seq0/000000,43,13,17.0921158980061,12.993055199634554,0.5974394080944981,0.8756890325033264
val,P106,P106/seq0/000000,40,16,20.290458268147717,15.993055199634554,0.5970447885067032,0.8757239153137758
val,P106,P106/seq0/000000,36,20,24.175977168487847,19.993055199634554,0.592446640515497,0.8760205050313271
val,P106,P106/seq0/000000,31,25,29.146122659320113,24.993055199634554,0.5962859175262384,0.8755332258981894
val,P106,P106/seq0/000000,24,32,36.14812756358805,31.993055199634554,0.5974387077401759,0.8780302310105523
val,P106,P106/seq0/000000,16,40,43.877090704071705,39.993055199634554,0.5953656284121028,0.8797257404056756
val,P106,P106/seq0/000000,58,-2,2.179428285618229,-2.0069448003654315,0.5955218083493468,0.8740614010075088
val,P106,P106/seq0/000000,60,-4,0.027015542635552947,-4.0069448003654315,0.5953349784975295,0.8770523100420008
val,P106,P106/seq0/000000,62,-6,-1.9553237927093505,-6.0069448003654315,0.5937484654043185,0.8753805175038052
val,P106,P106/seq0/000000,64,-8,-3.8750779567067752,-8.006944800365432,0.590212107194745,0.8734934041947423
val,P106,P106/seq0/000000,66,-10,-5.946714119012029,-10.006944800365432,0.5902461895271314,0.873068537302114
val,P106,P106/seq0/000000,69,-13,-9.189752931013032,-13.006944800365432,0.5912546796092009,0.8783461941507097
val,P106,P106/seq0/000000,72,-16,-11.999979100644794,-16.00694480036543,0.5936569060311804,0.8752860411899314
val,P106,P106/seq0/000000,76,-20,-16.165323972539284,-20.00694480036543,0.5943065510781663,0.8759474239662285
val,P106,P106/seq0/000000,81,-25,-21.06651327031443,-25.00694480036543,0.5919163997282488,0.8741784931898277
val,P106,P106/seq0/000000,88,-32,-28.067582535461355,-32.00694480036543,0.5957526984147344,0.8752524766759642
val,P106,P106/seq0/000000,96,-40,-35.52608493050221,-40.00694480036543,0.598456230155038,0.8719188013533108
val,P106,P106/seq0/000045,52,2,9.573752154932677,2.291852367570172,0.5985918661469332,0.864668652271035
val,P106,P106/seq0/000045,50,4,11.884435007015298,4.291852367570172,0.5986742974080543,0.8604521868050408
val,P106,P106/seq0/000045,48,6,13.76909796158698,6.291852367570172,0.5987683263529566,0.8615498977885151
val,P106,P106/seq0/000045,46,8,15.625741665179916,8.291852367570172,0.6027365511020614,0.8615012556971444
val,P106,P106/seq0/000045,44,10,17.684363323071338,10.291852367570172,0.6005494886167119,0.863242285820826
val,P106,P106/seq0/000045,41,13,20.791411039919453,13.291852367570172,0.5989522914911163,0.8625847811948342
val,P106,P106/seq0/000045,38,16,23.533774942293306,16.291852367570172,0.6009018901308177,0.865704979060028
val,P106,P106/seq0/000045,34,20,27.88956426039512,20.291852367570172,0.6002075066270953,0.8610596517228604
val,P106,P106/seq0/000045,29,25,32.548791607948615,25.291852367570172,0.6013725240533743,0.8648296406628189
val,P106,P106/seq0/000045,22,32,39.32213066254879,32.29185236757017,0.6021348567539528,0.8681852128454071
val,P106,P106/seq0/000045,14,40,47.21353342620256,40.29185236757017,0.6031942118455323,0.8668973903283136
val,P106,P106/seq0/000045,56,-2,5.6429540650081265,-1.7081476324298137,0.5981779441401694,0.8649454748811632
val,P106,P106/seq0/000045,58,-4,3.7706657141793016,-3.7081476324298137,0.5986026899816487,0.8609715242881072
val,P106,P106/seq0/000045,60,-6,1.5984280648879121,-5.708147632429814,0.5992490093070093,0.8634328358208955
val,P106,P106/seq0/000045,62,-8,-0.45880856433444706,-7.708147632429814,0.6006437820540669,0.861558514104832
val,P106,P106/seq0/000045,64,-10,-2.345233053956946,-9.708147632429814,0.5981970981634773,0.8621908127208481
val,P106,P106/seq0/000045,67,-13,-5.35757232709048,-12.708147632429814,0.5980856808168481,0.8626358317079966
val,P106,P106/seq0/000045,70,-16,-8.700765156654882,-15.708147632429814,0.597826931642036,0.8659639958959052
val,P106,P106/seq0/000045,74,-20,-12.380568744508565,-19.708147632429814,0.5972743769585198,0.8606060606060606
val,P106,P106/seq0/000045,79,-25,-17.615711073589893,-24.708147632429814,0.5983648695036946,0.8611422172452408
val,P106,P106/seq0/000045,86,-32,-24.989754512745094,-31.708147632429814,0.5983674502303411,0.8675285741053026
val,P106,P106/seq0/000045,94,-40,-32.46510004527394,-39.708147632429814,0.6002446647463913,0.854119425547997
val,P106,P106/seq0/000090,51,2,0.9184406850634872,1.9833225336288223,0.6265383524671101,0.8886543535620053
val,P106,P106/seq0/000090,49,4,2.980616624150656,3.9833225336288223,0.6290478615358144,0.8914366346238646
val,P106,P106/seq0/000090,47,6,4.8590827698687775,5.983322533628822,0.6297269052570327,0.892085061325333
val,P106,P106/seq0/000090,45,8,6.863150674080714,7.983322533628822,0.6305898108921465,0.8952819332566168
val,P106,P106/seq0/000090,43,10,8.916942506014365,9.983322533628822,0.6288239825417425,0.8924816679918721
val,P106,P106/seq0/000090,40,13,11.866291538919043,12.983322533628822,0.624889462170311,0.8890648368083047
val,P106,P106/seq0/000090,37,16,14.809460098699745,15.983322533628822,0.6251417431176056,0.889709113278847
val,P106,P106/seq0/000090,33,20,18.989855098174118,19.983322533628822,0.6295183533905747,0.8917489421720733
val,P106,P106/seq0/000090,28,25,23.846382404088615,24.983322533628822,0.6300486647728376,0.895482728077945
val,P106,P106/seq0/000090,21,32,30.75689706831092,31.983322533628822,0.6262737804934745,0.8909794267627923
val,P106,P106/seq0/000090,13,40,38.657451986578224,39.98332253362882,0.6352162059822937,0.8980823863636364
val,P106,P106/seq0/000090,55,-2,-3.314022894399585,-2.0166774663711635,0.6241764041007086,0.8858095071040168
val,P106,P106/seq0/000090,57,-4,-5.025571069214749,-4.0166774663711635,0.624208537025569,0.8893200458594233
val,P106,P106/seq0/000090,59,-6,-7.112430441178816,-6.0166774663711635,0.6274856811686131,0.8919324909428293
val,P106,P106/seq0/000090,61,-8,-9.157294463351008,-8.016677466371164,0.6310140605120468,0.8944572339295201
val,P106,P106/seq0/000090,63,-10,-11.15643947173919,-10.016677466371164,0.6287798422608376,0.8912410690658904
val,P106,P106/seq0/000090,66,-13,-13.990364608423562,-13.016677466371164,0.6277770675085225,0.8879295154185022
val,P106,P106/seq0/000090,69,-16,-17.285047946490522,-16.016677466371164,0.622463965594522,0.8860803931893979
val,P106,P106/seq0/000090,73,-20,-20.992617043156798,-20.016677466371164,0.6238184780495029,0.88841882601798
val,P106,P106/seq0/000090,78,-25,-25.966741051739007,-25.016677466371164,0.6282696229820149,0.8938428874734607
val,P106,P106/seq0/000090,85,-32,-32.77947476917768,-32.01667746637116,0.6249275644380374,0.8883212964593976
val,P106,P106/seq0/000090,93,-40,-40.39867243881224,-40.01667746637116,0.6309784451946185,0.8945170176841731
val,P106,P106/seq0/000135,42,2,3.7444305083523375,1.813876484925757,0.6289022675191467,0.9354622099529956
val,P106,P106/seq0/000135,40,4,5.79920614070835,3.813876484925757,0.6290992980762443,0.9358113151216599
val,P106,P106/seq0/000135,38,6,7.571715052681711,5.813876484925757,0.631821311597885,0.9340389058656928
val,P106,P106/seq0/000135,36,8,9.375308948055135,7.813876484925757,0.6330793850496552,0.9374486211792841
val,P106,P106/seq0/000135,34,10,11.395695852817028,9.813876484925757,0.6338288407171438,0.9370002241984904
val,P106,P106/seq0/000135,31,13,14.428780508901696,12.813876484925757,0.6350728079178877,0.9381850719558571
val,P106,P106/seq0/000135,28,16,17.351421225005822,15.813876484925757,0.6340148678326569,0.9378817220318785
val,P106,P106/seq0/000135,24,20,21.651052730298304,19.813876484925757,0.6333409488637464,0.9368185212845407
val,P106,P106/seq0/000135,19,25,26.301811409886113,24.813876484925757,0.6346944651018667,0.9381589770432962
val,P106,P106/seq0/000135,12,32,33.007660696816274,31.813876484925757,0.6388937702990448,0.9412468231424728
val,P106,P106/seq0/000135,4,40,40.86505192807891,39.81387648492576,0.6880927674670795,0.9420605696250094
val,P106,P106/seq0/000135,46,-2,-0.6993580502278576,-2.1861235150742573,0.6334076467524499,0.9377420315758117
val,P106,P106/seq0/000135,48,-4,-2.71582859351426,-4.186123515074257,0.6339019495407048,0.9383914569486969
val,P106,P106/seq0/000135,50,-6,-4.676006899606364,-6.186123515074257,0.6317011924933454,0.9367485624673288
val,P106,P106/seq0/000135,52,-8,-6.667593525016372,-8.186123515074257,0.6330694911845094,0.9368373898760639
val,P106,P106/seq0/000135,54,-10,-8.393826582877182,-10.186123515074257,0.6303949640804598,0.9333830104321907
val,P106,P106/seq0/000135,57,-13,-11.37031727787604,-13.186123515074257,0.6292779252628188,0.9348247576435496
val,P106,P106/seq0/000135,60,-16,-14.782846667944028,-16.186123515074257,0.6296705672313039,0.9362366230677764
val,P106,P106/seq0/000135,64,-20,-18.84688572499971,-20.186123515074257,0.6318038124254152,0.935926091491581
val,P106,P106/seq0/000135,69,-25,-23.686191176354356,-25.186123515074257,0.630922807385178,0.9328874024526198
val,P106,P106/seq0/000135,76,-32,-30.417903586958886,-32.18612351507426,0.6302587640916036,0.9370774830993239
val,P106,P106/seq0/000135,84,-40,-37.717861514038304,-40.18612351507426,0.6337235659512686,0.9335820895522388
test,P108,P108/seq0/000000,31,2,8.912865680553239,1.5610719301218126,0.17493629403567795,0.7090643274853801
test,P108,P108/seq0/000000,29,4,10.398500534011546,3.5610719301218126,0.17454292132750918,0.7064821558630736
test,P108,P108/seq0/000000,27,6,12.06295194092003,5.561071930121813,0.174846391582447,0.7078350012204052
test,P108,P108/seq0/000000,25,8,14.019484152577775,7.561071930121813,0.174737786448277,0.7140423460696033
test,P108,P108/seq0/000000,23,10,15.953592759033697,9.561071930121813,0.17446259746560622,0.716796875
test,P108,P108/seq0/000000,20,13,20.117109727008682,12.561071930121813,0.17476656989213177,0.7148120854826824
test,P108,P108/seq0/000000,17,16,23.725724022918143,15.561071930121813,0.17465314659980932,0.7096617181796058
test,P108,P108/seq0/000000,13,20,26.503870839861435,19.561071930121813,0.17437419872246257,0.7064531780688986
test,P108,P108/seq0/000000,8,25,31.098110818803434,24.561071930121813,0.17514555237881965,0.7166951845514544
test,P108,P108/seq0/000000,1,32,39.48917250938504,31.561071930121813,0.1747864589382919,0.7124358661128757
test,P108,P108/seq0/000000,-7,40,45.87579235170172,39.56107193012181,0.2110079411456862,0.71533203125
test,P108,P108/seq0/000000,35,-2,5.075880670721332,-2.4389280698781874,0.1745837234019811,0.7124694376528118
test,P108,P108/seq0/000000,37,-4,2.563123291388848,-4.438928069878187,0.17432902214033097,0.7168423633243443
test,P108,P108/seq0/000000,39,-6,-0.15735026534369467,-6.438928069878187,0.17445783302187945,0.7179236043095005
test,P108,P108/seq0/000000,41,-8,-2.1657555098053933,-8.438928069878187,0.1749006206950939,0.71435546875
test,P108,P108/seq0/000000,43,-10,-4.048155138110815,-10.438928069878187,0.17536534551213356,0.7090775630046489
test,P108,P108/seq0/000000,46,-13,-6.413202518315387,-13.438928069878187,0.17537324744075486,0.7079559363525092
test,P108,P108/seq0/000000,49,-16,-8.556276224483327,-16.438928069878187,0.17460325016338418,0.7126042177538009
test,P108,P108/seq0/000000,53,-20,-13.531537091749101,-20.438928069878187,0.17459541833470665,0.718302910705476
test,P108,P108/seq0/000000,58,-25,-19.338406053125027,-25.438928069878187,0.17544074309670737,0.7134416543574594
test,P108,P108/seq0/000000,65,-32,-24.28678284392481,-32.43892806987819,0.17489326343905706,0.7201195219123506
test,P108,P108/seq0/000000,73,-40,-32.773845378309574,-40.43892806987819,0.17527041976710675,0.7264414528829057
test,P108,P108/seq0/000027,25,2,12.331753356543402,1.6724811872443581,0.17483832572897612,0.609261576971214
test,P108,P108/seq0/000027,23,4,14.596945977083863,3.672481187244358,0.17506620323839292,0.6138313982836952
test,P108,P108/seq0/000027,21,6,17.33477714189833,5.672481187244358,0.17467987596462128,0.6025868627948263
test,P108,P108/seq0/000027,19,8,19.750490743065328,7.672481187244358,0.1748095178722799,0.5910357052418334
test,P108,P108/seq0/000027,17,10,21.772234147372316,9.672481187244358,0.17541230559592103,0.5919597989949749
test,P108,P108/seq0/000027,14,13,24.150694480510182,12.672481187244358,0.17483029325338229,0.5980980980980981
test,P108,P108/seq0/000027,11,16,26.742965281034415,15.672481187244358,0.17426100170808165,0.6023069207622869
test,P108,P108/seq0/000027,7,20,30.648021063837902,19.672481187244358,0.1751505561716283,0.6137913614549129
test,P108,P108/seq0/000027,2,25,36.62849347186466,24.672481187244358,0.17481692095562731,0.5903705570960424
test,P108,P108/seq0/000027,-5,32,42.6280519295761,31.672481187244358,0.1985384652751358,0.6036692636340789
test,P108,P108/seq0/000027,-13,40,51.339403191133044,39.67248118724436,0.26736429404619844,0.5946911689637571
test,P108,P108/seq0/000027,29,-2,8.85636178931182,-2.327518812755642,0.17505701326298853,0.6015075376884422
test,P108,P108/seq0/000027,31,-4,7.400074050377057,-4.327518812755642,0.1756019909586266,0.5989465763732129
test,P108,P108/seq0/000027,33,-6,5.551381044599481,-6.327518812755642,0.17540928274054204,0.5935061666247169
test,P108,P108/seq0/000027,35,-8,3.62437505081202,-8.327518812755642,0.1747783425565083,0.5915778792491121
test,P108,P108/seq0/000027,37,-10,1.1545114043541105,-10.327518812755642,0.1746231691603109,0.604013208026416
test,P108,P108/seq0/000027,40,-13,-2.9812370017539536,-13.327518812755642,0.17511103425887195,0.6129843985908404
test,P108,P108/seq0/000027,43,-16,-5.5498398614686835,-16.327518812755642,0.17479863445022212,0.606503655155029
test,P108,P108/seq0/000027,47,-20,-8.802613879239061,-20.327518812755642,0.17571699728407675,0.5997983870967742
test,P108,P108/seq0/000027,52,-25,-13.881376664945947,-25.327518812755642,0.17453705707047076,0.5990783410138248
test,P108,P108/seq0/000027,59,-32,-21.61517421492303,-32.32751881275564,0.17535923912371243,0.6067073170731707
test,P108,P108/seq0/000027,67,-40,-27.476094627563413,-40.32751881275564,0.17505515846762892,0.5833333333333334
test,P108,P108/seq0/000054,20,2,8.9234365174282,2.468128888531325,0.18590242172219096,0.7892847279756974
test,P108,P108/seq0/000054,18,4,10.594315037206925,4.468128888531325,0.18787674411303415,0.7939310344827586
test,P108,P108/seq0/000054,16,6,12.711307452907306,6.468128888531325,0.18677761332152118,0.7921009325287987
test,P108,P108/seq0/000054,14,8,15.272633205704963,8.468128888531325,0.18450567453860298,0.7879120879120879
test,P108,P108/seq0/000054,12,10,17.77478821986277,10.468128888531325,0.184292535665801,0.7810877288876742
test,P108,P108/seq0/000054,9,13,20.650801622484295,13.468128888531325,0.18274019165001779,0.7732526141992295
test,P108,P108/seq0/000054,6,16,23.39826127744695,16.468128888531325,0.18570495645132656,0.780852241283896
test,P108,P108/seq0/000054,2,20,26.624951705469243,20.468128888531325,0.1879662491012832,0.7939310344827586
test,P108,P108/seq0/000054,-3,25,32.595114981566496,25.468128888531325,0.18455675317890222,0.7865168539325843
test,P108,P108/seq0/000054,-10,32,39.24346507650458,32.468128888531325,0.20671670560809277,0.7828016643550624
test,P108,P108/seq0/000054,-18,40,46.95920655911297,40.468128888531325,0.2760634173746619,0.7918277194919934
test,P108,P108/seq0/000054,24,-2,5.413185466112012,-1.5318711114686892,0.1840114686140062,0.7758144671452236
test,P108,P108/seq0/000054,26,-4,3.5783516701487343,-3.531871111468689,0.18388576702429651,0.7749036873968079
test,P108,P108/seq0/000054,28,-6,1.6295355323561438,-5.531871111468689,0.18399300731817875,0.7820372398685652
test,P108,P108/seq0/000054,30,-8,-0.8153566234642255,-7.531871111468689,0.18532671399105644,0.7892129884424877
test,P108,P108/seq0/000054,32,-10,-3.455033356245508,-9.53187111146869,0.18734973969542415,0.7935200439319056
test,P108,P108/seq0/000054,35,-13,-6.532029167827062,-12.53187111146869,0.18887243080393873,0.7951273532668881
test,P108,P108/seq0/000054,38,-16,-8.882500148741997,-15.53187111146869,0.18525399778680626,0.7832825906448935
test,P108,P108/seq0/000054,42,-20,-12.763734374728955,-19.53187111146869,0.18531064587115745,0.7763411279229712
test,P108,P108/seq0/000054,47,-25,-18.563408390599534,-24.53187111146869,0.18891934808579677,0.7933884297520661
test,P108,P108/seq0/000054,54,-32,-25.23427873962737,-31.53187111146869,0.1864194361206248,0.785140005544774
test,P108,P108/seq0/000054,62,-40,-33.18744146294944,-39.53187111146869,0.18775819401750227,0.7956750762406432
test,P108,P108/seq0/000081,21,2,7.26321469488623,1.8716453123554544,0.190180883193041,0.7773741567202906
test,P108,P108/seq0/000081,19,4,9.028220652162886,3.8716453123554544,0.19078336304324686,0.7785584179026802
test,P108,P108/seq0/000081,17,6,11.078031760152939,5.871645312355454,0.1910839133381929,0.7823376623376623
test,P108,P108/seq0/000081,15,8,13.691517158438515,7.871645312355454,0.1903144895118886,0.7824734249416645
test,P108,P108/seq0/000081,13,10,15.982894769984611,9.871645312355454,0.18917302161447028,0.7789855072463768
test,P108,P108/seq0/000081,10,13,18.989474172044183,12.871645312355454,0.18947643673684667,0.7817522032141005
test,P108,P108/seq0/000081,7,16,21.719392278708412,15.871645312355454,0.18993415152699147,0.7790184367696702
test,P108,P108/seq0/000081,3,20,25.045381721751895,19.871645312355454,0.19092192306247938,0.7782687808682089
test,P108,P108/seq0/000081,-2,25,30.65938229804975,24.871645312355454,0.19058652367011555,0.7823146944083225
test,P108,P108/seq0/000081,-9,32,37.567772404956884,31.871645312355454,0.20621926118186823,0.7808433107756377
test,P108,P108/seq0/000081,-17,40,45.389834051574795,39.871645312355454,0.2673098505749013,0.7858259510161543
test,P108,P108/seq0/000081,25,-2,3.7427982786930443,-2.12835468764456,0.1899379992221055,0.7826763485477178
test,P108,P108/seq0/000081,27,-4,2.1669305512724577,-4.12835468764456,0.18960025052166296,0.7810313552733869
test,P108,P108/seq0/000081,29,-6,-0.14828880065887518,-6.12835468764456,0.1895971240181763,0.7795907795907796
test,P108,P108/seq0/000081,31,-8,-2.4643069331758625,-8.12835468764456,0.19085823204851352,0.7834890965732088
test,P108,P108/seq0/000081,33,-10,-5.0980162390657995,-10.12835468764456,0.19153479435209403,0.7835587929240374
test,P108,P108/seq0/000081,36,-13,-8.155830150538236,-13.12835468764456,0.19016872005048616,0.777315296566077
test,P108,P108/seq0/000081,39,-16,-10.553132993419382,-16.12835468764456,0.18968427410092614,0.7791060291060291
test,P108,P108/seq0/000081,43,-20,-14.188059218718308,-20.12835468764456,0.18976676134932075,0.7797927461139896
test,P108,P108/seq0/000081,48,-25,-20.343966935375164,-25.12835468764456,0.1924174322649163,0.7848958333333333
test,P108,P108/seq0/000081,55,-32,-26.827465200222065,-32.12835468764456,0.18945763918118827,0.7799167533818938
test,P108,P108/seq0/000081,63,-40,-34.71632615708634,-40.12835468764456,0.1922770372465452,0.7899291896144768
test,P109,P109/seq0/000000,28,2,3.0895065050400063,2.343574000013234,0.2515838878348261,0.8823854224185533
test,P109,P109/seq0/000000,26,4,5.402498841167954,4.343574000013234,0.2584763029463756,0.8794052863436124
test,P109,P109/seq0/000000,24,6,7.557831327161807,6.343574000013234,0.2579747931544972,0.8742482230727173
test,P109,P109/seq0/000000,22,8,9.540774931379872,8.343574000013234,0.25332772397048436,0.872200983069361
test,P109,P109/seq0/000000,20,10,11.116449474943153,10.343574000013234,0.2574597563438444,0.8720043572984749
test,P109,P109/seq0/000000,17,13,14.22105092845301,13.343574000013234,0.26161236371884106,0.8638956805215974
test,P109,P109/seq0/000000,14,16,17.079733017081594,16.343574000013234,0.25416493815944735,0.8734873487348734
test,P109,P109/seq0/000000,10,20,21.385535421681695,20.343574000013234,0.255103751483099,0.8784378437843784
test,P109,P109/seq0/000000,5,25,26.72105092845301,25.343574000013234,0.2541054934388805,0.8698723173050802
test,P109,P109/seq0/000000,-2,32,33.057815761021274,32.343574000013234,0.2533310820392962,0.873898678414097
test,P109,P109/seq0/000000,-10,40,41.62513441836671,40.343574000013234,0.2954361377915974,0.8721025361330789
test,P109,P109/seq0/000000,32,-2,-1.1940694777756278,-1.6564259999867659,0.2601134712590375,0.8656309621150177
test,P109,P109/seq0/000000,34,-4,-3.0444507430113674,-3.656425999986766,0.2608618721489329,0.8663569281224378
test,P109,P109/seq0/000000,36,-6,-4.855832659822596,-5.656425999986766,0.2577562972728793,0.8721025361330789
test,P109,P109/seq0/000000,38,-8,-6.523534536434113,-7.656425999986766,0.2564051933949473,0.8731854286496851
test,P109,P109/seq0/000000,40,-10,-8.482478750357558,-9.656425999986766,0.25865338399745647,0.8731547293603061
test,P109,P109/seq0/000000,43,-13,-11.361981567340791,-12.656425999986766,0.2540723302711773,0.8756875687568757
test,P109,P109/seq0/000000,46,-16,-14.942726439176681,-15.656425999986766,0.2563550965458052,0.8712162905888827
test,P109,P109/seq0/000000,50,-20,-19.062541055653526,-19.656425999986766,0.2627483227863472,0.8654425870101398
test,P109,P109/seq0/000000,55,-25,-23.07405673410858,-24.656425999986766,0.2600906849568541,0.8687585266030013
test,P109,P109/seq0/000000,62,-32,-30.831729882367313,-31.656425999986766,0.2614182227335699,0.8699477591421502
test,P109,P109/seq0/000000,70,-40,-38.459728266117395,-39.656425999986766,0.26572137104068877,0.8727876106194691
test,P109,P109/seq0/000036,25,2,5.943161390041766,1.6943422976963518,0.23705394022398818,0.7881062355658198
test,P109,P109/seq0/000036,23,4,7.919411521657182,3.694342297696352,0.23771070428510058,0.7928344409130309
test,P109,P109/seq0/000036,21,6,9.850547363313709,5.694342297696352,0.24080182335733125,0.7969018932874354
test,P109,P109/seq0/000036,19,8,11.033028595831595,7.694342297696352,0.24886327520395288,0.8094551744018449
test,P109,P109/seq0/000036,17,10,13.030727500715756,9.694342297696352,0.2504436872758103,0.7996545768566494
test,P109,P109/seq0/000036,14,13,16.17386420677279,12.694342297696352,0.23848740254144088,0.796393251890634
test,P109,P109/seq0/000036,11,16,19.405814900436084,15.694342297696352,0.23105274318807578,0.7966249636310736
test,P109,P109/seq0/000036,7,20,23.94306125309845,19.694342297696352,0.23643364866113664,0.7926054303870596
test,P109,P109/seq0/000036,2,25,27.781051204090915,24.694342297696352,0.24932994471111733,0.8046242774566474
test,P109,P109/seq0/000036,-5,32,35.46528096530986,31.694342297696352,0.23429145959321473,0.7959302325581395
test,P109,P109/seq0/000036,-13,40,43.10874450173077,39.69434229769635,0.30335138980238274,0.8080575539568345
test,P109,P109/seq0/000036,29,-2,1.5402616065796764,-2.305657702303648,0.23625593507077092,0.7929540860525556
test,P109,P109/seq0/000036,31,-4,-0.7578200325417868,-4.305657702303648,0.24541672731354314,0.7995378393991912
test,P109,P109/seq0/000036,33,-6,-2.95690773885147,-6.305657702303648,0.2511885376296159,0.7996545768566494
test,P109,P109/seq0/000036,35,-8,-4.866135847372078,-8.305657702303648,0.2507844045615544,0.809331797235023
test,P109,P109/seq0/000036,37,-10,-6.218329311323458,-10.305657702303648,0.24186922678676423,0.799081515499426
test,P109,P109/seq0/000036,40,-13,-9.195750516635087,-13.305657702303648,0.24047446147770046,0.7928032501450958
test,P109,P109/seq0/000036,43,-16,-12.559730212345869,-16.305657702303648,0.2369245715584879,0.7981357413341101
test,P109,P109/seq0/000036,47,-20,-16.781314619421664,-20.305657702303648,0.24769064662098325,0.8009245882692864
test,P109,P109/seq0/000036,52,-25,-21.665106889332463,-25.305657702303648,0.25141269615662026,0.80841256122155
test,P109,P109/seq0/000036,59,-32,-28.506547953700846,-32.30565770230365,0.24396169959820066,0.8002329644729179
test,P109,P109/seq0/000036,67,-40,-36.61322218890538,-40.30565770230365,0.2601361495302686,0.8104196816208393
test,P109,P109/seq0/000072,23,2,2.732951902777998,1.8477488992730713,0.27331256909527,0.8667504714016342
test,P109,P109/seq0/000072,21,4,4.9447260906363795,3.8477488992730713,0.2755186598603858,0.870625
test,P109,P109/seq0/000072,19,6,6.970539319615526,5.847748899273071,0.2794291713345892,0.8690773067331671
test,P109,P109/seq0/000072,17,8,8.805485817329696,7.847748899273071,0.2849020579497026,0.872386895475819
test,P109,P109/seq0/000072,15,10,10.730494916951358,9.847748899273071,0.2843227315653571,0.8701622971285893
test,P109,P109/seq0/000072,12,13,13.237081434827616,12.847748899273071,0.2773139395917729,0.8644597126795752
test,P109,P109/seq0/000072,9,16,16.309519150731248,15.847748899273071,0.27390390279840005,0.8718434343434344
test,P109,P109/seq0/000072,5,20,20.96558356456454,19.84774889927307,0.27556951013938513,0.87
test,P109,P109/seq0/000072,0,25,25.777178480530168,24.84774889927307,0.28444382481949404,0.8717628705148206
test,P109,P109/seq0/000072,-7,32,32.30951915073125,31.84774889927307,0.27391051518802373,0.8718434343434344
test,P109,P109/seq0/000072,-15,40,40.861933673593754,39.84774889927307,0.29427506226849826,0.8712994702399501
test,P109,P109/seq0/000072,27,-2,-1.950326621593291,-2.152251100726943,0.2747347535795789,0.86691776522285
test,P109,P109/seq0/000072,29,-4,-3.65690198793871,-4.152251100726943,0.27961088201530915,0.8685607243209491
test,P109,P109/seq0/000072,31,-6,-5.257600638989857,-6.152251100726943,0.2844454275756971,0.8702432938240798
test,P109,P109/seq0/000072,33,-8,-7.194243833386366,-8.152251100726943,0.2849478052340892,0.8724664795759277
test,P109,P109/seq0/000072,35,-10,-9.022864722018795,-10.152251100726943,0.2798612778806133,0.869348300592454
test,P109,P109/seq0/000072,38,-13,-12.067792760019415,-13.152251100726943,0.27537677415997075,0.8683963738668334
test,P109,P109/seq0/000072,41,-16,-15.529668292841222,-16.152251100726943,0.2748345607484383,0.8720856962822936
test,P109,P109/seq0/000072,45,-20,-19.59046486146869,-20.152251100726943,0.2807850176991501,0.8694565896314803
test,P109,P109/seq0/000072,50,-25,-24.093474521214944,-25.152251100726943,0.282414487244604,0.8721945137157108
test,P109,P109/seq0/000072,57,-32,-31.422938743878774,-32.15225110072694,0.2761316596802231,0.8717466290373158
test,P109,P109/seq0/000072,65,-40,-38.8463434846571,-40.15225110072694,0.2890531019224386,0.8771491090965927
test,P109,P109/seq0/000108,24,2,-2.097377289586859,1.5105657530317558,0.29340732321884205,0.8140482910003136
test,P109,P109/seq0/000108,22,4,-0.07564114351995954,3.5105657530317558,0.29585446320885017,0.8190416141235813
test,P109,P109/seq0/000108,20,6,1.9332256686057576,5.510565753031756,0.2880883049314925,0.8265402843601896
test,P109,P109/seq0/000108,18,8,3.7324927165776387,7.510565753031756,0.2958754954589096,0.8232690483717989
test,P109,P109/seq0/000108,16,10,5.640345881503208,9.510565753031756,0.29845458446679923,0.8150252525252525
test,P109,P109/seq0/000108,13,13,8.368192800313977,12.510565753031756,0.2973893972569895,0.8073744437380801
test,P109,P109/seq0/000108,10,16,11.585088090969847,15.510565753031756,0.2926407743872319,0.8134092346616065
test,P109,P109/seq0/000108,6,20,15.877288598218442,19.510565753031756,0.294456840051871,0.8195583596214511
test,P109,P109/seq0/000108,1,25,20.727505919375147,24.510565753031756,0.2950831238336107,0.8195275590551181
test,P109,P109/seq0/000108,-6,32,27.585088090969847,31.510565753031756,0.2926647889705445,0.8134092346616065
test,P109,P109/seq0/000108,-14,40,35.753511587806685,39.510565753031756,0.29998672764864165,0.8236409608091024
test,P109,P109/seq0/000108,28,-2,-6.550555490917532,-2.4894342469682442,0.29588192752793757,0.8096599936447411
test,P109,P109/seq0/000108,30,-4,-8.550116880290773,-4.489434246968244,0.30137063585798995,0.8095087163232964
test,P109,P109/seq0/000108,32,-6,-10.339991946054766,-6.489434246968244,0.2999358396756298,0.8136234626300851
test,P109,P109/seq0/000108,34,-8,-12.262553988836686,-8.489434246968244,0.2962088751737206,0.8222643896268185
test,P109,P109/seq0/000108,36,-10,-13.997003516087148,-10.489434246968244,0.2900357603751261,0.8257575757575758
test,P109,P109/seq0/000108,39,-13,-17.02208768152417,-13.489434246968244,0.2982568080163535,0.8119122257053292
test,P109,P109/seq0/000108,42,-16,-20.363210114633233,-16.489434246968244,0.2951718533891743,0.8127565519419009
test,P109,P109/seq0/000108,46,-20,-24.60943785014868,-20.489434246968244,0.3005348026978044,0.8070953436807096
test,P109,P109/seq0/000108,51,-25,-29.191117772154485,-25.489434246968244,0.29537366617123983,0.820125786163522
test,P109,P109/seq0/000108,58,-32,-36.35102297351858,-32.489434246968244,0.29882018293436663,0.809478672985782
test,P109,P109/seq0/000108,66,-40,-43.51038029051159,-40.489434246968244,0.3136228774925919,0.8284250960307298
